# Generated OBJ
mtllib skull_cap.mtl
usemtl skull_cap_mat
v 0.000000 1.600000 0.000000
v 0.156827 1.592296 0.000000
v 0.156072 1.592296 0.015372
v 0.000000 1.600000 0.000000
v 0.153814 1.592296 0.030596
v 0.000000 1.600000 0.000000
v 0.150074 1.592296 0.045525
v 0.000000 1.600000 0.000000
v 0.144890 1.592296 0.060015
v 0.000000 1.600000 0.000000
v 0.138309 1.592296 0.073928
v 0.000000 1.600000 0.000000
v 0.130397 1.592296 0.087129
v 0.000000 1.600000 0.000000
v 0.121229 1.592296 0.099490
v 0.000000 1.600000 0.000000
v 0.110894 1.592296 0.110894
v 0.000000 1.600000 0.000000
v 0.099490 1.592296 0.121229
v 0.000000 1.600000 0.000000
v 0.087129 1.592296 0.130397
v 0.000000 1.600000 0.000000
v 0.073928 1.592296 0.138309
v 0.000000 1.600000 0.000000
v 0.060015 1.592296 0.144890
v 0.000000 1.600000 0.000000
v 0.045525 1.592296 0.150074
v 0.000000 1.600000 0.000000
v 0.030596 1.592296 0.153814
v 0.000000 1.600000 0.000000
v 0.015372 1.592296 0.156072
v 0.000000 1.600000 0.000000
v 0.000000 1.592296 0.156827
v 0.000000 1.600000 0.000000
v -0.015372 1.592296 0.156072
v -0.000000 1.600000 0.000000
v -0.030596 1.592296 0.153814
v -0.000000 1.600000 0.000000
v -0.045525 1.592296 0.150074
v -0.000000 1.600000 0.000000
v -0.060015 1.592296 0.144890
v -0.000000 1.600000 0.000000
v -0.073928 1.592296 0.138309
v -0.000000 1.600000 0.000000
v -0.087129 1.592296 0.130397
v -0.000000 1.600000 0.000000
v -0.099490 1.592296 0.121229
v -0.000000 1.600000 0.000000
v -0.110894 1.592296 0.110894
v -0.000000 1.600000 0.000000
v -0.121229 1.592296 0.099490
v -0.000000 1.600000 0.000000
v -0.130397 1.592296 0.087129
v -0.000000 1.600000 0.000000
v -0.138309 1.592296 0.073928
v -0.000000 1.600000 0.000000
v -0.144890 1.592296 0.060015
v -0.000000 1.600000 0.000000
v -0.150074 1.592296 0.045525
v -0.000000 1.600000 0.000000
v -0.153814 1.592296 0.030596
v -0.000000 1.600000 0.000000
v -0.156072 1.592296 0.015372
v -0.000000 1.600000 0.000000
v -0.156827 1.592296 0.000000
v -0.000000 1.600000 0.000000
v -0.156072 1.592296 -0.015372
v -0.000000 1.600000 -0.000000
v -0.153814 1.592296 -0.030596
v -0.000000 1.600000 -0.000000
v -0.150074 1.592296 -0.045525
v -0.000000 1.600000 -0.000000
v -0.144890 1.592296 -0.060015
v -0.000000 1.600000 -0.000000
v -0.138309 1.592296 -0.073928
v -0.000000 1.600000 -0.000000
v -0.130397 1.592296 -0.087129
v -0.000000 1.600000 -0.000000
v -0.121229 1.592296 -0.099490
v -0.000000 1.600000 -0.000000
v -0.110894 1.592296 -0.110894
v -0.000000 1.600000 -0.000000
v -0.099490 1.592296 -0.121229
v -0.000000 1.600000 -0.000000
v -0.087129 1.592296 -0.130397
v -0.000000 1.600000 -0.000000
v -0.073928 1.592296 -0.138309
v -0.000000 1.600000 -0.000000
v -0.060015 1.592296 -0.144890
v -0.000000 1.600000 -0.000000
v -0.045525 1.592296 -0.150074
v -0.000000 1.600000 -0.000000
v -0.030596 1.592296 -0.153814
v -0.000000 1.600000 -0.000000
v -0.015372 1.592296 -0.156072
v -0.000000 1.600000 -0.000000
v -0.000000 1.592296 -0.156827
v -0.000000 1.600000 -0.000000
v 0.015372 1.592296 -0.156072
v 0.000000 1.600000 -0.000000
v 0.030596 1.592296 -0.153814
v 0.000000 1.600000 -0.000000
v 0.045525 1.592296 -0.150074
v 0.000000 1.600000 -0.000000
v 0.060015 1.592296 -0.144890
v 0.000000 1.600000 -0.000000
v 0.073928 1.592296 -0.138309
v 0.000000 1.600000 -0.000000
v 0.087129 1.592296 -0.130397
v 0.000000 1.600000 -0.000000
v 0.099490 1.592296 -0.121229
v 0.000000 1.600000 -0.000000
v 0.110894 1.592296 -0.110894
v 0.000000 1.600000 -0.000000
v 0.121229 1.592296 -0.099490
v 0.000000 1.600000 -0.000000
v 0.130397 1.592296 -0.087129
v 0.000000 1.600000 -0.000000
v 0.138309 1.592296 -0.073928
v 0.000000 1.600000 -0.000000
v 0.144890 1.592296 -0.060015
v 0.000000 1.600000 -0.000000
v 0.150074 1.592296 -0.045525
v 0.000000 1.600000 -0.000000
v 0.153814 1.592296 -0.030596
v 0.000000 1.600000 -0.000000
v 0.156072 1.592296 -0.015372
v 0.000000 1.600000 -0.000000
v 0.156827 1.592296 -0.000000
v 0.000000 1.600000 -0.000000
v 0.312145 1.569256 0.000000
v 0.310641 1.569256 0.030596
v 0.306147 1.569256 0.060896
v 0.298704 1.569256 0.090611
v 0.288384 1.569256 0.119453
v 0.275287 1.569256 0.147144
v 0.259539 1.569256 0.173418
v 0.241291 1.569256 0.198022
v 0.220720 1.569256 0.220720
v 0.198022 1.569256 0.241291
v 0.173418 1.569256 0.259539
v 0.147144 1.569256 0.275287
v 0.119453 1.569256 0.288384
v 0.090611 1.569256 0.298704
v 0.060896 1.569256 0.306147
v 0.030596 1.569256 0.310641
v 0.000000 1.569256 0.312145
v -0.030596 1.569256 0.310641
v -0.060896 1.569256 0.306147
v -0.090611 1.569256 0.298704
v -0.119453 1.569256 0.288384
v -0.147144 1.569256 0.275287
v -0.173418 1.569256 0.259539
v -0.198022 1.569256 0.241291
v -0.220720 1.569256 0.220720
v -0.241291 1.569256 0.198022
v -0.259539 1.569256 0.173418
v -0.275287 1.569256 0.147144
v -0.288384 1.569256 0.119453
v -0.298704 1.569256 0.090611
v -0.306147 1.569256 0.060896
v -0.310641 1.569256 0.030596
v -0.312145 1.569256 0.000000
v -0.310641 1.569256 -0.030596
v -0.306147 1.569256 -0.060896
v -0.298704 1.569256 -0.090611
v -0.288384 1.569256 -0.119453
v -0.275287 1.569256 -0.147144
v -0.259539 1.569256 -0.173418
v -0.241291 1.569256 -0.198022
v -0.220720 1.569256 -0.220720
v -0.198022 1.569256 -0.241291
v -0.173418 1.569256 -0.259539
v -0.147144 1.569256 -0.275287
v -0.119453 1.569256 -0.288384
v -0.090611 1.569256 -0.298704
v -0.060896 1.569256 -0.306147
v -0.030596 1.569256 -0.310641
v -0.000000 1.569256 -0.312145
v 0.030596 1.569256 -0.310641
v 0.060896 1.569256 -0.306147
v 0.090611 1.569256 -0.298704
v 0.119453 1.569256 -0.288384
v 0.147144 1.569256 -0.275287
v 0.173418 1.569256 -0.259539
v 0.198022 1.569256 -0.241291
v 0.220720 1.569256 -0.220720
v 0.241291 1.569256 -0.198022
v 0.259539 1.569256 -0.173418
v 0.275287 1.569256 -0.147144
v 0.288384 1.569256 -0.119453
v 0.298704 1.569256 -0.090611
v 0.306147 1.569256 -0.060896
v 0.310641 1.569256 -0.030596
v 0.312145 1.569256 -0.000000
v 0.464455 1.531105 0.000000
v 0.462219 1.531105 0.045525
v 0.455531 1.531105 0.090611
v 0.444456 1.531105 0.134824
v 0.429101 1.531105 0.177739
v 0.409613 1.531105 0.218943
v 0.386181 1.531105 0.258038
v 0.359029 1.531105 0.294647
v 0.328420 1.531105 0.328420
v 0.294647 1.531105 0.359029
v 0.258038 1.531105 0.386181
v 0.218943 1.531105 0.409613
v 0.177739 1.531105 0.429101
v 0.134824 1.531105 0.444456
v 0.090611 1.531105 0.455531
v 0.045525 1.531105 0.462219
v 0.000000 1.531105 0.464455
v -0.045525 1.531105 0.462219
v -0.090611 1.531105 0.455531
v -0.134824 1.531105 0.444456
v -0.177739 1.531105 0.429101
v -0.218943 1.531105 0.409613
v -0.258038 1.531105 0.386181
v -0.294647 1.531105 0.359029
v -0.328420 1.531105 0.328420
v -0.359029 1.531105 0.294647
v -0.386181 1.531105 0.258038
v -0.409613 1.531105 0.218943
v -0.429101 1.531105 0.177739
v -0.444456 1.531105 0.134824
v -0.455531 1.531105 0.090611
v -0.462219 1.531105 0.045525
v -0.464455 1.531105 0.000000
v -0.462219 1.531105 -0.045525
v -0.455531 1.531105 -0.090611
v -0.444456 1.531105 -0.134824
v -0.429101 1.531105 -0.177739
v -0.409613 1.531105 -0.218943
v -0.386181 1.531105 -0.258038
v -0.359029 1.531105 -0.294647
v -0.328420 1.531105 -0.328420
v -0.294647 1.531105 -0.359029
v -0.258038 1.531105 -0.386181
v -0.218943 1.531105 -0.409613
v -0.177739 1.531105 -0.429101
v -0.134824 1.531105 -0.444456
v -0.090611 1.531105 -0.455531
v -0.045525 1.531105 -0.462219
v -0.000000 1.531105 -0.464455
v 0.045525 1.531105 -0.462219
v 0.090611 1.531105 -0.455531
v 0.134824 1.531105 -0.444456
v 0.177739 1.531105 -0.429101
v 0.218943 1.531105 -0.409613
v 0.258038 1.531105 -0.386181
v 0.294647 1.531105 -0.359029
v 0.328420 1.531105 -0.328420
v 0.359029 1.531105 -0.294647
v 0.386181 1.531105 -0.258038
v 0.409613 1.531105 -0.218943
v 0.429101 1.531105 -0.177739
v 0.444456 1.531105 -0.134824
v 0.455531 1.531105 -0.090611
v 0.462219 1.531105 -0.045525
v 0.464455 1.531105 -0.000000
v 0.612293 1.478207 0.000000
v 0.609345 1.478207 0.060015
v 0.600528 1.478207 0.119453
v 0.585928 1.478207 0.177739
v 0.565685 1.478207 0.234315
v 0.539995 1.478207 0.288633
v 0.509103 1.478207 0.340172
v 0.473309 1.478207 0.388435
v 0.432957 1.478207 0.432957
v 0.388435 1.478207 0.473309
v 0.340172 1.478207 0.509103
v 0.288633 1.478207 0.539995
v 0.234315 1.478207 0.565685
v 0.177739 1.478207 0.585928
v 0.119453 1.478207 0.600528
v 0.060015 1.478207 0.609345
v 0.000000 1.478207 0.612293
v -0.060015 1.478207 0.609345
v -0.119453 1.478207 0.600528
v -0.177739 1.478207 0.585928
v -0.234315 1.478207 0.565685
v -0.288633 1.478207 0.539995
v -0.340172 1.478207 0.509103
v -0.388435 1.478207 0.473309
v -0.432957 1.478207 0.432957
v -0.473309 1.478207 0.388435
v -0.509103 1.478207 0.340172
v -0.539995 1.478207 0.288633
v -0.565685 1.478207 0.234315
v -0.585928 1.478207 0.177739
v -0.600528 1.478207 0.119453
v -0.609345 1.478207 0.060015
v -0.612293 1.478207 0.000000
v -0.609345 1.478207 -0.060015
v -0.600528 1.478207 -0.119453
v -0.585928 1.478207 -0.177739
v -0.565685 1.478207 -0.234315
v -0.539995 1.478207 -0.288633
v -0.509103 1.478207 -0.340172
v -0.473309 1.478207 -0.388435
v -0.432957 1.478207 -0.432957
v -0.388435 1.478207 -0.473309
v -0.340172 1.478207 -0.509103
v -0.288633 1.478207 -0.539995
v -0.234315 1.478207 -0.565685
v -0.177739 1.478207 -0.585928
v -0.119453 1.478207 -0.600528
v -0.060015 1.478207 -0.609345
v -0.000000 1.478207 -0.612293
v 0.060015 1.478207 -0.609345
v 0.119453 1.478207 -0.600528
v 0.177739 1.478207 -0.585928
v 0.234315 1.478207 -0.565685
v 0.288633 1.478207 -0.539995
v 0.340172 1.478207 -0.509103
v 0.388435 1.478207 -0.473309
v 0.432957 1.478207 -0.432957
v 0.473309 1.478207 -0.388435
v 0.509103 1.478207 -0.340172
v 0.539995 1.478207 -0.288633
v 0.565685 1.478207 -0.234315
v 0.585928 1.478207 -0.177739
v 0.600528 1.478207 -0.119453
v 0.609345 1.478207 -0.060015
v 0.612293 1.478207 -0.000000
v 0.754235 1.411074 0.000000
v 0.750603 1.411074 0.073928
v 0.739742 1.411074 0.147144
v 0.721758 1.411074 0.218943
v 0.696822 1.411074 0.288633
v 0.665176 1.411074 0.355544
v 0.627123 1.411074 0.419030
v 0.583031 1.411074 0.478481
v 0.533325 1.411074 0.533325
v 0.478481 1.411074 0.583031
v 0.419030 1.411074 0.627123
v 0.355544 1.411074 0.665176
v 0.288633 1.411074 0.696822
v 0.218943 1.411074 0.721758
v 0.147144 1.411074 0.739742
v 0.073928 1.411074 0.750603
v 0.000000 1.411074 0.754235
v -0.073928 1.411074 0.750603
v -0.147144 1.411074 0.739742
v -0.218943 1.411074 0.721758
v -0.288633 1.411074 0.696822
v -0.355544 1.411074 0.665176
v -0.419030 1.411074 0.627123
v -0.478481 1.411074 0.583031
v -0.533325 1.411074 0.533325
v -0.583031 1.411074 0.478481
v -0.627123 1.411074 0.419030
v -0.665176 1.411074 0.355544
v -0.696822 1.411074 0.288633
v -0.721758 1.411074 0.218943
v -0.739742 1.411074 0.147144
v -0.750603 1.411074 0.073928
v -0.754235 1.411074 0.000000
v -0.750603 1.411074 -0.073928
v -0.739742 1.411074 -0.147144
v -0.721758 1.411074 -0.218943
v -0.696822 1.411074 -0.288633
v -0.665176 1.411074 -0.355544
v -0.627123 1.411074 -0.419030
v -0.583031 1.411074 -0.478481
v -0.533325 1.411074 -0.533325
v -0.478481 1.411074 -0.583031
v -0.419030 1.411074 -0.627123
v -0.355544 1.411074 -0.665176
v -0.288633 1.411074 -0.696822
v -0.218943 1.411074 -0.721758
v -0.147144 1.411074 -0.739742
v -0.073928 1.411074 -0.750603
v -0.000000 1.411074 -0.754235
v 0.073928 1.411074 -0.750603
v 0.147144 1.411074 -0.739742
v 0.218943 1.411074 -0.721758
v 0.288633 1.411074 -0.696822
v 0.355544 1.411074 -0.665176
v 0.419030 1.411074 -0.627123
v 0.478481 1.411074 -0.583031
v 0.533325 1.411074 -0.533325
v 0.583031 1.411074 -0.478481
v 0.627123 1.411074 -0.419030
v 0.665176 1.411074 -0.355544
v 0.696822 1.411074 -0.288633
v 0.721758 1.411074 -0.218943
v 0.739742 1.411074 -0.147144
v 0.750603 1.411074 -0.073928
v 0.754235 1.411074 -0.000000
v 0.888912 1.330351 0.000000
v 0.884632 1.330351 0.087129
v 0.871832 1.330351 0.173418
v 0.850636 1.330351 0.258038
v 0.821248 1.330351 0.340172
v 0.783951 1.330351 0.419030
v 0.739104 1.330351 0.493853
v 0.687139 1.330351 0.563920
v 0.628556 1.330351 0.628556
v 0.563920 1.330351 0.687139
v 0.493853 1.330351 0.739104
v 0.419030 1.330351 0.783951
v 0.340172 1.330351 0.821248
v 0.258038 1.330351 0.850636
v 0.173418 1.330351 0.871832
v 0.087129 1.330351 0.884632
v 0.000000 1.330351 0.888912
v -0.087129 1.330351 0.884632
v -0.173418 1.330351 0.871832
v -0.258038 1.330351 0.850636
v -0.340172 1.330351 0.821248
v -0.419030 1.330351 0.783951
v -0.493853 1.330351 0.739104
v -0.563920 1.330351 0.687139
v -0.628556 1.330351 0.628556
v -0.687139 1.330351 0.563920
v -0.739104 1.330351 0.493853
v -0.783951 1.330351 0.419030
v -0.821248 1.330351 0.340172
v -0.850636 1.330351 0.258038
v -0.871832 1.330351 0.173418
v -0.884632 1.330351 0.087129
v -0.888912 1.330351 0.000000
v -0.884632 1.330351 -0.087129
v -0.871832 1.330351 -0.173418
v -0.850636 1.330351 -0.258038
v -0.821248 1.330351 -0.340172
v -0.783951 1.330351 -0.419030
v -0.739104 1.330351 -0.493853
v -0.687139 1.330351 -0.563920
v -0.628556 1.330351 -0.628556
v -0.563920 1.330351 -0.687139
v -0.493853 1.330351 -0.739104
v -0.419030 1.330351 -0.783951
v -0.340172 1.330351 -0.821248
v -0.258038 1.330351 -0.850636
v -0.173418 1.330351 -0.871832
v -0.087129 1.330351 -0.884632
v -0.000000 1.330351 -0.888912
v 0.087129 1.330351 -0.884632
v 0.173418 1.330351 -0.871832
v 0.258038 1.330351 -0.850636
v 0.340172 1.330351 -0.821248
v 0.419030 1.330351 -0.783951
v 0.493853 1.330351 -0.739104
v 0.563920 1.330351 -0.687139
v 0.628556 1.330351 -0.628556
v 0.687139 1.330351 -0.563920
v 0.739104 1.330351 -0.493853
v 0.783951 1.330351 -0.419030
v 0.821248 1.330351 -0.340172
v 0.850636 1.330351 -0.258038
v 0.871832 1.330351 -0.173418
v 0.884632 1.330351 -0.087129
v 0.888912 1.330351 -0.000000
v 1.015029 1.236817 0.000000
v 1.010142 1.236817 0.099490
v 0.995526 1.236817 0.198022
v 0.971322 1.236817 0.294647
v 0.937765 1.236817 0.388435
v 0.895176 1.236817 0.478481
v 0.843966 1.236817 0.563920
v 0.784628 1.236817 0.643928
v 0.717734 1.236817 0.717734
v 0.643928 1.236817 0.784628
v 0.563920 1.236817 0.843966
v 0.478481 1.236817 0.895176
v 0.388435 1.236817 0.937765
v 0.294647 1.236817 0.971322
v 0.198022 1.236817 0.995526
v 0.099490 1.236817 1.010142
v 0.000000 1.236817 1.015029
v -0.099490 1.236817 1.010142
v -0.198022 1.236817 0.995526
v -0.294647 1.236817 0.971322
v -0.388435 1.236817 0.937765
v -0.478481 1.236817 0.895176
v -0.563920 1.236817 0.843966
v -0.643928 1.236817 0.784628
v -0.717734 1.236817 0.717734
v -0.784628 1.236817 0.643928
v -0.843966 1.236817 0.563920
v -0.895176 1.236817 0.478481
v -0.937765 1.236817 0.388435
v -0.971322 1.236817 0.294647
v -0.995526 1.236817 0.198022
v -1.010142 1.236817 0.099490
v -1.015029 1.236817 0.000000
v -1.010142 1.236817 -0.099490
v -0.995526 1.236817 -0.198022
v -0.971322 1.236817 -0.294647
v -0.937765 1.236817 -0.388435
v -0.895176 1.236817 -0.478481
v -0.843966 1.236817 -0.563920
v -0.784628 1.236817 -0.643928
v -0.717734 1.236817 -0.717734
v -0.643928 1.236817 -0.784628
v -0.563920 1.236817 -0.843966
v -0.478481 1.236817 -0.895176
v -0.388435 1.236817 -0.937765
v -0.294647 1.236817 -0.971322
v -0.198022 1.236817 -0.995526
v -0.099490 1.236817 -1.010142
v -0.000000 1.236817 -1.015029
v 0.099490 1.236817 -1.010142
v 0.198022 1.236817 -0.995526
v 0.294647 1.236817 -0.971322
v 0.388435 1.236817 -0.937765
v 0.478481 1.236817 -0.895176
v 0.563920 1.236817 -0.843966
v 0.643928 1.236817 -0.784628
v 0.717734 1.236817 -0.717734
v 0.784628 1.236817 -0.643928
v 0.843966 1.236817 -0.563920
v 0.895176 1.236817 -0.478481
v 0.937765 1.236817 -0.388435
v 0.971322 1.236817 -0.294647
v 0.995526 1.236817 -0.198022
v 1.010142 1.236817 -0.099490
v 1.015029 1.236817 -0.000000
v 1.131371 1.131371 0.000000
v 1.125923 1.131371 0.110894
v 1.109632 1.131371 0.220720
v 1.082654 1.131371 0.328420
v 1.045250 1.131371 0.432957
v 0.997780 1.131371 0.533325
v 0.940700 1.131371 0.628556
v 0.874561 1.131371 0.717734
v 0.800000 1.131371 0.800000
v 0.717734 1.131371 0.874561
v 0.628556 1.131371 0.940700
v 0.533325 1.131371 0.997780
v 0.432957 1.131371 1.045250
v 0.328420 1.131371 1.082654
v 0.220720 1.131371 1.109632
v 0.110894 1.131371 1.125923
v 0.000000 1.131371 1.131371
v -0.110894 1.131371 1.125923
v -0.220720 1.131371 1.109632
v -0.328420 1.131371 1.082654
v -0.432957 1.131371 1.045250
v -0.533325 1.131371 0.997780
v -0.628556 1.131371 0.940700
v -0.717734 1.131371 0.874561
v -0.800000 1.131371 0.800000
v -0.874561 1.131371 0.717734
v -0.940700 1.131371 0.628556
v -0.997780 1.131371 0.533325
v -1.045250 1.131371 0.432957
v -1.082654 1.131371 0.328420
v -1.109632 1.131371 0.220720
v -1.125923 1.131371 0.110894
v -1.131371 1.131371 0.000000
v -1.125923 1.131371 -0.110894
v -1.109632 1.131371 -0.220720
v -1.082654 1.131371 -0.328420
v -1.045250 1.131371 -0.432957
v -0.997780 1.131371 -0.533325
v -0.940700 1.131371 -0.628556
v -0.874561 1.131371 -0.717734
v -0.800000 1.131371 -0.800000
v -0.717734 1.131371 -0.874561
v -0.628556 1.131371 -0.940700
v -0.533325 1.131371 -0.997780
v -0.432957 1.131371 -1.045250
v -0.328420 1.131371 -1.082654
v -0.220720 1.131371 -1.109632
v -0.110894 1.131371 -1.125923
v -0.000000 1.131371 -1.131371
v 0.110894 1.131371 -1.125923
v 0.220720 1.131371 -1.109632
v 0.328420 1.131371 -1.082654
v 0.432957 1.131371 -1.045250
v 0.533325 1.131371 -0.997780
v 0.628556 1.131371 -0.940700
v 0.717734 1.131371 -0.874561
v 0.800000 1.131371 -0.800000
v 0.874561 1.131371 -0.717734
v 0.940700 1.131371 -0.628556
v 0.997780 1.131371 -0.533325
v 1.045250 1.131371 -0.432957
v 1.082654 1.131371 -0.328420
v 1.109632 1.131371 -0.220720
v 1.125923 1.131371 -0.110894
v 1.131371 1.131371 -0.000000
v 1.236817 1.015029 0.000000
v 1.230861 1.015029 0.121229
v 1.213052 1.015029 0.241291
v 1.183560 1.015029 0.359029
v 1.142670 1.015029 0.473309
v 1.090775 1.015029 0.583031
v 1.028376 1.015029 0.687139
v 0.956072 1.015029 0.784628
v 0.874561 1.015029 0.874561
v 0.784628 1.015029 0.956072
v 0.687139 1.015029 1.028376
v 0.583031 1.015029 1.090775
v 0.473309 1.015029 1.142670
v 0.359029 1.015029 1.183560
v 0.241291 1.015029 1.213052
v 0.121229 1.015029 1.230861
v 0.000000 1.015029 1.236817
v -0.121229 1.015029 1.230861
v -0.241291 1.015029 1.213052
v -0.359029 1.015029 1.183560
v -0.473309 1.015029 1.142670
v -0.583031 1.015029 1.090775
v -0.687139 1.015029 1.028376
v -0.784628 1.015029 0.956072
v -0.874561 1.015029 0.874561
v -0.956072 1.015029 0.784628
v -1.028376 1.015029 0.687139
v -1.090775 1.015029 0.583031
v -1.142670 1.015029 0.473309
v -1.183560 1.015029 0.359029
v -1.213052 1.015029 0.241291
v -1.230861 1.015029 0.121229
v -1.236817 1.015029 0.000000
v -1.230861 1.015029 -0.121229
v -1.213052 1.015029 -0.241291
v -1.183560 1.015029 -0.359029
v -1.142670 1.015029 -0.473309
v -1.090775 1.015029 -0.583031
v -1.028376 1.015029 -0.687139
v -0.956072 1.015029 -0.784628
v -0.874561 1.015029 -0.874561
v -0.784628 1.015029 -0.956072
v -0.687139 1.015029 -1.028376
v -0.583031 1.015029 -1.090775
v -0.473309 1.015029 -1.142670
v -0.359029 1.015029 -1.183560
v -0.241291 1.015029 -1.213052
v -0.121229 1.015029 -1.230861
v -0.000000 1.015029 -1.236817
v 0.121229 1.015029 -1.230861
v 0.241291 1.015029 -1.213052
v 0.359029 1.015029 -1.183560
v 0.473309 1.015029 -1.142670
v 0.583031 1.015029 -1.090775
v 0.687139 1.015029 -1.028376
v 0.784628 1.015029 -0.956072
v 0.874561 1.015029 -0.874561
v 0.956072 1.015029 -0.784628
v 1.028376 1.015029 -0.687139
v 1.090775 1.015029 -0.583031
v 1.142670 1.015029 -0.473309
v 1.183560 1.015029 -0.359029
v 1.213052 1.015029 -0.241291
v 1.230861 1.015029 -0.121229
v 1.236817 1.015029 -0.000000
v 1.330351 0.888912 0.000000
v 1.323945 0.888912 0.130397
v 1.304789 0.888912 0.259539
v 1.273067 0.888912 0.386181
v 1.229084 0.888912 0.509103
v 1.173265 0.888912 0.627123
v 1.106147 0.888912 0.739104
v 1.028376 0.888912 0.843966
v 0.940700 0.888912 0.940700
v 0.843966 0.888912 1.028376
v 0.739104 0.888912 1.106147
v 0.627123 0.888912 1.173265
v 0.509103 0.888912 1.229084
v 0.386181 0.888912 1.273067
v 0.259539 0.888912 1.304789
v 0.130397 0.888912 1.323945
v 0.000000 0.888912 1.330351
v -0.130397 0.888912 1.323945
v -0.259539 0.888912 1.304789
v -0.386181 0.888912 1.273067
v -0.509103 0.888912 1.229084
v -0.627123 0.888912 1.173265
v -0.739104 0.888912 1.106147
v -0.843966 0.888912 1.028376
v -0.940700 0.888912 0.940700
v -1.028376 0.888912 0.843966
v -1.106147 0.888912 0.739104
v -1.173265 0.888912 0.627123
v -1.229084 0.888912 0.509103
v -1.273067 0.888912 0.386181
v -1.304789 0.888912 0.259539
v -1.323945 0.888912 0.130397
v -1.330351 0.888912 0.000000
v -1.323945 0.888912 -0.130397
v -1.304789 0.888912 -0.259539
v -1.273067 0.888912 -0.386181
v -1.229084 0.888912 -0.509103
v -1.173265 0.888912 -0.627123
v -1.106147 0.888912 -0.739104
v -1.028376 0.888912 -0.843966
v -0.940700 0.888912 -0.940700
v -0.843966 0.888912 -1.028376
v -0.739104 0.888912 -1.106147
v -0.627123 0.888912 -1.173265
v -0.509103 0.888912 -1.229084
v -0.386181 0.888912 -1.273067
v -0.259539 0.888912 -1.304789
v -0.130397 0.888912 -1.323945
v -0.000000 0.888912 -1.330351
v 0.130397 0.888912 -1.323945
v 0.259539 0.888912 -1.304789
v 0.386181 0.888912 -1.273067
v 0.509103 0.888912 -1.229084
v 0.627123 0.888912 -1.173265
v 0.739104 0.888912 -1.106147
v 0.843966 0.888912 -1.028376
v 0.940700 0.888912 -0.940700
v 1.028376 0.888912 -0.843966
v 1.106147 0.888912 -0.739104
v 1.173265 0.888912 -0.627123
v 1.229084 0.888912 -0.509103
v 1.273067 0.888912 -0.386181
v 1.304789 0.888912 -0.259539
v 1.323945 0.888912 -0.130397
v 1.330351 0.888912 -0.000000
v 1.411074 0.754235 0.000000
v 1.404279 0.754235 0.138309
v 1.383961 0.754235 0.275287
v 1.350314 0.754235 0.409613
v 1.303662 0.754235 0.539995
v 1.244456 0.754235 0.665176
v 1.173265 0.754235 0.783951
v 1.090775 0.754235 0.895176
v 0.997780 0.754235 0.997780
v 0.895176 0.754235 1.090775
v 0.783951 0.754235 1.173265
v 0.665176 0.754235 1.244456
v 0.539995 0.754235 1.303662
v 0.409613 0.754235 1.350314
v 0.275287 0.754235 1.383961
v 0.138309 0.754235 1.404279
v 0.000000 0.754235 1.411074
v -0.138309 0.754235 1.404279
v -0.275287 0.754235 1.383961
v -0.409613 0.754235 1.350314
v -0.539995 0.754235 1.303662
v -0.665176 0.754235 1.244456
v -0.783951 0.754235 1.173265
v -0.895176 0.754235 1.090775
v -0.997780 0.754235 0.997780
v -1.090775 0.754235 0.895176
v -1.173265 0.754235 0.783951
v -1.244456 0.754235 0.665176
v -1.303662 0.754235 0.539995
v -1.350314 0.754235 0.409613
v -1.383961 0.754235 0.275287
v -1.404279 0.754235 0.138309
v -1.411074 0.754235 0.000000
v -1.404279 0.754235 -0.138309
v -1.383961 0.754235 -0.275287
v -1.350314 0.754235 -0.409613
v -1.303662 0.754235 -0.539995
v -1.244456 0.754235 -0.665176
v -1.173265 0.754235 -0.783951
v -1.090775 0.754235 -0.895176
v -0.997780 0.754235 -0.997780
v -0.895176 0.754235 -1.090775
v -0.783951 0.754235 -1.173265
v -0.665176 0.754235 -1.244456
v -0.539995 0.754235 -1.303662
v -0.409613 0.754235 -1.350314
v -0.275287 0.754235 -1.383961
v -0.138309 0.754235 -1.404279
v -0.000000 0.754235 -1.411074
v 0.138309 0.754235 -1.404279
v 0.275287 0.754235 -1.383961
v 0.409613 0.754235 -1.350314
v 0.539995 0.754235 -1.303662
v 0.665176 0.754235 -1.244456
v 0.783951 0.754235 -1.173265
v 0.895176 0.754235 -1.090775
v 0.997780 0.754235 -0.997780
v 1.090775 0.754235 -0.895176
v 1.173265 0.754235 -0.783951
v 1.244456 0.754235 -0.665176
v 1.303662 0.754235 -0.539995
v 1.350314 0.754235 -0.409613
v 1.383961 0.754235 -0.275287
v 1.404279 0.754235 -0.138309
v 1.411074 0.754235 -0.000000
v 1.478207 0.612293 0.000000
v 1.471089 0.612293 0.144890
v 1.449804 0.612293 0.288384
v 1.414556 0.612293 0.429101
v 1.365685 0.612293 0.565685
v 1.303662 0.612293 0.696822
v 1.229084 0.612293 0.821248
v 1.142670 0.612293 0.937765
v 1.045250 0.612293 1.045250
v 0.937765 0.612293 1.142670
v 0.821248 0.612293 1.229084
v 0.696822 0.612293 1.303662
v 0.565685 0.612293 1.365685
v 0.429101 0.612293 1.414556
v 0.288384 0.612293 1.449804
v 0.144890 0.612293 1.471089
v 0.000000 0.612293 1.478207
v -0.144890 0.612293 1.471089
v -0.288384 0.612293 1.449804
v -0.429101 0.612293 1.414556
v -0.565685 0.612293 1.365685
v -0.696822 0.612293 1.303662
v -0.821248 0.612293 1.229084
v -0.937765 0.612293 1.142670
v -1.045250 0.612293 1.045250
v -1.142670 0.612293 0.937765
v -1.229084 0.612293 0.821248
v -1.303662 0.612293 0.696822
v -1.365685 0.612293 0.565685
v -1.414556 0.612293 0.429101
v -1.449804 0.612293 0.288384
v -1.471089 0.612293 0.144890
v -1.478207 0.612293 0.000000
v -1.471089 0.612293 -0.144890
v -1.449804 0.612293 -0.288384
v -1.414556 0.612293 -0.429101
v -1.365685 0.612293 -0.565685
v -1.303662 0.612293 -0.696822
v -1.229084 0.612293 -0.821248
v -1.142670 0.612293 -0.937765
v -1.045250 0.612293 -1.045250
v -0.937765 0.612293 -1.142670
v -0.821248 0.612293 -1.229084
v -0.696822 0.612293 -1.303662
v -0.565685 0.612293 -1.365685
v -0.429101 0.612293 -1.414556
v -0.288384 0.612293 -1.449804
v -0.144890 0.612293 -1.471089
v -0.000000 0.612293 -1.478207
v 0.144890 0.612293 -1.471089
v 0.288384 0.612293 -1.449804
v 0.429101 0.612293 -1.414556
v 0.565685 0.612293 -1.365685
v 0.696822 0.612293 -1.303662
v 0.821248 0.612293 -1.229084
v 0.937765 0.612293 -1.142670
v 1.045250 0.612293 -1.045250
v 1.142670 0.612293 -0.937765
v 1.229084 0.612293 -0.821248
v 1.303662 0.612293 -0.696822
v 1.365685 0.612293 -0.565685
v 1.414556 0.612293 -0.429101
v 1.449804 0.612293 -0.288384
v 1.471089 0.612293 -0.144890
v 1.478207 0.612293 -0.000000
v 1.531105 0.464455 0.000000
v 1.523732 0.464455 0.150074
v 1.501685 0.464455 0.298704
v 1.465176 0.464455 0.444456
v 1.414556 0.464455 0.585928
v 1.350314 0.464455 0.721758
v 1.273067 0.464455 0.850636
v 1.183560 0.464455 0.971322
v 1.082654 0.464455 1.082654
v 0.971322 0.464455 1.183560
v 0.850636 0.464455 1.273067
v 0.721758 0.464455 1.350314
v 0.585928 0.464455 1.414556
v 0.444456 0.464455 1.465176
v 0.298704 0.464455 1.501685
v 0.150074 0.464455 1.523732
v 0.000000 0.464455 1.531105
v -0.150074 0.464455 1.523732
v -0.298704 0.464455 1.501685
v -0.444456 0.464455 1.465176
v -0.585928 0.464455 1.414556
v -0.721758 0.464455 1.350314
v -0.850636 0.464455 1.273067
v -0.971322 0.464455 1.183560
v -1.082654 0.464455 1.082654
v -1.183560 0.464455 0.971322
v -1.273067 0.464455 0.850636
v -1.350314 0.464455 0.721758
v -1.414556 0.464455 0.585928
v -1.465176 0.464455 0.444456
v -1.501685 0.464455 0.298704
v -1.523732 0.464455 0.150074
v -1.531105 0.464455 0.000000
v -1.523732 0.464455 -0.150074
v -1.501685 0.464455 -0.298704
v -1.465176 0.464455 -0.444456
v -1.414556 0.464455 -0.585928
v -1.350314 0.464455 -0.721758
v -1.273067 0.464455 -0.850636
v -1.183560 0.464455 -0.971322
v -1.082654 0.464455 -1.082654
v -0.971322 0.464455 -1.183560
v -0.850636 0.464455 -1.273067
v -0.721758 0.464455 -1.350314
v -0.585928 0.464455 -1.414556
v -0.444456 0.464455 -1.465176
v -0.298704 0.464455 -1.501685
v -0.150074 0.464455 -1.523732
v -0.000000 0.464455 -1.531105
v 0.150074 0.464455 -1.523732
v 0.298704 0.464455 -1.501685
v 0.444456 0.464455 -1.465176
v 0.585928 0.464455 -1.414556
v 0.721758 0.464455 -1.350314
v 0.850636 0.464455 -1.273067
v 0.971322 0.464455 -1.183560
v 1.082654 0.464455 -1.082654
v 1.183560 0.464455 -0.971322
v 1.273067 0.464455 -0.850636
v 1.350314 0.464455 -0.721758
v 1.414556 0.464455 -0.585928
v 1.465176 0.464455 -0.444456
v 1.501685 0.464455 -0.298704
v 1.523732 0.464455 -0.150074
v 1.531105 0.464455 -0.000000
v 1.569256 0.312145 0.000000
v 1.561700 0.312145 0.153814
v 1.539104 0.312145 0.306147
v 1.501685 0.312145 0.455531
v 1.449804 0.312145 0.600528
v 1.383961 0.312145 0.739742
v 1.304789 0.312145 0.871832
v 1.213052 0.312145 0.995526
v 1.109632 0.312145 1.109632
v 0.995526 0.312145 1.213052
v 0.871832 0.312145 1.304789
v 0.739742 0.312145 1.383961
v 0.600528 0.312145 1.449804
v 0.455531 0.312145 1.501685
v 0.306147 0.312145 1.539104
v 0.153814 0.312145 1.561700
v 0.000000 0.312145 1.569256
v -0.153814 0.312145 1.561700
v -0.306147 0.312145 1.539104
v -0.455531 0.312145 1.501685
v -0.600528 0.312145 1.449804
v -0.739742 0.312145 1.383961
v -0.871832 0.312145 1.304789
v -0.995526 0.312145 1.213052
v -1.109632 0.312145 1.109632
v -1.213052 0.312145 0.995526
v -1.304789 0.312145 0.871832
v -1.383961 0.312145 0.739742
v -1.449804 0.312145 0.600528
v -1.501685 0.312145 0.455531
v -1.539104 0.312145 0.306147
v -1.561700 0.312145 0.153814
v -1.569256 0.312145 0.000000
v -1.561700 0.312145 -0.153814
v -1.539104 0.312145 -0.306147
v -1.501685 0.312145 -0.455531
v -1.449804 0.312145 -0.600528
v -1.383961 0.312145 -0.739742
v -1.304789 0.312145 -0.871832
v -1.213052 0.312145 -0.995526
v -1.109632 0.312145 -1.109632
v -0.995526 0.312145 -1.213052
v -0.871832 0.312145 -1.304789
v -0.739742 0.312145 -1.383961
v -0.600528 0.312145 -1.449804
v -0.455531 0.312145 -1.501685
v -0.306147 0.312145 -1.539104
v -0.153814 0.312145 -1.561700
v -0.000000 0.312145 -1.569256
v 0.153814 0.312145 -1.561700
v 0.306147 0.312145 -1.539104
v 0.455531 0.312145 -1.501685
v 0.600528 0.312145 -1.449804
v 0.739742 0.312145 -1.383961
v 0.871832 0.312145 -1.304789
v 0.995526 0.312145 -1.213052
v 1.109632 0.312145 -1.109632
v 1.213052 0.312145 -0.995526
v 1.304789 0.312145 -0.871832
v 1.383961 0.312145 -0.739742
v 1.449804 0.312145 -0.600528
v 1.501685 0.312145 -0.455531
v 1.539104 0.312145 -0.306147
v 1.561700 0.312145 -0.153814
v 1.569256 0.312145 -0.000000
vt 0.000000 0.000000
vt 0.000000 0.031250
vt 0.015625 0.031250
vt 0.015625 0.000000
vt 0.031250 0.031250
vt 0.031250 0.000000
vt 0.046875 0.031250
vt 0.046875 0.000000
vt 0.062500 0.031250
vt 0.062500 0.000000
vt 0.078125 0.031250
vt 0.078125 0.000000
vt 0.093750 0.031250
vt 0.093750 0.000000
vt 0.109375 0.031250
vt 0.109375 0.000000
vt 0.125000 0.031250
vt 0.125000 0.000000
vt 0.140625 0.031250
vt 0.140625 0.000000
vt 0.156250 0.031250
vt 0.156250 0.000000
vt 0.171875 0.031250
vt 0.171875 0.000000
vt 0.187500 0.031250
vt 0.187500 0.000000
vt 0.203125 0.031250
vt 0.203125 0.000000
vt 0.218750 0.031250
vt 0.218750 0.000000
vt 0.234375 0.031250
vt 0.234375 0.000000
vt 0.250000 0.031250
vt 0.250000 0.000000
vt 0.265625 0.031250
vt 0.265625 0.000000
vt 0.281250 0.031250
vt 0.281250 0.000000
vt 0.296875 0.031250
vt 0.296875 0.000000
vt 0.312500 0.031250
vt 0.312500 0.000000
vt 0.328125 0.031250
vt 0.328125 0.000000
vt 0.343750 0.031250
vt 0.343750 0.000000
vt 0.359375 0.031250
vt 0.359375 0.000000
vt 0.375000 0.031250
vt 0.375000 0.000000
vt 0.390625 0.031250
vt 0.390625 0.000000
vt 0.406250 0.031250
vt 0.406250 0.000000
vt 0.421875 0.031250
vt 0.421875 0.000000
vt 0.437500 0.031250
vt 0.437500 0.000000
vt 0.453125 0.031250
vt 0.453125 0.000000
vt 0.468750 0.031250
vt 0.468750 0.000000
vt 0.484375 0.031250
vt 0.484375 0.000000
vt 0.500000 0.031250
vt 0.500000 0.000000
vt 0.515625 0.031250
vt 0.515625 0.000000
vt 0.531250 0.031250
vt 0.531250 0.000000
vt 0.546875 0.031250
vt 0.546875 0.000000
vt 0.562500 0.031250
vt 0.562500 0.000000
vt 0.578125 0.031250
vt 0.578125 0.000000
vt 0.593750 0.031250
vt 0.593750 0.000000
vt 0.609375 0.031250
vt 0.609375 0.000000
vt 0.625000 0.031250
vt 0.625000 0.000000
vt 0.640625 0.031250
vt 0.640625 0.000000
vt 0.656250 0.031250
vt 0.656250 0.000000
vt 0.671875 0.031250
vt 0.671875 0.000000
vt 0.687500 0.031250
vt 0.687500 0.000000
vt 0.703125 0.031250
vt 0.703125 0.000000
vt 0.718750 0.031250
vt 0.718750 0.000000
vt 0.734375 0.031250
vt 0.734375 0.000000
vt 0.750000 0.031250
vt 0.750000 0.000000
vt 0.765625 0.031250
vt 0.765625 0.000000
vt 0.781250 0.031250
vt 0.781250 0.000000
vt 0.796875 0.031250
vt 0.796875 0.000000
vt 0.812500 0.031250
vt 0.812500 0.000000
vt 0.828125 0.031250
vt 0.828125 0.000000
vt 0.843750 0.031250
vt 0.843750 0.000000
vt 0.859375 0.031250
vt 0.859375 0.000000
vt 0.875000 0.031250
vt 0.875000 0.000000
vt 0.890625 0.031250
vt 0.890625 0.000000
vt 0.906250 0.031250
vt 0.906250 0.000000
vt 0.921875 0.031250
vt 0.921875 0.000000
vt 0.937500 0.031250
vt 0.937500 0.000000
vt 0.953125 0.031250
vt 0.953125 0.000000
vt 0.968750 0.031250
vt 0.968750 0.000000
vt 0.984375 0.031250
vt 0.984375 0.000000
vt 1.000000 0.031250
vt 1.000000 0.000000
vt 0.000000 0.062500
vt 0.015625 0.062500
vt 0.031250 0.062500
vt 0.046875 0.062500
vt 0.062500 0.062500
vt 0.078125 0.062500
vt 0.093750 0.062500
vt 0.109375 0.062500
vt 0.125000 0.062500
vt 0.140625 0.062500
vt 0.156250 0.062500
vt 0.171875 0.062500
vt 0.187500 0.062500
vt 0.203125 0.062500
vt 0.218750 0.062500
vt 0.234375 0.062500
vt 0.250000 0.062500
vt 0.265625 0.062500
vt 0.281250 0.062500
vt 0.296875 0.062500
vt 0.312500 0.062500
vt 0.328125 0.062500
vt 0.343750 0.062500
vt 0.359375 0.062500
vt 0.375000 0.062500
vt 0.390625 0.062500
vt 0.406250 0.062500
vt 0.421875 0.062500
vt 0.437500 0.062500
vt 0.453125 0.062500
vt 0.468750 0.062500
vt 0.484375 0.062500
vt 0.500000 0.062500
vt 0.515625 0.062500
vt 0.531250 0.062500
vt 0.546875 0.062500
vt 0.562500 0.062500
vt 0.578125 0.062500
vt 0.593750 0.062500
vt 0.609375 0.062500
vt 0.625000 0.062500
vt 0.640625 0.062500
vt 0.656250 0.062500
vt 0.671875 0.062500
vt 0.687500 0.062500
vt 0.703125 0.062500
vt 0.718750 0.062500
vt 0.734375 0.062500
vt 0.750000 0.062500
vt 0.765625 0.062500
vt 0.781250 0.062500
vt 0.796875 0.062500
vt 0.812500 0.062500
vt 0.828125 0.062500
vt 0.843750 0.062500
vt 0.859375 0.062500
vt 0.875000 0.062500
vt 0.890625 0.062500
vt 0.906250 0.062500
vt 0.921875 0.062500
vt 0.937500 0.062500
vt 0.953125 0.062500
vt 0.968750 0.062500
vt 0.984375 0.062500
vt 1.000000 0.062500
vt 0.000000 0.093750
vt 0.015625 0.093750
vt 0.031250 0.093750
vt 0.046875 0.093750
vt 0.062500 0.093750
vt 0.078125 0.093750
vt 0.093750 0.093750
vt 0.109375 0.093750
vt 0.125000 0.093750
vt 0.140625 0.093750
vt 0.156250 0.093750
vt 0.171875 0.093750
vt 0.187500 0.093750
vt 0.203125 0.093750
vt 0.218750 0.093750
vt 0.234375 0.093750
vt 0.250000 0.093750
vt 0.265625 0.093750
vt 0.281250 0.093750
vt 0.296875 0.093750
vt 0.312500 0.093750
vt 0.328125 0.093750
vt 0.343750 0.093750
vt 0.359375 0.093750
vt 0.375000 0.093750
vt 0.390625 0.093750
vt 0.406250 0.093750
vt 0.421875 0.093750
vt 0.437500 0.093750
vt 0.453125 0.093750
vt 0.468750 0.093750
vt 0.484375 0.093750
vt 0.500000 0.093750
vt 0.515625 0.093750
vt 0.531250 0.093750
vt 0.546875 0.093750
vt 0.562500 0.093750
vt 0.578125 0.093750
vt 0.593750 0.093750
vt 0.609375 0.093750
vt 0.625000 0.093750
vt 0.640625 0.093750
vt 0.656250 0.093750
vt 0.671875 0.093750
vt 0.687500 0.093750
vt 0.703125 0.093750
vt 0.718750 0.093750
vt 0.734375 0.093750
vt 0.750000 0.093750
vt 0.765625 0.093750
vt 0.781250 0.093750
vt 0.796875 0.093750
vt 0.812500 0.093750
vt 0.828125 0.093750
vt 0.843750 0.093750
vt 0.859375 0.093750
vt 0.875000 0.093750
vt 0.890625 0.093750
vt 0.906250 0.093750
vt 0.921875 0.093750
vt 0.937500 0.093750
vt 0.953125 0.093750
vt 0.968750 0.093750
vt 0.984375 0.093750
vt 1.000000 0.093750
vt 0.000000 0.125000
vt 0.015625 0.125000
vt 0.031250 0.125000
vt 0.046875 0.125000
vt 0.062500 0.125000
vt 0.078125 0.125000
vt 0.093750 0.125000
vt 0.109375 0.125000
vt 0.125000 0.125000
vt 0.140625 0.125000
vt 0.156250 0.125000
vt 0.171875 0.125000
vt 0.187500 0.125000
vt 0.203125 0.125000
vt 0.218750 0.125000
vt 0.234375 0.125000
vt 0.250000 0.125000
vt 0.265625 0.125000
vt 0.281250 0.125000
vt 0.296875 0.125000
vt 0.312500 0.125000
vt 0.328125 0.125000
vt 0.343750 0.125000
vt 0.359375 0.125000
vt 0.375000 0.125000
vt 0.390625 0.125000
vt 0.406250 0.125000
vt 0.421875 0.125000
vt 0.437500 0.125000
vt 0.453125 0.125000
vt 0.468750 0.125000
vt 0.484375 0.125000
vt 0.500000 0.125000
vt 0.515625 0.125000
vt 0.531250 0.125000
vt 0.546875 0.125000
vt 0.562500 0.125000
vt 0.578125 0.125000
vt 0.593750 0.125000
vt 0.609375 0.125000
vt 0.625000 0.125000
vt 0.640625 0.125000
vt 0.656250 0.125000
vt 0.671875 0.125000
vt 0.687500 0.125000
vt 0.703125 0.125000
vt 0.718750 0.125000
vt 0.734375 0.125000
vt 0.750000 0.125000
vt 0.765625 0.125000
vt 0.781250 0.125000
vt 0.796875 0.125000
vt 0.812500 0.125000
vt 0.828125 0.125000
vt 0.843750 0.125000
vt 0.859375 0.125000
vt 0.875000 0.125000
vt 0.890625 0.125000
vt 0.906250 0.125000
vt 0.921875 0.125000
vt 0.937500 0.125000
vt 0.953125 0.125000
vt 0.968750 0.125000
vt 0.984375 0.125000
vt 1.000000 0.125000
vt 0.000000 0.156250
vt 0.015625 0.156250
vt 0.031250 0.156250
vt 0.046875 0.156250
vt 0.062500 0.156250
vt 0.078125 0.156250
vt 0.093750 0.156250
vt 0.109375 0.156250
vt 0.125000 0.156250
vt 0.140625 0.156250
vt 0.156250 0.156250
vt 0.171875 0.156250
vt 0.187500 0.156250
vt 0.203125 0.156250
vt 0.218750 0.156250
vt 0.234375 0.156250
vt 0.250000 0.156250
vt 0.265625 0.156250
vt 0.281250 0.156250
vt 0.296875 0.156250
vt 0.312500 0.156250
vt 0.328125 0.156250
vt 0.343750 0.156250
vt 0.359375 0.156250
vt 0.375000 0.156250
vt 0.390625 0.156250
vt 0.406250 0.156250
vt 0.421875 0.156250
vt 0.437500 0.156250
vt 0.453125 0.156250
vt 0.468750 0.156250
vt 0.484375 0.156250
vt 0.500000 0.156250
vt 0.515625 0.156250
vt 0.531250 0.156250
vt 0.546875 0.156250
vt 0.562500 0.156250
vt 0.578125 0.156250
vt 0.593750 0.156250
vt 0.609375 0.156250
vt 0.625000 0.156250
vt 0.640625 0.156250
vt 0.656250 0.156250
vt 0.671875 0.156250
vt 0.687500 0.156250
vt 0.703125 0.156250
vt 0.718750 0.156250
vt 0.734375 0.156250
vt 0.750000 0.156250
vt 0.765625 0.156250
vt 0.781250 0.156250
vt 0.796875 0.156250
vt 0.812500 0.156250
vt 0.828125 0.156250
vt 0.843750 0.156250
vt 0.859375 0.156250
vt 0.875000 0.156250
vt 0.890625 0.156250
vt 0.906250 0.156250
vt 0.921875 0.156250
vt 0.937500 0.156250
vt 0.953125 0.156250
vt 0.968750 0.156250
vt 0.984375 0.156250
vt 1.000000 0.156250
vt 0.000000 0.187500
vt 0.015625 0.187500
vt 0.031250 0.187500
vt 0.046875 0.187500
vt 0.062500 0.187500
vt 0.078125 0.187500
vt 0.093750 0.187500
vt 0.109375 0.187500
vt 0.125000 0.187500
vt 0.140625 0.187500
vt 0.156250 0.187500
vt 0.171875 0.187500
vt 0.187500 0.187500
vt 0.203125 0.187500
vt 0.218750 0.187500
vt 0.234375 0.187500
vt 0.250000 0.187500
vt 0.265625 0.187500
vt 0.281250 0.187500
vt 0.296875 0.187500
vt 0.312500 0.187500
vt 0.328125 0.187500
vt 0.343750 0.187500
vt 0.359375 0.187500
vt 0.375000 0.187500
vt 0.390625 0.187500
vt 0.406250 0.187500
vt 0.421875 0.187500
vt 0.437500 0.187500
vt 0.453125 0.187500
vt 0.468750 0.187500
vt 0.484375 0.187500
vt 0.500000 0.187500
vt 0.515625 0.187500
vt 0.531250 0.187500
vt 0.546875 0.187500
vt 0.562500 0.187500
vt 0.578125 0.187500
vt 0.593750 0.187500
vt 0.609375 0.187500
vt 0.625000 0.187500
vt 0.640625 0.187500
vt 0.656250 0.187500
vt 0.671875 0.187500
vt 0.687500 0.187500
vt 0.703125 0.187500
vt 0.718750 0.187500
vt 0.734375 0.187500
vt 0.750000 0.187500
vt 0.765625 0.187500
vt 0.781250 0.187500
vt 0.796875 0.187500
vt 0.812500 0.187500
vt 0.828125 0.187500
vt 0.843750 0.187500
vt 0.859375 0.187500
vt 0.875000 0.187500
vt 0.890625 0.187500
vt 0.906250 0.187500
vt 0.921875 0.187500
vt 0.937500 0.187500
vt 0.953125 0.187500
vt 0.968750 0.187500
vt 0.984375 0.187500
vt 1.000000 0.187500
vt 0.000000 0.218750
vt 0.015625 0.218750
vt 0.031250 0.218750
vt 0.046875 0.218750
vt 0.062500 0.218750
vt 0.078125 0.218750
vt 0.093750 0.218750
vt 0.109375 0.218750
vt 0.125000 0.218750
vt 0.140625 0.218750
vt 0.156250 0.218750
vt 0.171875 0.218750
vt 0.187500 0.218750
vt 0.203125 0.218750
vt 0.218750 0.218750
vt 0.234375 0.218750
vt 0.250000 0.218750
vt 0.265625 0.218750
vt 0.281250 0.218750
vt 0.296875 0.218750
vt 0.312500 0.218750
vt 0.328125 0.218750
vt 0.343750 0.218750
vt 0.359375 0.218750
vt 0.375000 0.218750
vt 0.390625 0.218750
vt 0.406250 0.218750
vt 0.421875 0.218750
vt 0.437500 0.218750
vt 0.453125 0.218750
vt 0.468750 0.218750
vt 0.484375 0.218750
vt 0.500000 0.218750
vt 0.515625 0.218750
vt 0.531250 0.218750
vt 0.546875 0.218750
vt 0.562500 0.218750
vt 0.578125 0.218750
vt 0.593750 0.218750
vt 0.609375 0.218750
vt 0.625000 0.218750
vt 0.640625 0.218750
vt 0.656250 0.218750
vt 0.671875 0.218750
vt 0.687500 0.218750
vt 0.703125 0.218750
vt 0.718750 0.218750
vt 0.734375 0.218750
vt 0.750000 0.218750
vt 0.765625 0.218750
vt 0.781250 0.218750
vt 0.796875 0.218750
vt 0.812500 0.218750
vt 0.828125 0.218750
vt 0.843750 0.218750
vt 0.859375 0.218750
vt 0.875000 0.218750
vt 0.890625 0.218750
vt 0.906250 0.218750
vt 0.921875 0.218750
vt 0.937500 0.218750
vt 0.953125 0.218750
vt 0.968750 0.218750
vt 0.984375 0.218750
vt 1.000000 0.218750
vt 0.000000 0.250000
vt 0.015625 0.250000
vt 0.031250 0.250000
vt 0.046875 0.250000
vt 0.062500 0.250000
vt 0.078125 0.250000
vt 0.093750 0.250000
vt 0.109375 0.250000
vt 0.125000 0.250000
vt 0.140625 0.250000
vt 0.156250 0.250000
vt 0.171875 0.250000
vt 0.187500 0.250000
vt 0.203125 0.250000
vt 0.218750 0.250000
vt 0.234375 0.250000
vt 0.250000 0.250000
vt 0.265625 0.250000
vt 0.281250 0.250000
vt 0.296875 0.250000
vt 0.312500 0.250000
vt 0.328125 0.250000
vt 0.343750 0.250000
vt 0.359375 0.250000
vt 0.375000 0.250000
vt 0.390625 0.250000
vt 0.406250 0.250000
vt 0.421875 0.250000
vt 0.437500 0.250000
vt 0.453125 0.250000
vt 0.468750 0.250000
vt 0.484375 0.250000
vt 0.500000 0.250000
vt 0.515625 0.250000
vt 0.531250 0.250000
vt 0.546875 0.250000
vt 0.562500 0.250000
vt 0.578125 0.250000
vt 0.593750 0.250000
vt 0.609375 0.250000
vt 0.625000 0.250000
vt 0.640625 0.250000
vt 0.656250 0.250000
vt 0.671875 0.250000
vt 0.687500 0.250000
vt 0.703125 0.250000
vt 0.718750 0.250000
vt 0.734375 0.250000
vt 0.750000 0.250000
vt 0.765625 0.250000
vt 0.781250 0.250000
vt 0.796875 0.250000
vt 0.812500 0.250000
vt 0.828125 0.250000
vt 0.843750 0.250000
vt 0.859375 0.250000
vt 0.875000 0.250000
vt 0.890625 0.250000
vt 0.906250 0.250000
vt 0.921875 0.250000
vt 0.937500 0.250000
vt 0.953125 0.250000
vt 0.968750 0.250000
vt 0.984375 0.250000
vt 1.000000 0.250000
vt 0.000000 0.281250
vt 0.015625 0.281250
vt 0.031250 0.281250
vt 0.046875 0.281250
vt 0.062500 0.281250
vt 0.078125 0.281250
vt 0.093750 0.281250
vt 0.109375 0.281250
vt 0.125000 0.281250
vt 0.140625 0.281250
vt 0.156250 0.281250
vt 0.171875 0.281250
vt 0.187500 0.281250
vt 0.203125 0.281250
vt 0.218750 0.281250
vt 0.234375 0.281250
vt 0.250000 0.281250
vt 0.265625 0.281250
vt 0.281250 0.281250
vt 0.296875 0.281250
vt 0.312500 0.281250
vt 0.328125 0.281250
vt 0.343750 0.281250
vt 0.359375 0.281250
vt 0.375000 0.281250
vt 0.390625 0.281250
vt 0.406250 0.281250
vt 0.421875 0.281250
vt 0.437500 0.281250
vt 0.453125 0.281250
vt 0.468750 0.281250
vt 0.484375 0.281250
vt 0.500000 0.281250
vt 0.515625 0.281250
vt 0.531250 0.281250
vt 0.546875 0.281250
vt 0.562500 0.281250
vt 0.578125 0.281250
vt 0.593750 0.281250
vt 0.609375 0.281250
vt 0.625000 0.281250
vt 0.640625 0.281250
vt 0.656250 0.281250
vt 0.671875 0.281250
vt 0.687500 0.281250
vt 0.703125 0.281250
vt 0.718750 0.281250
vt 0.734375 0.281250
vt 0.750000 0.281250
vt 0.765625 0.281250
vt 0.781250 0.281250
vt 0.796875 0.281250
vt 0.812500 0.281250
vt 0.828125 0.281250
vt 0.843750 0.281250
vt 0.859375 0.281250
vt 0.875000 0.281250
vt 0.890625 0.281250
vt 0.906250 0.281250
vt 0.921875 0.281250
vt 0.937500 0.281250
vt 0.953125 0.281250
vt 0.968750 0.281250
vt 0.984375 0.281250
vt 1.000000 0.281250
vt 0.000000 0.312500
vt 0.015625 0.312500
vt 0.031250 0.312500
vt 0.046875 0.312500
vt 0.062500 0.312500
vt 0.078125 0.312500
vt 0.093750 0.312500
vt 0.109375 0.312500
vt 0.125000 0.312500
vt 0.140625 0.312500
vt 0.156250 0.312500
vt 0.171875 0.312500
vt 0.187500 0.312500
vt 0.203125 0.312500
vt 0.218750 0.312500
vt 0.234375 0.312500
vt 0.250000 0.312500
vt 0.265625 0.312500
vt 0.281250 0.312500
vt 0.296875 0.312500
vt 0.312500 0.312500
vt 0.328125 0.312500
vt 0.343750 0.312500
vt 0.359375 0.312500
vt 0.375000 0.312500
vt 0.390625 0.312500
vt 0.406250 0.312500
vt 0.421875 0.312500
vt 0.437500 0.312500
vt 0.453125 0.312500
vt 0.468750 0.312500
vt 0.484375 0.312500
vt 0.500000 0.312500
vt 0.515625 0.312500
vt 0.531250 0.312500
vt 0.546875 0.312500
vt 0.562500 0.312500
vt 0.578125 0.312500
vt 0.593750 0.312500
vt 0.609375 0.312500
vt 0.625000 0.312500
vt 0.640625 0.312500
vt 0.656250 0.312500
vt 0.671875 0.312500
vt 0.687500 0.312500
vt 0.703125 0.312500
vt 0.718750 0.312500
vt 0.734375 0.312500
vt 0.750000 0.312500
vt 0.765625 0.312500
vt 0.781250 0.312500
vt 0.796875 0.312500
vt 0.812500 0.312500
vt 0.828125 0.312500
vt 0.843750 0.312500
vt 0.859375 0.312500
vt 0.875000 0.312500
vt 0.890625 0.312500
vt 0.906250 0.312500
vt 0.921875 0.312500
vt 0.937500 0.312500
vt 0.953125 0.312500
vt 0.968750 0.312500
vt 0.984375 0.312500
vt 1.000000 0.312500
vt 0.000000 0.343750
vt 0.015625 0.343750
vt 0.031250 0.343750
vt 0.046875 0.343750
vt 0.062500 0.343750
vt 0.078125 0.343750
vt 0.093750 0.343750
vt 0.109375 0.343750
vt 0.125000 0.343750
vt 0.140625 0.343750
vt 0.156250 0.343750
vt 0.171875 0.343750
vt 0.187500 0.343750
vt 0.203125 0.343750
vt 0.218750 0.343750
vt 0.234375 0.343750
vt 0.250000 0.343750
vt 0.265625 0.343750
vt 0.281250 0.343750
vt 0.296875 0.343750
vt 0.312500 0.343750
vt 0.328125 0.343750
vt 0.343750 0.343750
vt 0.359375 0.343750
vt 0.375000 0.343750
vt 0.390625 0.343750
vt 0.406250 0.343750
vt 0.421875 0.343750
vt 0.437500 0.343750
vt 0.453125 0.343750
vt 0.468750 0.343750
vt 0.484375 0.343750
vt 0.500000 0.343750
vt 0.515625 0.343750
vt 0.531250 0.343750
vt 0.546875 0.343750
vt 0.562500 0.343750
vt 0.578125 0.343750
vt 0.593750 0.343750
vt 0.609375 0.343750
vt 0.625000 0.343750
vt 0.640625 0.343750
vt 0.656250 0.343750
vt 0.671875 0.343750
vt 0.687500 0.343750
vt 0.703125 0.343750
vt 0.718750 0.343750
vt 0.734375 0.343750
vt 0.750000 0.343750
vt 0.765625 0.343750
vt 0.781250 0.343750
vt 0.796875 0.343750
vt 0.812500 0.343750
vt 0.828125 0.343750
vt 0.843750 0.343750
vt 0.859375 0.343750
vt 0.875000 0.343750
vt 0.890625 0.343750
vt 0.906250 0.343750
vt 0.921875 0.343750
vt 0.937500 0.343750
vt 0.953125 0.343750
vt 0.968750 0.343750
vt 0.984375 0.343750
vt 1.000000 0.343750
vt 0.000000 0.375000
vt 0.015625 0.375000
vt 0.031250 0.375000
vt 0.046875 0.375000
vt 0.062500 0.375000
vt 0.078125 0.375000
vt 0.093750 0.375000
vt 0.109375 0.375000
vt 0.125000 0.375000
vt 0.140625 0.375000
vt 0.156250 0.375000
vt 0.171875 0.375000
vt 0.187500 0.375000
vt 0.203125 0.375000
vt 0.218750 0.375000
vt 0.234375 0.375000
vt 0.250000 0.375000
vt 0.265625 0.375000
vt 0.281250 0.375000
vt 0.296875 0.375000
vt 0.312500 0.375000
vt 0.328125 0.375000
vt 0.343750 0.375000
vt 0.359375 0.375000
vt 0.375000 0.375000
vt 0.390625 0.375000
vt 0.406250 0.375000
vt 0.421875 0.375000
vt 0.437500 0.375000
vt 0.453125 0.375000
vt 0.468750 0.375000
vt 0.484375 0.375000
vt 0.500000 0.375000
vt 0.515625 0.375000
vt 0.531250 0.375000
vt 0.546875 0.375000
vt 0.562500 0.375000
vt 0.578125 0.375000
vt 0.593750 0.375000
vt 0.609375 0.375000
vt 0.625000 0.375000
vt 0.640625 0.375000
vt 0.656250 0.375000
vt 0.671875 0.375000
vt 0.687500 0.375000
vt 0.703125 0.375000
vt 0.718750 0.375000
vt 0.734375 0.375000
vt 0.750000 0.375000
vt 0.765625 0.375000
vt 0.781250 0.375000
vt 0.796875 0.375000
vt 0.812500 0.375000
vt 0.828125 0.375000
vt 0.843750 0.375000
vt 0.859375 0.375000
vt 0.875000 0.375000
vt 0.890625 0.375000
vt 0.906250 0.375000
vt 0.921875 0.375000
vt 0.937500 0.375000
vt 0.953125 0.375000
vt 0.968750 0.375000
vt 0.984375 0.375000
vt 1.000000 0.375000
vt 0.000000 0.406250
vt 0.015625 0.406250
vt 0.031250 0.406250
vt 0.046875 0.406250
vt 0.062500 0.406250
vt 0.078125 0.406250
vt 0.093750 0.406250
vt 0.109375 0.406250
vt 0.125000 0.406250
vt 0.140625 0.406250
vt 0.156250 0.406250
vt 0.171875 0.406250
vt 0.187500 0.406250
vt 0.203125 0.406250
vt 0.218750 0.406250
vt 0.234375 0.406250
vt 0.250000 0.406250
vt 0.265625 0.406250
vt 0.281250 0.406250
vt 0.296875 0.406250
vt 0.312500 0.406250
vt 0.328125 0.406250
vt 0.343750 0.406250
vt 0.359375 0.406250
vt 0.375000 0.406250
vt 0.390625 0.406250
vt 0.406250 0.406250
vt 0.421875 0.406250
vt 0.437500 0.406250
vt 0.453125 0.406250
vt 0.468750 0.406250
vt 0.484375 0.406250
vt 0.500000 0.406250
vt 0.515625 0.406250
vt 0.531250 0.406250
vt 0.546875 0.406250
vt 0.562500 0.406250
vt 0.578125 0.406250
vt 0.593750 0.406250
vt 0.609375 0.406250
vt 0.625000 0.406250
vt 0.640625 0.406250
vt 0.656250 0.406250
vt 0.671875 0.406250
vt 0.687500 0.406250
vt 0.703125 0.406250
vt 0.718750 0.406250
vt 0.734375 0.406250
vt 0.750000 0.406250
vt 0.765625 0.406250
vt 0.781250 0.406250
vt 0.796875 0.406250
vt 0.812500 0.406250
vt 0.828125 0.406250
vt 0.843750 0.406250
vt 0.859375 0.406250
vt 0.875000 0.406250
vt 0.890625 0.406250
vt 0.906250 0.406250
vt 0.921875 0.406250
vt 0.937500 0.406250
vt 0.953125 0.406250
vt 0.968750 0.406250
vt 0.984375 0.406250
vt 1.000000 0.406250
vt 0.000000 0.437500
vt 0.015625 0.437500
vt 0.031250 0.437500
vt 0.046875 0.437500
vt 0.062500 0.437500
vt 0.078125 0.437500
vt 0.093750 0.437500
vt 0.109375 0.437500
vt 0.125000 0.437500
vt 0.140625 0.437500
vt 0.156250 0.437500
vt 0.171875 0.437500
vt 0.187500 0.437500
vt 0.203125 0.437500
vt 0.218750 0.437500
vt 0.234375 0.437500
vt 0.250000 0.437500
vt 0.265625 0.437500
vt 0.281250 0.437500
vt 0.296875 0.437500
vt 0.312500 0.437500
vt 0.328125 0.437500
vt 0.343750 0.437500
vt 0.359375 0.437500
vt 0.375000 0.437500
vt 0.390625 0.437500
vt 0.406250 0.437500
vt 0.421875 0.437500
vt 0.437500 0.437500
vt 0.453125 0.437500
vt 0.468750 0.437500
vt 0.484375 0.437500
vt 0.500000 0.437500
vt 0.515625 0.437500
vt 0.531250 0.437500
vt 0.546875 0.437500
vt 0.562500 0.437500
vt 0.578125 0.437500
vt 0.593750 0.437500
vt 0.609375 0.437500
vt 0.625000 0.437500
vt 0.640625 0.437500
vt 0.656250 0.437500
vt 0.671875 0.437500
vt 0.687500 0.437500
vt 0.703125 0.437500
vt 0.718750 0.437500
vt 0.734375 0.437500
vt 0.750000 0.437500
vt 0.765625 0.437500
vt 0.781250 0.437500
vt 0.796875 0.437500
vt 0.812500 0.437500
vt 0.828125 0.437500
vt 0.843750 0.437500
vt 0.859375 0.437500
vt 0.875000 0.437500
vt 0.890625 0.437500
vt 0.906250 0.437500
vt 0.921875 0.437500
vt 0.937500 0.437500
vt 0.953125 0.437500
vt 0.968750 0.437500
vt 0.984375 0.437500
vt 1.000000 0.437500
vn 0.000000 1.000000 0.000000
vn 0.098017 0.995185 0.000000
vn 0.097545 0.995185 0.009607
vn 0.000000 1.000000 0.000000
vn 0.096134 0.995185 0.019122
vn 0.000000 1.000000 0.000000
vn 0.093797 0.995185 0.028453
vn 0.000000 1.000000 0.000000
vn 0.090556 0.995185 0.037510
vn 0.000000 1.000000 0.000000
vn 0.086443 0.995185 0.046205
vn 0.000000 1.000000 0.000000
vn 0.081498 0.995185 0.054455
vn 0.000000 1.000000 0.000000
vn 0.075768 0.995185 0.062181
vn 0.000000 1.000000 0.000000
vn 0.069309 0.995185 0.069309
vn 0.000000 1.000000 0.000000
vn 0.062181 0.995185 0.075768
vn 0.000000 1.000000 0.000000
vn 0.054455 0.995185 0.081498
vn 0.000000 1.000000 0.000000
vn 0.046205 0.995185 0.086443
vn 0.000000 1.000000 0.000000
vn 0.037510 0.995185 0.090556
vn 0.000000 1.000000 0.000000
vn 0.028453 0.995185 0.093797
vn 0.000000 1.000000 0.000000
vn 0.019122 0.995185 0.096134
vn 0.000000 1.000000 0.000000
vn 0.009607 0.995185 0.097545
vn 0.000000 1.000000 0.000000
vn 0.000000 0.995185 0.098017
vn 0.000000 1.000000 0.000000
vn -0.009607 0.995185 0.097545
vn -0.000000 1.000000 0.000000
vn -0.019122 0.995185 0.096134
vn -0.000000 1.000000 0.000000
vn -0.028453 0.995185 0.093797
vn -0.000000 1.000000 0.000000
vn -0.037510 0.995185 0.090556
vn -0.000000 1.000000 0.000000
vn -0.046205 0.995185 0.086443
vn -0.000000 1.000000 0.000000
vn -0.054455 0.995185 0.081498
vn -0.000000 1.000000 0.000000
vn -0.062181 0.995185 0.075768
vn -0.000000 1.000000 0.000000
vn -0.069309 0.995185 0.069309
vn -0.000000 1.000000 0.000000
vn -0.075768 0.995185 0.062181
vn -0.000000 1.000000 0.000000
vn -0.081498 0.995185 0.054455
vn -0.000000 1.000000 0.000000
vn -0.086443 0.995185 0.046205
vn -0.000000 1.000000 0.000000
vn -0.090556 0.995185 0.037510
vn -0.000000 1.000000 0.000000
vn -0.093797 0.995185 0.028453
vn -0.000000 1.000000 0.000000
vn -0.096134 0.995185 0.019122
vn -0.000000 1.000000 0.000000
vn -0.097545 0.995185 0.009607
vn -0.000000 1.000000 0.000000
vn -0.098017 0.995185 0.000000
vn -0.000000 1.000000 0.000000
vn -0.097545 0.995185 -0.009607
vn -0.000000 1.000000 -0.000000
vn -0.096134 0.995185 -0.019122
vn -0.000000 1.000000 -0.000000
vn -0.093797 0.995185 -0.028453
vn -0.000000 1.000000 -0.000000
vn -0.090556 0.995185 -0.037510
vn -0.000000 1.000000 -0.000000
vn -0.086443 0.995185 -0.046205
vn -0.000000 1.000000 -0.000000
vn -0.081498 0.995185 -0.054455
vn -0.000000 1.000000 -0.000000
vn -0.075768 0.995185 -0.062181
vn -0.000000 1.000000 -0.000000
vn -0.069309 0.995185 -0.069309
vn -0.000000 1.000000 -0.000000
vn -0.062181 0.995185 -0.075768
vn -0.000000 1.000000 -0.000000
vn -0.054455 0.995185 -0.081498
vn -0.000000 1.000000 -0.000000
vn -0.046205 0.995185 -0.086443
vn -0.000000 1.000000 -0.000000
vn -0.037510 0.995185 -0.090556
vn -0.000000 1.000000 -0.000000
vn -0.028453 0.995185 -0.093797
vn -0.000000 1.000000 -0.000000
vn -0.019122 0.995185 -0.096134
vn -0.000000 1.000000 -0.000000
vn -0.009607 0.995185 -0.097545
vn -0.000000 1.000000 -0.000000
vn -0.000000 0.995185 -0.098017
vn -0.000000 1.000000 -0.000000
vn 0.009607 0.995185 -0.097545
vn 0.000000 1.000000 -0.000000
vn 0.019122 0.995185 -0.096134
vn 0.000000 1.000000 -0.000000
vn 0.028453 0.995185 -0.093797
vn 0.000000 1.000000 -0.000000
vn 0.037510 0.995185 -0.090556
vn 0.000000 1.000000 -0.000000
vn 0.046205 0.995185 -0.086443
vn 0.000000 1.000000 -0.000000
vn 0.054455 0.995185 -0.081498
vn 0.000000 1.000000 -0.000000
vn 0.062181 0.995185 -0.075768
vn 0.000000 1.000000 -0.000000
vn 0.069309 0.995185 -0.069309
vn 0.000000 1.000000 -0.000000
vn 0.075768 0.995185 -0.062181
vn 0.000000 1.000000 -0.000000
vn 0.081498 0.995185 -0.054455
vn 0.000000 1.000000 -0.000000
vn 0.086443 0.995185 -0.046205
vn 0.000000 1.000000 -0.000000
vn 0.090556 0.995185 -0.037510
vn 0.000000 1.000000 -0.000000
vn 0.093797 0.995185 -0.028453
vn 0.000000 1.000000 -0.000000
vn 0.096134 0.995185 -0.019122
vn 0.000000 1.000000 -0.000000
vn 0.097545 0.995185 -0.009607
vn 0.000000 1.000000 -0.000000
vn 0.098017 0.995185 -0.000000
vn 0.000000 1.000000 -0.000000
vn 0.195090 0.980785 0.000000
vn 0.194151 0.980785 0.019122
vn 0.191342 0.980785 0.038060
vn 0.186690 0.980785 0.056632
vn 0.180240 0.980785 0.074658
vn 0.172054 0.980785 0.091965
vn 0.162212 0.980785 0.108386
vn 0.150807 0.980785 0.123764
vn 0.137950 0.980785 0.137950
vn 0.123764 0.980785 0.150807
vn 0.108386 0.980785 0.162212
vn 0.091965 0.980785 0.172054
vn 0.074658 0.980785 0.180240
vn 0.056632 0.980785 0.186690
vn 0.038060 0.980785 0.191342
vn 0.019122 0.980785 0.194151
vn 0.000000 0.980785 0.195090
vn -0.019122 0.980785 0.194151
vn -0.038060 0.980785 0.191342
vn -0.056632 0.980785 0.186690
vn -0.074658 0.980785 0.180240
vn -0.091965 0.980785 0.172054
vn -0.108386 0.980785 0.162212
vn -0.123764 0.980785 0.150807
vn -0.137950 0.980785 0.137950
vn -0.150807 0.980785 0.123764
vn -0.162212 0.980785 0.108386
vn -0.172054 0.980785 0.091965
vn -0.180240 0.980785 0.074658
vn -0.186690 0.980785 0.056632
vn -0.191342 0.980785 0.038060
vn -0.194151 0.980785 0.019122
vn -0.195090 0.980785 0.000000
vn -0.194151 0.980785 -0.019122
vn -0.191342 0.980785 -0.038060
vn -0.186690 0.980785 -0.056632
vn -0.180240 0.980785 -0.074658
vn -0.172054 0.980785 -0.091965
vn -0.162212 0.980785 -0.108386
vn -0.150807 0.980785 -0.123764
vn -0.137950 0.980785 -0.137950
vn -0.123764 0.980785 -0.150807
vn -0.108386 0.980785 -0.162212
vn -0.091965 0.980785 -0.172054
vn -0.074658 0.980785 -0.180240
vn -0.056632 0.980785 -0.186690
vn -0.038060 0.980785 -0.191342
vn -0.019122 0.980785 -0.194151
vn -0.000000 0.980785 -0.195090
vn 0.019122 0.980785 -0.194151
vn 0.038060 0.980785 -0.191342
vn 0.056632 0.980785 -0.186690
vn 0.074658 0.980785 -0.180240
vn 0.091965 0.980785 -0.172054
vn 0.108386 0.980785 -0.162212
vn 0.123764 0.980785 -0.150807
vn 0.137950 0.980785 -0.137950
vn 0.150807 0.980785 -0.123764
vn 0.162212 0.980785 -0.108386
vn 0.172054 0.980785 -0.091965
vn 0.180240 0.980785 -0.074658
vn 0.186690 0.980785 -0.056632
vn 0.191342 0.980785 -0.038060
vn 0.194151 0.980785 -0.019122
vn 0.195090 0.980785 -0.000000
vn 0.290285 0.956940 0.000000
vn 0.288887 0.956940 0.028453
vn 0.284707 0.956940 0.056632
vn 0.277785 0.956940 0.084265
vn 0.268188 0.956940 0.111087
vn 0.256008 0.956940 0.136839
vn 0.241363 0.956940 0.161274
vn 0.224393 0.956940 0.184155
vn 0.205262 0.956940 0.205262
vn 0.184155 0.956940 0.224393
vn 0.161274 0.956940 0.241363
vn 0.136839 0.956940 0.256008
vn 0.111087 0.956940 0.268188
vn 0.084265 0.956940 0.277785
vn 0.056632 0.956940 0.284707
vn 0.028453 0.956940 0.288887
vn 0.000000 0.956940 0.290285
vn -0.028453 0.956940 0.288887
vn -0.056632 0.956940 0.284707
vn -0.084265 0.956940 0.277785
vn -0.111087 0.956940 0.268188
vn -0.136839 0.956940 0.256008
vn -0.161274 0.956940 0.241363
vn -0.184155 0.956940 0.224393
vn -0.205262 0.956940 0.205262
vn -0.224393 0.956940 0.184155
vn -0.241363 0.956940 0.161274
vn -0.256008 0.956940 0.136839
vn -0.268188 0.956940 0.111087
vn -0.277785 0.956940 0.084265
vn -0.284707 0.956940 0.056632
vn -0.288887 0.956940 0.028453
vn -0.290285 0.956940 0.000000
vn -0.288887 0.956940 -0.028453
vn -0.284707 0.956940 -0.056632
vn -0.277785 0.956940 -0.084265
vn -0.268188 0.956940 -0.111087
vn -0.256008 0.956940 -0.136839
vn -0.241363 0.956940 -0.161274
vn -0.224393 0.956940 -0.184155
vn -0.205262 0.956940 -0.205262
vn -0.184155 0.956940 -0.224393
vn -0.161274 0.956940 -0.241363
vn -0.136839 0.956940 -0.256008
vn -0.111087 0.956940 -0.268188
vn -0.084265 0.956940 -0.277785
vn -0.056632 0.956940 -0.284707
vn -0.028453 0.956940 -0.288887
vn -0.000000 0.956940 -0.290285
vn 0.028453 0.956940 -0.288887
vn 0.056632 0.956940 -0.284707
vn 0.084265 0.956940 -0.277785
vn 0.111087 0.956940 -0.268188
vn 0.136839 0.956940 -0.256008
vn 0.161274 0.956940 -0.241363
vn 0.184155 0.956940 -0.224393
vn 0.205262 0.956940 -0.205262
vn 0.224393 0.956940 -0.184155
vn 0.241363 0.956940 -0.161274
vn 0.256008 0.956940 -0.136839
vn 0.268188 0.956940 -0.111087
vn 0.277785 0.956940 -0.084265
vn 0.284707 0.956940 -0.056632
vn 0.288887 0.956940 -0.028453
vn 0.290285 0.956940 -0.000000
vn 0.382683 0.923880 0.000000
vn 0.380841 0.923880 0.037510
vn 0.375330 0.923880 0.074658
vn 0.366205 0.923880 0.111087
vn 0.353553 0.923880 0.146447
vn 0.337497 0.923880 0.180396
vn 0.318190 0.923880 0.212608
vn 0.295818 0.923880 0.242772
vn 0.270598 0.923880 0.270598
vn 0.242772 0.923880 0.295818
vn 0.212608 0.923880 0.318190
vn 0.180396 0.923880 0.337497
vn 0.146447 0.923880 0.353553
vn 0.111087 0.923880 0.366205
vn 0.074658 0.923880 0.375330
vn 0.037510 0.923880 0.380841
vn 0.000000 0.923880 0.382683
vn -0.037510 0.923880 0.380841
vn -0.074658 0.923880 0.375330
vn -0.111087 0.923880 0.366205
vn -0.146447 0.923880 0.353553
vn -0.180396 0.923880 0.337497
vn -0.212608 0.923880 0.318190
vn -0.242772 0.923880 0.295818
vn -0.270598 0.923880 0.270598
vn -0.295818 0.923880 0.242772
vn -0.318190 0.923880 0.212608
vn -0.337497 0.923880 0.180396
vn -0.353553 0.923880 0.146447
vn -0.366205 0.923880 0.111087
vn -0.375330 0.923880 0.074658
vn -0.380841 0.923880 0.037510
vn -0.382683 0.923880 0.000000
vn -0.380841 0.923880 -0.037510
vn -0.375330 0.923880 -0.074658
vn -0.366205 0.923880 -0.111087
vn -0.353553 0.923880 -0.146447
vn -0.337497 0.923880 -0.180396
vn -0.318190 0.923880 -0.212608
vn -0.295818 0.923880 -0.242772
vn -0.270598 0.923880 -0.270598
vn -0.242772 0.923880 -0.295818
vn -0.212608 0.923880 -0.318190
vn -0.180396 0.923880 -0.337497
vn -0.146447 0.923880 -0.353553
vn -0.111087 0.923880 -0.366205
vn -0.074658 0.923880 -0.375330
vn -0.037510 0.923880 -0.380841
vn -0.000000 0.923880 -0.382683
vn 0.037510 0.923880 -0.380841
vn 0.074658 0.923880 -0.375330
vn 0.111087 0.923880 -0.366205
vn 0.146447 0.923880 -0.353553
vn 0.180396 0.923880 -0.337497
vn 0.212608 0.923880 -0.318190
vn 0.242772 0.923880 -0.295818
vn 0.270598 0.923880 -0.270598
vn 0.295818 0.923880 -0.242772
vn 0.318190 0.923880 -0.212608
vn 0.337497 0.923880 -0.180396
vn 0.353553 0.923880 -0.146447
vn 0.366205 0.923880 -0.111087
vn 0.375330 0.923880 -0.074658
vn 0.380841 0.923880 -0.037510
vn 0.382683 0.923880 -0.000000
vn 0.471397 0.881921 0.000000
vn 0.469127 0.881921 0.046205
vn 0.462339 0.881921 0.091965
vn 0.451099 0.881921 0.136839
vn 0.435514 0.881921 0.180396
vn 0.415735 0.881921 0.222215
vn 0.391952 0.881921 0.261894
vn 0.364395 0.881921 0.299051
vn 0.333328 0.881921 0.333328
vn 0.299051 0.881921 0.364395
vn 0.261894 0.881921 0.391952
vn 0.222215 0.881921 0.415735
vn 0.180396 0.881921 0.435514
vn 0.136839 0.881921 0.451099
vn 0.091965 0.881921 0.462339
vn 0.046205 0.881921 0.469127
vn 0.000000 0.881921 0.471397
vn -0.046205 0.881921 0.469127
vn -0.091965 0.881921 0.462339
vn -0.136839 0.881921 0.451099
vn -0.180396 0.881921 0.435514
vn -0.222215 0.881921 0.415735
vn -0.261894 0.881921 0.391952
vn -0.299051 0.881921 0.364395
vn -0.333328 0.881921 0.333328
vn -0.364395 0.881921 0.299051
vn -0.391952 0.881921 0.261894
vn -0.415735 0.881921 0.222215
vn -0.435514 0.881921 0.180396
vn -0.451099 0.881921 0.136839
vn -0.462339 0.881921 0.091965
vn -0.469127 0.881921 0.046205
vn -0.471397 0.881921 0.000000
vn -0.469127 0.881921 -0.046205
vn -0.462339 0.881921 -0.091965
vn -0.451099 0.881921 -0.136839
vn -0.435514 0.881921 -0.180396
vn -0.415735 0.881921 -0.222215
vn -0.391952 0.881921 -0.261894
vn -0.364395 0.881921 -0.299051
vn -0.333328 0.881921 -0.333328
vn -0.299051 0.881921 -0.364395
vn -0.261894 0.881921 -0.391952
vn -0.222215 0.881921 -0.415735
vn -0.180396 0.881921 -0.435514
vn -0.136839 0.881921 -0.451099
vn -0.091965 0.881921 -0.462339
vn -0.046205 0.881921 -0.469127
vn -0.000000 0.881921 -0.471397
vn 0.046205 0.881921 -0.469127
vn 0.091965 0.881921 -0.462339
vn 0.136839 0.881921 -0.451099
vn 0.180396 0.881921 -0.435514
vn 0.222215 0.881921 -0.415735
vn 0.261894 0.881921 -0.391952
vn 0.299051 0.881921 -0.364395
vn 0.333328 0.881921 -0.333328
vn 0.364395 0.881921 -0.299051
vn 0.391952 0.881921 -0.261894
vn 0.415735 0.881921 -0.222215
vn 0.435514 0.881921 -0.180396
vn 0.451099 0.881921 -0.136839
vn 0.462339 0.881921 -0.091965
vn 0.469127 0.881921 -0.046205
vn 0.471397 0.881921 -0.000000
vn 0.555570 0.831470 0.000000
vn 0.552895 0.831470 0.054455
vn 0.544895 0.831470 0.108386
vn 0.531648 0.831470 0.161274
vn 0.513280 0.831470 0.212608
vn 0.489969 0.831470 0.261894
vn 0.461940 0.831470 0.308658
vn 0.429462 0.831470 0.352450
vn 0.392847 0.831470 0.392847
vn 0.352450 0.831470 0.429462
vn 0.308658 0.831470 0.461940
vn 0.261894 0.831470 0.489969
vn 0.212608 0.831470 0.513280
vn 0.161274 0.831470 0.531648
vn 0.108386 0.831470 0.544895
vn 0.054455 0.831470 0.552895
vn 0.000000 0.831470 0.555570
vn -0.054455 0.831470 0.552895
vn -0.108386 0.831470 0.544895
vn -0.161274 0.831470 0.531648
vn -0.212608 0.831470 0.513280
vn -0.261894 0.831470 0.489969
vn -0.308658 0.831470 0.461940
vn -0.352450 0.831470 0.429462
vn -0.392847 0.831470 0.392847
vn -0.429462 0.831470 0.352450
vn -0.461940 0.831470 0.308658
vn -0.489969 0.831470 0.261894
vn -0.513280 0.831470 0.212608
vn -0.531648 0.831470 0.161274
vn -0.544895 0.831470 0.108386
vn -0.552895 0.831470 0.054455
vn -0.555570 0.831470 0.000000
vn -0.552895 0.831470 -0.054455
vn -0.544895 0.831470 -0.108386
vn -0.531648 0.831470 -0.161274
vn -0.513280 0.831470 -0.212608
vn -0.489969 0.831470 -0.261894
vn -0.461940 0.831470 -0.308658
vn -0.429462 0.831470 -0.352450
vn -0.392847 0.831470 -0.392847
vn -0.352450 0.831470 -0.429462
vn -0.308658 0.831470 -0.461940
vn -0.261894 0.831470 -0.489969
vn -0.212608 0.831470 -0.513280
vn -0.161274 0.831470 -0.531648
vn -0.108386 0.831470 -0.544895
vn -0.054455 0.831470 -0.552895
vn -0.000000 0.831470 -0.555570
vn 0.054455 0.831470 -0.552895
vn 0.108386 0.831470 -0.544895
vn 0.161274 0.831470 -0.531648
vn 0.212608 0.831470 -0.513280
vn 0.261894 0.831470 -0.489969
vn 0.308658 0.831470 -0.461940
vn 0.352450 0.831470 -0.429462
vn 0.392847 0.831470 -0.392847
vn 0.429462 0.831470 -0.352450
vn 0.461940 0.831470 -0.308658
vn 0.489969 0.831470 -0.261894
vn 0.513280 0.831470 -0.212608
vn 0.531648 0.831470 -0.161274
vn 0.544895 0.831470 -0.108386
vn 0.552895 0.831470 -0.054455
vn 0.555570 0.831470 -0.000000
vn 0.634393 0.773010 0.000000
vn 0.631339 0.773010 0.062181
vn 0.622204 0.773010 0.123764
vn 0.607077 0.773010 0.184155
vn 0.586103 0.773010 0.242772
vn 0.559485 0.773010 0.299051
vn 0.527479 0.773010 0.352450
vn 0.490393 0.773010 0.402455
vn 0.448584 0.773010 0.448584
vn 0.402455 0.773010 0.490393
vn 0.352450 0.773010 0.527479
vn 0.299051 0.773010 0.559485
vn 0.242772 0.773010 0.586103
vn 0.184155 0.773010 0.607077
vn 0.123764 0.773010 0.622204
vn 0.062181 0.773010 0.631339
vn 0.000000 0.773010 0.634393
vn -0.062181 0.773010 0.631339
vn -0.123764 0.773010 0.622204
vn -0.184155 0.773010 0.607077
vn -0.242772 0.773010 0.586103
vn -0.299051 0.773010 0.559485
vn -0.352450 0.773010 0.527479
vn -0.402455 0.773010 0.490393
vn -0.448584 0.773010 0.448584
vn -0.490393 0.773010 0.402455
vn -0.527479 0.773010 0.352450
vn -0.559485 0.773010 0.299051
vn -0.586103 0.773010 0.242772
vn -0.607077 0.773010 0.184155
vn -0.622204 0.773010 0.123764
vn -0.631339 0.773010 0.062181
vn -0.634393 0.773010 0.000000
vn -0.631339 0.773010 -0.062181
vn -0.622204 0.773010 -0.123764
vn -0.607077 0.773010 -0.184155
vn -0.586103 0.773010 -0.242772
vn -0.559485 0.773010 -0.299051
vn -0.527479 0.773010 -0.352450
vn -0.490393 0.773010 -0.402455
vn -0.448584 0.773010 -0.448584
vn -0.402455 0.773010 -0.490393
vn -0.352450 0.773010 -0.527479
vn -0.299051 0.773010 -0.559485
vn -0.242772 0.773010 -0.586103
vn -0.184155 0.773010 -0.607077
vn -0.123764 0.773010 -0.622204
vn -0.062181 0.773010 -0.631339
vn -0.000000 0.773010 -0.634393
vn 0.062181 0.773010 -0.631339
vn 0.123764 0.773010 -0.622204
vn 0.184155 0.773010 -0.607077
vn 0.242772 0.773010 -0.586103
vn 0.299051 0.773010 -0.559485
vn 0.352450 0.773010 -0.527479
vn 0.402455 0.773010 -0.490393
vn 0.448584 0.773010 -0.448584
vn 0.490393 0.773010 -0.402455
vn 0.527479 0.773010 -0.352450
vn 0.559485 0.773010 -0.299051
vn 0.586103 0.773010 -0.242772
vn 0.607077 0.773010 -0.184155
vn 0.622204 0.773010 -0.123764
vn 0.631339 0.773010 -0.062181
vn 0.634393 0.773010 -0.000000
vn 0.707107 0.707107 0.000000
vn 0.703702 0.707107 0.069309
vn 0.693520 0.707107 0.137950
vn 0.676659 0.707107 0.205262
vn 0.653281 0.707107 0.270598
vn 0.623613 0.707107 0.333328
vn 0.587938 0.707107 0.392847
vn 0.546601 0.707107 0.448584
vn 0.500000 0.707107 0.500000
vn 0.448584 0.707107 0.546601
vn 0.392847 0.707107 0.587938
vn 0.333328 0.707107 0.623613
vn 0.270598 0.707107 0.653281
vn 0.205262 0.707107 0.676659
vn 0.137950 0.707107 0.693520
vn 0.069309 0.707107 0.703702
vn 0.000000 0.707107 0.707107
vn -0.069309 0.707107 0.703702
vn -0.137950 0.707107 0.693520
vn -0.205262 0.707107 0.676659
vn -0.270598 0.707107 0.653281
vn -0.333328 0.707107 0.623613
vn -0.392847 0.707107 0.587938
vn -0.448584 0.707107 0.546601
vn -0.500000 0.707107 0.500000
vn -0.546601 0.707107 0.448584
vn -0.587938 0.707107 0.392847
vn -0.623613 0.707107 0.333328
vn -0.653281 0.707107 0.270598
vn -0.676659 0.707107 0.205262
vn -0.693520 0.707107 0.137950
vn -0.703702 0.707107 0.069309
vn -0.707107 0.707107 0.000000
vn -0.703702 0.707107 -0.069309
vn -0.693520 0.707107 -0.137950
vn -0.676659 0.707107 -0.205262
vn -0.653281 0.707107 -0.270598
vn -0.623613 0.707107 -0.333328
vn -0.587938 0.707107 -0.392847
vn -0.546601 0.707107 -0.448584
vn -0.500000 0.707107 -0.500000
vn -0.448584 0.707107 -0.546601
vn -0.392847 0.707107 -0.587938
vn -0.333328 0.707107 -0.623613
vn -0.270598 0.707107 -0.653281
vn -0.205262 0.707107 -0.676659
vn -0.137950 0.707107 -0.693520
vn -0.069309 0.707107 -0.703702
vn -0.000000 0.707107 -0.707107
vn 0.069309 0.707107 -0.703702
vn 0.137950 0.707107 -0.693520
vn 0.205262 0.707107 -0.676659
vn 0.270598 0.707107 -0.653281
vn 0.333328 0.707107 -0.623613
vn 0.392847 0.707107 -0.587938
vn 0.448584 0.707107 -0.546601
vn 0.500000 0.707107 -0.500000
vn 0.546601 0.707107 -0.448584
vn 0.587938 0.707107 -0.392847
vn 0.623613 0.707107 -0.333328
vn 0.653281 0.707107 -0.270598
vn 0.676659 0.707107 -0.205262
vn 0.693520 0.707107 -0.137950
vn 0.703702 0.707107 -0.069309
vn 0.707107 0.707107 -0.000000
vn 0.773010 0.634393 0.000000
vn 0.769288 0.634393 0.075768
vn 0.758157 0.634393 0.150807
vn 0.739725 0.634393 0.224393
vn 0.714169 0.634393 0.295818
vn 0.681734 0.634393 0.364395
vn 0.642735 0.634393 0.429462
vn 0.597545 0.634393 0.490393
vn 0.546601 0.634393 0.546601
vn 0.490393 0.634393 0.597545
vn 0.429462 0.634393 0.642735
vn 0.364395 0.634393 0.681734
vn 0.295818 0.634393 0.714169
vn 0.224393 0.634393 0.739725
vn 0.150807 0.634393 0.758157
vn 0.075768 0.634393 0.769288
vn 0.000000 0.634393 0.773010
vn -0.075768 0.634393 0.769288
vn -0.150807 0.634393 0.758157
vn -0.224393 0.634393 0.739725
vn -0.295818 0.634393 0.714169
vn -0.364395 0.634393 0.681734
vn -0.429462 0.634393 0.642735
vn -0.490393 0.634393 0.597545
vn -0.546601 0.634393 0.546601
vn -0.597545 0.634393 0.490393
vn -0.642735 0.634393 0.429462
vn -0.681734 0.634393 0.364395
vn -0.714169 0.634393 0.295818
vn -0.739725 0.634393 0.224393
vn -0.758157 0.634393 0.150807
vn -0.769288 0.634393 0.075768
vn -0.773010 0.634393 0.000000
vn -0.769288 0.634393 -0.075768
vn -0.758157 0.634393 -0.150807
vn -0.739725 0.634393 -0.224393
vn -0.714169 0.634393 -0.295818
vn -0.681734 0.634393 -0.364395
vn -0.642735 0.634393 -0.429462
vn -0.597545 0.634393 -0.490393
vn -0.546601 0.634393 -0.546601
vn -0.490393 0.634393 -0.597545
vn -0.429462 0.634393 -0.642735
vn -0.364395 0.634393 -0.681734
vn -0.295818 0.634393 -0.714169
vn -0.224393 0.634393 -0.739725
vn -0.150807 0.634393 -0.758157
vn -0.075768 0.634393 -0.769288
vn -0.000000 0.634393 -0.773010
vn 0.075768 0.634393 -0.769288
vn 0.150807 0.634393 -0.758157
vn 0.224393 0.634393 -0.739725
vn 0.295818 0.634393 -0.714169
vn 0.364395 0.634393 -0.681734
vn 0.429462 0.634393 -0.642735
vn 0.490393 0.634393 -0.597545
vn 0.546601 0.634393 -0.546601
vn 0.597545 0.634393 -0.490393
vn 0.642735 0.634393 -0.429462
vn 0.681734 0.634393 -0.364395
vn 0.714169 0.634393 -0.295818
vn 0.739725 0.634393 -0.224393
vn 0.758157 0.634393 -0.150807
vn 0.769288 0.634393 -0.075768
vn 0.773010 0.634393 -0.000000
vn 0.831470 0.555570 0.000000
vn 0.827466 0.555570 0.081498
vn 0.815493 0.555570 0.162212
vn 0.795667 0.555570 0.241363
vn 0.768178 0.555570 0.318190
vn 0.733291 0.555570 0.391952
vn 0.691342 0.555570 0.461940
vn 0.642735 0.555570 0.527479
vn 0.587938 0.555570 0.587938
vn 0.527479 0.555570 0.642735
vn 0.461940 0.555570 0.691342
vn 0.391952 0.555570 0.733291
vn 0.318190 0.555570 0.768178
vn 0.241363 0.555570 0.795667
vn 0.162212 0.555570 0.815493
vn 0.081498 0.555570 0.827466
vn 0.000000 0.555570 0.831470
vn -0.081498 0.555570 0.827466
vn -0.162212 0.555570 0.815493
vn -0.241363 0.555570 0.795667
vn -0.318190 0.555570 0.768178
vn -0.391952 0.555570 0.733291
vn -0.461940 0.555570 0.691342
vn -0.527479 0.555570 0.642735
vn -0.587938 0.555570 0.587938
vn -0.642735 0.555570 0.527479
vn -0.691342 0.555570 0.461940
vn -0.733291 0.555570 0.391952
vn -0.768178 0.555570 0.318190
vn -0.795667 0.555570 0.241363
vn -0.815493 0.555570 0.162212
vn -0.827466 0.555570 0.081498
vn -0.831470 0.555570 0.000000
vn -0.827466 0.555570 -0.081498
vn -0.815493 0.555570 -0.162212
vn -0.795667 0.555570 -0.241363
vn -0.768178 0.555570 -0.318190
vn -0.733291 0.555570 -0.391952
vn -0.691342 0.555570 -0.461940
vn -0.642735 0.555570 -0.527479
vn -0.587938 0.555570 -0.587938
vn -0.527479 0.555570 -0.642735
vn -0.461940 0.555570 -0.691342
vn -0.391952 0.555570 -0.733291
vn -0.318190 0.555570 -0.768178
vn -0.241363 0.555570 -0.795667
vn -0.162212 0.555570 -0.815493
vn -0.081498 0.555570 -0.827466
vn -0.000000 0.555570 -0.831470
vn 0.081498 0.555570 -0.827466
vn 0.162212 0.555570 -0.815493
vn 0.241363 0.555570 -0.795667
vn 0.318190 0.555570 -0.768178
vn 0.391952 0.555570 -0.733291
vn 0.461940 0.555570 -0.691342
vn 0.527479 0.555570 -0.642735
vn 0.587938 0.555570 -0.587938
vn 0.642735 0.555570 -0.527479
vn 0.691342 0.555570 -0.461940
vn 0.733291 0.555570 -0.391952
vn 0.768178 0.555570 -0.318190
vn 0.795667 0.555570 -0.241363
vn 0.815493 0.555570 -0.162212
vn 0.827466 0.555570 -0.081498
vn 0.831470 0.555570 -0.000000
vn 0.881921 0.471397 0.000000
vn 0.877675 0.471397 0.086443
vn 0.864975 0.471397 0.172054
vn 0.843946 0.471397 0.256008
vn 0.814789 0.471397 0.337497
vn 0.777785 0.471397 0.415735
vn 0.733291 0.471397 0.489969
vn 0.681734 0.471397 0.559485
vn 0.623613 0.471397 0.623613
vn 0.559485 0.471397 0.681734
vn 0.489969 0.471397 0.733291
vn 0.415735 0.471397 0.777785
vn 0.337497 0.471397 0.814789
vn 0.256008 0.471397 0.843946
vn 0.172054 0.471397 0.864975
vn 0.086443 0.471397 0.877675
vn 0.000000 0.471397 0.881921
vn -0.086443 0.471397 0.877675
vn -0.172054 0.471397 0.864975
vn -0.256008 0.471397 0.843946
vn -0.337497 0.471397 0.814789
vn -0.415735 0.471397 0.777785
vn -0.489969 0.471397 0.733291
vn -0.559485 0.471397 0.681734
vn -0.623613 0.471397 0.623613
vn -0.681734 0.471397 0.559485
vn -0.733291 0.471397 0.489969
vn -0.777785 0.471397 0.415735
vn -0.814789 0.471397 0.337497
vn -0.843946 0.471397 0.256008
vn -0.864975 0.471397 0.172054
vn -0.877675 0.471397 0.086443
vn -0.881921 0.471397 0.000000
vn -0.877675 0.471397 -0.086443
vn -0.864975 0.471397 -0.172054
vn -0.843946 0.471397 -0.256008
vn -0.814789 0.471397 -0.337497
vn -0.777785 0.471397 -0.415735
vn -0.733291 0.471397 -0.489969
vn -0.681734 0.471397 -0.559485
vn -0.623613 0.471397 -0.623613
vn -0.559485 0.471397 -0.681734
vn -0.489969 0.471397 -0.733291
vn -0.415735 0.471397 -0.777785
vn -0.337497 0.471397 -0.814789
vn -0.256008 0.471397 -0.843946
vn -0.172054 0.471397 -0.864975
vn -0.086443 0.471397 -0.877675
vn -0.000000 0.471397 -0.881921
vn 0.086443 0.471397 -0.877675
vn 0.172054 0.471397 -0.864975
vn 0.256008 0.471397 -0.843946
vn 0.337497 0.471397 -0.814789
vn 0.415735 0.471397 -0.777785
vn 0.489969 0.471397 -0.733291
vn 0.559485 0.471397 -0.681734
vn 0.623613 0.471397 -0.623613
vn 0.681734 0.471397 -0.559485
vn 0.733291 0.471397 -0.489969
vn 0.777785 0.471397 -0.415735
vn 0.814789 0.471397 -0.337497
vn 0.843946 0.471397 -0.256008
vn 0.864975 0.471397 -0.172054
vn 0.877675 0.471397 -0.086443
vn 0.881921 0.471397 -0.000000
vn 0.923880 0.382683 0.000000
vn 0.919431 0.382683 0.090556
vn 0.906127 0.382683 0.180240
vn 0.884098 0.382683 0.268188
vn 0.853553 0.382683 0.353553
vn 0.814789 0.382683 0.435514
vn 0.768178 0.382683 0.513280
vn 0.714169 0.382683 0.586103
vn 0.653281 0.382683 0.653281
vn 0.586103 0.382683 0.714169
vn 0.513280 0.382683 0.768178
vn 0.435514 0.382683 0.814789
vn 0.353553 0.382683 0.853553
vn 0.268188 0.382683 0.884098
vn 0.180240 0.382683 0.906127
vn 0.090556 0.382683 0.919431
vn 0.000000 0.382683 0.923880
vn -0.090556 0.382683 0.919431
vn -0.180240 0.382683 0.906127
vn -0.268188 0.382683 0.884098
vn -0.353553 0.382683 0.853553
vn -0.435514 0.382683 0.814789
vn -0.513280 0.382683 0.768178
vn -0.586103 0.382683 0.714169
vn -0.653281 0.382683 0.653281
vn -0.714169 0.382683 0.586103
vn -0.768178 0.382683 0.513280
vn -0.814789 0.382683 0.435514
vn -0.853553 0.382683 0.353553
vn -0.884098 0.382683 0.268188
vn -0.906127 0.382683 0.180240
vn -0.919431 0.382683 0.090556
vn -0.923880 0.382683 0.000000
vn -0.919431 0.382683 -0.090556
vn -0.906127 0.382683 -0.180240
vn -0.884098 0.382683 -0.268188
vn -0.853553 0.382683 -0.353553
vn -0.814789 0.382683 -0.435514
vn -0.768178 0.382683 -0.513280
vn -0.714169 0.382683 -0.586103
vn -0.653281 0.382683 -0.653281
vn -0.586103 0.382683 -0.714169
vn -0.513280 0.382683 -0.768178
vn -0.435514 0.382683 -0.814789
vn -0.353553 0.382683 -0.853553
vn -0.268188 0.382683 -0.884098
vn -0.180240 0.382683 -0.906127
vn -0.090556 0.382683 -0.919431
vn -0.000000 0.382683 -0.923880
vn 0.090556 0.382683 -0.919431
vn 0.180240 0.382683 -0.906127
vn 0.268188 0.382683 -0.884098
vn 0.353553 0.382683 -0.853553
vn 0.435514 0.382683 -0.814789
vn 0.513280 0.382683 -0.768178
vn 0.586103 0.382683 -0.714169
vn 0.653281 0.382683 -0.653281
vn 0.714169 0.382683 -0.586103
vn 0.768178 0.382683 -0.513280
vn 0.814789 0.382683 -0.435514
vn 0.853553 0.382683 -0.353553
vn 0.884098 0.382683 -0.268188
vn 0.906127 0.382683 -0.180240
vn 0.919431 0.382683 -0.090556
vn 0.923880 0.382683 -0.000000
vn 0.956940 0.290285 0.000000
vn 0.952332 0.290285 0.093797
vn 0.938553 0.290285 0.186690
vn 0.915735 0.290285 0.277785
vn 0.884098 0.290285 0.366205
vn 0.843946 0.290285 0.451099
vn 0.795667 0.290285 0.531648
vn 0.739725 0.290285 0.607077
vn 0.676659 0.290285 0.676659
vn 0.607077 0.290285 0.739725
vn 0.531648 0.290285 0.795667
vn 0.451099 0.290285 0.843946
vn 0.366205 0.290285 0.884098
vn 0.277785 0.290285 0.915735
vn 0.186690 0.290285 0.938553
vn 0.093797 0.290285 0.952332
vn 0.000000 0.290285 0.956940
vn -0.093797 0.290285 0.952332
vn -0.186690 0.290285 0.938553
vn -0.277785 0.290285 0.915735
vn -0.366205 0.290285 0.884098
vn -0.451099 0.290285 0.843946
vn -0.531648 0.290285 0.795667
vn -0.607077 0.290285 0.739725
vn -0.676659 0.290285 0.676659
vn -0.739725 0.290285 0.607077
vn -0.795667 0.290285 0.531648
vn -0.843946 0.290285 0.451099
vn -0.884098 0.290285 0.366205
vn -0.915735 0.290285 0.277785
vn -0.938553 0.290285 0.186690
vn -0.952332 0.290285 0.093797
vn -0.956940 0.290285 0.000000
vn -0.952332 0.290285 -0.093797
vn -0.938553 0.290285 -0.186690
vn -0.915735 0.290285 -0.277785
vn -0.884098 0.290285 -0.366205
vn -0.843946 0.290285 -0.451099
vn -0.795667 0.290285 -0.531648
vn -0.739725 0.290285 -0.607077
vn -0.676659 0.290285 -0.676659
vn -0.607077 0.290285 -0.739725
vn -0.531648 0.290285 -0.795667
vn -0.451099 0.290285 -0.843946
vn -0.366205 0.290285 -0.884098
vn -0.277785 0.290285 -0.915735
vn -0.186690 0.290285 -0.938553
vn -0.093797 0.290285 -0.952332
vn -0.000000 0.290285 -0.956940
vn 0.093797 0.290285 -0.952332
vn 0.186690 0.290285 -0.938553
vn 0.277785 0.290285 -0.915735
vn 0.366205 0.290285 -0.884098
vn 0.451099 0.290285 -0.843946
vn 0.531648 0.290285 -0.795667
vn 0.607077 0.290285 -0.739725
vn 0.676659 0.290285 -0.676659
vn 0.739725 0.290285 -0.607077
vn 0.795667 0.290285 -0.531648
vn 0.843946 0.290285 -0.451099
vn 0.884098 0.290285 -0.366205
vn 0.915735 0.290285 -0.277785
vn 0.938553 0.290285 -0.186690
vn 0.952332 0.290285 -0.093797
vn 0.956940 0.290285 -0.000000
vn 0.980785 0.195090 0.000000
vn 0.976063 0.195090 0.096134
vn 0.961940 0.195090 0.191342
vn 0.938553 0.195090 0.284707
vn 0.906127 0.195090 0.375330
vn 0.864975 0.195090 0.462339
vn 0.815493 0.195090 0.544895
vn 0.758157 0.195090 0.622204
vn 0.693520 0.195090 0.693520
vn 0.622204 0.195090 0.758157
vn 0.544895 0.195090 0.815493
vn 0.462339 0.195090 0.864975
vn 0.375330 0.195090 0.906127
vn 0.284707 0.195090 0.938553
vn 0.191342 0.195090 0.961940
vn 0.096134 0.195090 0.976063
vn 0.000000 0.195090 0.980785
vn -0.096134 0.195090 0.976063
vn -0.191342 0.195090 0.961940
vn -0.284707 0.195090 0.938553
vn -0.375330 0.195090 0.906127
vn -0.462339 0.195090 0.864975
vn -0.544895 0.195090 0.815493
vn -0.622204 0.195090 0.758157
vn -0.693520 0.195090 0.693520
vn -0.758157 0.195090 0.622204
vn -0.815493 0.195090 0.544895
vn -0.864975 0.195090 0.462339
vn -0.906127 0.195090 0.375330
vn -0.938553 0.195090 0.284707
vn -0.961940 0.195090 0.191342
vn -0.976063 0.195090 0.096134
vn -0.980785 0.195090 0.000000
vn -0.976063 0.195090 -0.096134
vn -0.961940 0.195090 -0.191342
vn -0.938553 0.195090 -0.284707
vn -0.906127 0.195090 -0.375330
vn -0.864975 0.195090 -0.462339
vn -0.815493 0.195090 -0.544895
vn -0.758157 0.195090 -0.622204
vn -0.693520 0.195090 -0.693520
vn -0.622204 0.195090 -0.758157
vn -0.544895 0.195090 -0.815493
vn -0.462339 0.195090 -0.864975
vn -0.375330 0.195090 -0.906127
vn -0.284707 0.195090 -0.938553
vn -0.191342 0.195090 -0.961940
vn -0.096134 0.195090 -0.976063
vn -0.000000 0.195090 -0.980785
vn 0.096134 0.195090 -0.976063
vn 0.191342 0.195090 -0.961940
vn 0.284707 0.195090 -0.938553
vn 0.375330 0.195090 -0.906127
vn 0.462339 0.195090 -0.864975
vn 0.544895 0.195090 -0.815493
vn 0.622204 0.195090 -0.758157
vn 0.693520 0.195090 -0.693520
vn 0.758157 0.195090 -0.622204
vn 0.815493 0.195090 -0.544895
vn 0.864975 0.195090 -0.462339
vn 0.906127 0.195090 -0.375330
vn 0.938553 0.195090 -0.284707
vn 0.961940 0.195090 -0.191342
vn 0.976063 0.195090 -0.096134
vn 0.980785 0.195090 -0.000000
f 1/1/1 2/2/2 3/3/3
f 1/1/1 3/3/3 4/4/4
f 4/4/4 3/3/3 5/5/5
f 4/4/4 5/5/5 6/6/6
f 6/6/6 5/5/5 7/7/7
f 6/6/6 7/7/7 8/8/8
f 8/8/8 7/7/7 9/9/9
f 8/8/8 9/9/9 10/10/10
f 10/10/10 9/9/9 11/11/11
f 10/10/10 11/11/11 12/12/12
f 12/12/12 11/11/11 13/13/13
f 12/12/12 13/13/13 14/14/14
f 14/14/14 13/13/13 15/15/15
f 14/14/14 15/15/15 16/16/16
f 16/16/16 15/15/15 17/17/17
f 16/16/16 17/17/17 18/18/18
f 18/18/18 17/17/17 19/19/19
f 18/18/18 19/19/19 20/20/20
f 20/20/20 19/19/19 21/21/21
f 20/20/20 21/21/21 22/22/22
f 22/22/22 21/21/21 23/23/23
f 22/22/22 23/23/23 24/24/24
f 24/24/24 23/23/23 25/25/25
f 24/24/24 25/25/25 26/26/26
f 26/26/26 25/25/25 27/27/27
f 26/26/26 27/27/27 28/28/28
f 28/28/28 27/27/27 29/29/29
f 28/28/28 29/29/29 30/30/30
f 30/30/30 29/29/29 31/31/31
f 30/30/30 31/31/31 32/32/32
f 32/32/32 31/31/31 33/33/33
f 32/32/32 33/33/33 34/34/34
f 34/34/34 33/33/33 35/35/35
f 34/34/34 35/35/35 36/36/36
f 36/36/36 35/35/35 37/37/37
f 36/36/36 37/37/37 38/38/38
f 38/38/38 37/37/37 39/39/39
f 38/38/38 39/39/39 40/40/40
f 40/40/40 39/39/39 41/41/41
f 40/40/40 41/41/41 42/42/42
f 42/42/42 41/41/41 43/43/43
f 42/42/42 43/43/43 44/44/44
f 44/44/44 43/43/43 45/45/45
f 44/44/44 45/45/45 46/46/46
f 46/46/46 45/45/45 47/47/47
f 46/46/46 47/47/47 48/48/48
f 48/48/48 47/47/47 49/49/49
f 48/48/48 49/49/49 50/50/50
f 50/50/50 49/49/49 51/51/51
f 50/50/50 51/51/51 52/52/52
f 52/52/52 51/51/51 53/53/53
f 52/52/52 53/53/53 54/54/54
f 54/54/54 53/53/53 55/55/55
f 54/54/54 55/55/55 56/56/56
f 56/56/56 55/55/55 57/57/57
f 56/56/56 57/57/57 58/58/58
f 58/58/58 57/57/57 59/59/59
f 58/58/58 59/59/59 60/60/60
f 60/60/60 59/59/59 61/61/61
f 60/60/60 61/61/61 62/62/62
f 62/62/62 61/61/61 63/63/63
f 62/62/62 63/63/63 64/64/64
f 64/64/64 63/63/63 65/65/65
f 64/64/64 65/65/65 66/66/66
f 66/66/66 65/65/65 67/67/67
f 66/66/66 67/67/67 68/68/68
f 68/68/68 67/67/67 69/69/69
f 68/68/68 69/69/69 70/70/70
f 70/70/70 69/69/69 71/71/71
f 70/70/70 71/71/71 72/72/72
f 72/72/72 71/71/71 73/73/73
f 72/72/72 73/73/73 74/74/74
f 74/74/74 73/73/73 75/75/75
f 74/74/74 75/75/75 76/76/76
f 76/76/76 75/75/75 77/77/77
f 76/76/76 77/77/77 78/78/78
f 78/78/78 77/77/77 79/79/79
f 78/78/78 79/79/79 80/80/80
f 80/80/80 79/79/79 81/81/81
f 80/80/80 81/81/81 82/82/82
f 82/82/82 81/81/81 83/83/83
f 82/82/82 83/83/83 84/84/84
f 84/84/84 83/83/83 85/85/85
f 84/84/84 85/85/85 86/86/86
f 86/86/86 85/85/85 87/87/87
f 86/86/86 87/87/87 88/88/88
f 88/88/88 87/87/87 89/89/89
f 88/88/88 89/89/89 90/90/90
f 90/90/90 89/89/89 91/91/91
f 90/90/90 91/91/91 92/92/92
f 92/92/92 91/91/91 93/93/93
f 92/92/92 93/93/93 94/94/94
f 94/94/94 93/93/93 95/95/95
f 94/94/94 95/95/95 96/96/96
f 96/96/96 95/95/95 97/97/97
f 96/96/96 97/97/97 98/98/98
f 98/98/98 97/97/97 99/99/99
f 98/98/98 99/99/99 100/100/100
f 100/100/100 99/99/99 101/101/101
f 100/100/100 101/101/101 102/102/102
f 102/102/102 101/101/101 103/103/103
f 102/102/102 103/103/103 104/104/104
f 104/104/104 103/103/103 105/105/105
f 104/104/104 105/105/105 106/106/106
f 106/106/106 105/105/105 107/107/107
f 106/106/106 107/107/107 108/108/108
f 108/108/108 107/107/107 109/109/109
f 108/108/108 109/109/109 110/110/110
f 110/110/110 109/109/109 111/111/111
f 110/110/110 111/111/111 112/112/112
f 112/112/112 111/111/111 113/113/113
f 112/112/112 113/113/113 114/114/114
f 114/114/114 113/113/113 115/115/115
f 114/114/114 115/115/115 116/116/116
f 116/116/116 115/115/115 117/117/117
f 116/116/116 117/117/117 118/118/118
f 118/118/118 117/117/117 119/119/119
f 118/118/118 119/119/119 120/120/120
f 120/120/120 119/119/119 121/121/121
f 120/120/120 121/121/121 122/122/122
f 122/122/122 121/121/121 123/123/123
f 122/122/122 123/123/123 124/124/124
f 124/124/124 123/123/123 125/125/125
f 124/124/124 125/125/125 126/126/126
f 126/126/126 125/125/125 127/127/127
f 126/126/126 127/127/127 128/128/128
f 128/128/128 127/127/127 129/129/129
f 128/128/128 129/129/129 130/130/130
f 2/2/2 131/131/131 132/132/132
f 2/2/2 132/132/132 3/3/3
f 3/3/3 132/132/132 133/133/133
f 3/3/3 133/133/133 5/5/5
f 5/5/5 133/133/133 134/134/134
f 5/5/5 134/134/134 7/7/7
f 7/7/7 134/134/134 135/135/135
f 7/7/7 135/135/135 9/9/9
f 9/9/9 135/135/135 136/136/136
f 9/9/9 136/136/136 11/11/11
f 11/11/11 136/136/136 137/137/137
f 11/11/11 137/137/137 13/13/13
f 13/13/13 137/137/137 138/138/138
f 13/13/13 138/138/138 15/15/15
f 15/15/15 138/138/138 139/139/139
f 15/15/15 139/139/139 17/17/17
f 17/17/17 139/139/139 140/140/140
f 17/17/17 140/140/140 19/19/19
f 19/19/19 140/140/140 141/141/141
f 19/19/19 141/141/141 21/21/21
f 21/21/21 141/141/141 142/142/142
f 21/21/21 142/142/142 23/23/23
f 23/23/23 142/142/142 143/143/143
f 23/23/23 143/143/143 25/25/25
f 25/25/25 143/143/143 144/144/144
f 25/25/25 144/144/144 27/27/27
f 27/27/27 144/144/144 145/145/145
f 27/27/27 145/145/145 29/29/29
f 29/29/29 145/145/145 146/146/146
f 29/29/29 146/146/146 31/31/31
f 31/31/31 146/146/146 147/147/147
f 31/31/31 147/147/147 33/33/33
f 33/33/33 147/147/147 148/148/148
f 33/33/33 148/148/148 35/35/35
f 35/35/35 148/148/148 149/149/149
f 35/35/35 149/149/149 37/37/37
f 37/37/37 149/149/149 150/150/150
f 37/37/37 150/150/150 39/39/39
f 39/39/39 150/150/150 151/151/151
f 39/39/39 151/151/151 41/41/41
f 41/41/41 151/151/151 152/152/152
f 41/41/41 152/152/152 43/43/43
f 43/43/43 152/152/152 153/153/153
f 43/43/43 153/153/153 45/45/45
f 45/45/45 153/153/153 154/154/154
f 45/45/45 154/154/154 47/47/47
f 47/47/47 154/154/154 155/155/155
f 47/47/47 155/155/155 49/49/49
f 49/49/49 155/155/155 156/156/156
f 49/49/49 156/156/156 51/51/51
f 51/51/51 156/156/156 157/157/157
f 51/51/51 157/157/157 53/53/53
f 53/53/53 157/157/157 158/158/158
f 53/53/53 158/158/158 55/55/55
f 55/55/55 158/158/158 159/159/159
f 55/55/55 159/159/159 57/57/57
f 57/57/57 159/159/159 160/160/160
f 57/57/57 160/160/160 59/59/59
f 59/59/59 160/160/160 161/161/161
f 59/59/59 161/161/161 61/61/61
f 61/61/61 161/161/161 162/162/162
f 61/61/61 162/162/162 63/63/63
f 63/63/63 162/162/162 163/163/163
f 63/63/63 163/163/163 65/65/65
f 65/65/65 163/163/163 164/164/164
f 65/65/65 164/164/164 67/67/67
f 67/67/67 164/164/164 165/165/165
f 67/67/67 165/165/165 69/69/69
f 69/69/69 165/165/165 166/166/166
f 69/69/69 166/166/166 71/71/71
f 71/71/71 166/166/166 167/167/167
f 71/71/71 167/167/167 73/73/73
f 73/73/73 167/167/167 168/168/168
f 73/73/73 168/168/168 75/75/75
f 75/75/75 168/168/168 169/169/169
f 75/75/75 169/169/169 77/77/77
f 77/77/77 169/169/169 170/170/170
f 77/77/77 170/170/170 79/79/79
f 79/79/79 170/170/170 171/171/171
f 79/79/79 171/171/171 81/81/81
f 81/81/81 171/171/171 172/172/172
f 81/81/81 172/172/172 83/83/83
f 83/83/83 172/172/172 173/173/173
f 83/83/83 173/173/173 85/85/85
f 85/85/85 173/173/173 174/174/174
f 85/85/85 174/174/174 87/87/87
f 87/87/87 174/174/174 175/175/175
f 87/87/87 175/175/175 89/89/89
f 89/89/89 175/175/175 176/176/176
f 89/89/89 176/176/176 91/91/91
f 91/91/91 176/176/176 177/177/177
f 91/91/91 177/177/177 93/93/93
f 93/93/93 177/177/177 178/178/178
f 93/93/93 178/178/178 95/95/95
f 95/95/95 178/178/178 179/179/179
f 95/95/95 179/179/179 97/97/97
f 97/97/97 179/179/179 180/180/180
f 97/97/97 180/180/180 99/99/99
f 99/99/99 180/180/180 181/181/181
f 99/99/99 181/181/181 101/101/101
f 101/101/101 181/181/181 182/182/182
f 101/101/101 182/182/182 103/103/103
f 103/103/103 182/182/182 183/183/183
f 103/103/103 183/183/183 105/105/105
f 105/105/105 183/183/183 184/184/184
f 105/105/105 184/184/184 107/107/107
f 107/107/107 184/184/184 185/185/185
f 107/107/107 185/185/185 109/109/109
f 109/109/109 185/185/185 186/186/186
f 109/109/109 186/186/186 111/111/111
f 111/111/111 186/186/186 187/187/187
f 111/111/111 187/187/187 113/113/113
f 113/113/113 187/187/187 188/188/188
f 113/113/113 188/188/188 115/115/115
f 115/115/115 188/188/188 189/189/189
f 115/115/115 189/189/189 117/117/117
f 117/117/117 189/189/189 190/190/190
f 117/117/117 190/190/190 119/119/119
f 119/119/119 190/190/190 191/191/191
f 119/119/119 191/191/191 121/121/121
f 121/121/121 191/191/191 192/192/192
f 121/121/121 192/192/192 123/123/123
f 123/123/123 192/192/192 193/193/193
f 123/123/123 193/193/193 125/125/125
f 125/125/125 193/193/193 194/194/194
f 125/125/125 194/194/194 127/127/127
f 127/127/127 194/194/194 195/195/195
f 127/127/127 195/195/195 129/129/129
f 131/131/131 196/196/196 197/197/197
f 131/131/131 197/197/197 132/132/132
f 132/132/132 197/197/197 198/198/198
f 132/132/132 198/198/198 133/133/133
f 133/133/133 198/198/198 199/199/199
f 133/133/133 199/199/199 134/134/134
f 134/134/134 199/199/199 200/200/200
f 134/134/134 200/200/200 135/135/135
f 135/135/135 200/200/200 201/201/201
f 135/135/135 201/201/201 136/136/136
f 136/136/136 201/201/201 202/202/202
f 136/136/136 202/202/202 137/137/137
f 137/137/137 202/202/202 203/203/203
f 137/137/137 203/203/203 138/138/138
f 138/138/138 203/203/203 204/204/204
f 138/138/138 204/204/204 139/139/139
f 139/139/139 204/204/204 205/205/205
f 139/139/139 205/205/205 140/140/140
f 140/140/140 205/205/205 206/206/206
f 140/140/140 206/206/206 141/141/141
f 141/141/141 206/206/206 207/207/207
f 141/141/141 207/207/207 142/142/142
f 142/142/142 207/207/207 208/208/208
f 142/142/142 208/208/208 143/143/143
f 143/143/143 208/208/208 209/209/209
f 143/143/143 209/209/209 144/144/144
f 144/144/144 209/209/209 210/210/210
f 144/144/144 210/210/210 145/145/145
f 145/145/145 210/210/210 211/211/211
f 145/145/145 211/211/211 146/146/146
f 146/146/146 211/211/211 212/212/212
f 146/146/146 212/212/212 147/147/147
f 147/147/147 212/212/212 213/213/213
f 147/147/147 213/213/213 148/148/148
f 148/148/148 213/213/213 214/214/214
f 148/148/148 214/214/214 149/149/149
f 149/149/149 214/214/214 215/215/215
f 149/149/149 215/215/215 150/150/150
f 150/150/150 215/215/215 216/216/216
f 150/150/150 216/216/216 151/151/151
f 151/151/151 216/216/216 217/217/217
f 151/151/151 217/217/217 152/152/152
f 152/152/152 217/217/217 218/218/218
f 152/152/152 218/218/218 153/153/153
f 153/153/153 218/218/218 219/219/219
f 153/153/153 219/219/219 154/154/154
f 154/154/154 219/219/219 220/220/220
f 154/154/154 220/220/220 155/155/155
f 155/155/155 220/220/220 221/221/221
f 155/155/155 221/221/221 156/156/156
f 156/156/156 221/221/221 222/222/222
f 156/156/156 222/222/222 157/157/157
f 157/157/157 222/222/222 223/223/223
f 157/157/157 223/223/223 158/158/158
f 158/158/158 223/223/223 224/224/224
f 158/158/158 224/224/224 159/159/159
f 159/159/159 224/224/224 225/225/225
f 159/159/159 225/225/225 160/160/160
f 160/160/160 225/225/225 226/226/226
f 160/160/160 226/226/226 161/161/161
f 161/161/161 226/226/226 227/227/227
f 161/161/161 227/227/227 162/162/162
f 162/162/162 227/227/227 228/228/228
f 162/162/162 228/228/228 163/163/163
f 163/163/163 228/228/228 229/229/229
f 163/163/163 229/229/229 164/164/164
f 164/164/164 229/229/229 230/230/230
f 164/164/164 230/230/230 165/165/165
f 165/165/165 230/230/230 231/231/231
f 165/165/165 231/231/231 166/166/166
f 166/166/166 231/231/231 232/232/232
f 166/166/166 232/232/232 167/167/167
f 167/167/167 232/232/232 233/233/233
f 167/167/167 233/233/233 168/168/168
f 168/168/168 233/233/233 234/234/234
f 168/168/168 234/234/234 169/169/169
f 169/169/169 234/234/234 235/235/235
f 169/169/169 235/235/235 170/170/170
f 170/170/170 235/235/235 236/236/236
f 170/170/170 236/236/236 171/171/171
f 171/171/171 236/236/236 237/237/237
f 171/171/171 237/237/237 172/172/172
f 172/172/172 237/237/237 238/238/238
f 172/172/172 238/238/238 173/173/173
f 173/173/173 238/238/238 239/239/239
f 173/173/173 239/239/239 174/174/174
f 174/174/174 239/239/239 240/240/240
f 174/174/174 240/240/240 175/175/175
f 175/175/175 240/240/240 241/241/241
f 175/175/175 241/241/241 176/176/176
f 176/176/176 241/241/241 242/242/242
f 176/176/176 242/242/242 177/177/177
f 177/177/177 242/242/242 243/243/243
f 177/177/177 243/243/243 178/178/178
f 178/178/178 243/243/243 244/244/244
f 178/178/178 244/244/244 179/179/179
f 179/179/179 244/244/244 245/245/245
f 179/179/179 245/245/245 180/180/180
f 180/180/180 245/245/245 246/246/246
f 180/180/180 246/246/246 181/181/181
f 181/181/181 246/246/246 247/247/247
f 181/181/181 247/247/247 182/182/182
f 182/182/182 247/247/247 248/248/248
f 182/182/182 248/248/248 183/183/183
f 183/183/183 248/248/248 249/249/249
f 183/183/183 249/249/249 184/184/184
f 184/184/184 249/249/249 250/250/250
f 184/184/184 250/250/250 185/185/185
f 185/185/185 250/250/250 251/251/251
f 185/185/185 251/251/251 186/186/186
f 186/186/186 251/251/251 252/252/252
f 186/186/186 252/252/252 187/187/187
f 187/187/187 252/252/252 253/253/253
f 187/187/187 253/253/253 188/188/188
f 188/188/188 253/253/253 254/254/254
f 188/188/188 254/254/254 189/189/189
f 189/189/189 254/254/254 255/255/255
f 189/189/189 255/255/255 190/190/190
f 190/190/190 255/255/255 256/256/256
f 190/190/190 256/256/256 191/191/191
f 191/191/191 256/256/256 257/257/257
f 191/191/191 257/257/257 192/192/192
f 192/192/192 257/257/257 258/258/258
f 192/192/192 258/258/258 193/193/193
f 193/193/193 258/258/258 259/259/259
f 193/193/193 259/259/259 194/194/194
f 194/194/194 259/259/259 260/260/260
f 194/194/194 260/260/260 195/195/195
f 196/196/196 261/261/261 262/262/262
f 196/196/196 262/262/262 197/197/197
f 197/197/197 262/262/262 263/263/263
f 197/197/197 263/263/263 198/198/198
f 198/198/198 263/263/263 264/264/264
f 198/198/198 264/264/264 199/199/199
f 199/199/199 264/264/264 265/265/265
f 199/199/199 265/265/265 200/200/200
f 200/200/200 265/265/265 266/266/266
f 200/200/200 266/266/266 201/201/201
f 201/201/201 266/266/266 267/267/267
f 201/201/201 267/267/267 202/202/202
f 202/202/202 267/267/267 268/268/268
f 202/202/202 268/268/268 203/203/203
f 203/203/203 268/268/268 269/269/269
f 203/203/203 269/269/269 204/204/204
f 204/204/204 269/269/269 270/270/270
f 204/204/204 270/270/270 205/205/205
f 205/205/205 270/270/270 271/271/271
f 205/205/205 271/271/271 206/206/206
f 206/206/206 271/271/271 272/272/272
f 206/206/206 272/272/272 207/207/207
f 207/207/207 272/272/272 273/273/273
f 207/207/207 273/273/273 208/208/208
f 208/208/208 273/273/273 274/274/274
f 208/208/208 274/274/274 209/209/209
f 209/209/209 274/274/274 275/275/275
f 209/209/209 275/275/275 210/210/210
f 210/210/210 275/275/275 276/276/276
f 210/210/210 276/276/276 211/211/211
f 211/211/211 276/276/276 277/277/277
f 211/211/211 277/277/277 212/212/212
f 212/212/212 277/277/277 278/278/278
f 212/212/212 278/278/278 213/213/213
f 213/213/213 278/278/278 279/279/279
f 213/213/213 279/279/279 214/214/214
f 214/214/214 279/279/279 280/280/280
f 214/214/214 280/280/280 215/215/215
f 215/215/215 280/280/280 281/281/281
f 215/215/215 281/281/281 216/216/216
f 216/216/216 281/281/281 282/282/282
f 216/216/216 282/282/282 217/217/217
f 217/217/217 282/282/282 283/283/283
f 217/217/217 283/283/283 218/218/218
f 218/218/218 283/283/283 284/284/284
f 218/218/218 284/284/284 219/219/219
f 219/219/219 284/284/284 285/285/285
f 219/219/219 285/285/285 220/220/220
f 220/220/220 285/285/285 286/286/286
f 220/220/220 286/286/286 221/221/221
f 221/221/221 286/286/286 287/287/287
f 221/221/221 287/287/287 222/222/222
f 222/222/222 287/287/287 288/288/288
f 222/222/222 288/288/288 223/223/223
f 223/223/223 288/288/288 289/289/289
f 223/223/223 289/289/289 224/224/224
f 224/224/224 289/289/289 290/290/290
f 224/224/224 290/290/290 225/225/225
f 225/225/225 290/290/290 291/291/291
f 225/225/225 291/291/291 226/226/226
f 226/226/226 291/291/291 292/292/292
f 226/226/226 292/292/292 227/227/227
f 227/227/227 292/292/292 293/293/293
f 227/227/227 293/293/293 228/228/228
f 228/228/228 293/293/293 294/294/294
f 228/228/228 294/294/294 229/229/229
f 229/229/229 294/294/294 295/295/295
f 229/229/229 295/295/295 230/230/230
f 230/230/230 295/295/295 296/296/296
f 230/230/230 296/296/296 231/231/231
f 231/231/231 296/296/296 297/297/297
f 231/231/231 297/297/297 232/232/232
f 232/232/232 297/297/297 298/298/298
f 232/232/232 298/298/298 233/233/233
f 233/233/233 298/298/298 299/299/299
f 233/233/233 299/299/299 234/234/234
f 234/234/234 299/299/299 300/300/300
f 234/234/234 300/300/300 235/235/235
f 235/235/235 300/300/300 301/301/301
f 235/235/235 301/301/301 236/236/236
f 236/236/236 301/301/301 302/302/302
f 236/236/236 302/302/302 237/237/237
f 237/237/237 302/302/302 303/303/303
f 237/237/237 303/303/303 238/238/238
f 238/238/238 303/303/303 304/304/304
f 238/238/238 304/304/304 239/239/239
f 239/239/239 304/304/304 305/305/305
f 239/239/239 305/305/305 240/240/240
f 240/240/240 305/305/305 306/306/306
f 240/240/240 306/306/306 241/241/241
f 241/241/241 306/306/306 307/307/307
f 241/241/241 307/307/307 242/242/242
f 242/242/242 307/307/307 308/308/308
f 242/242/242 308/308/308 243/243/243
f 243/243/243 308/308/308 309/309/309
f 243/243/243 309/309/309 244/244/244
f 244/244/244 309/309/309 310/310/310
f 244/244/244 310/310/310 245/245/245
f 245/245/245 310/310/310 311/311/311
f 245/245/245 311/311/311 246/246/246
f 246/246/246 311/311/311 312/312/312
f 246/246/246 312/312/312 247/247/247
f 247/247/247 312/312/312 313/313/313
f 247/247/247 313/313/313 248/248/248
f 248/248/248 313/313/313 314/314/314
f 248/248/248 314/314/314 249/249/249
f 249/249/249 314/314/314 315/315/315
f 249/249/249 315/315/315 250/250/250
f 250/250/250 315/315/315 316/316/316
f 250/250/250 316/316/316 251/251/251
f 251/251/251 316/316/316 317/317/317
f 251/251/251 317/317/317 252/252/252
f 252/252/252 317/317/317 318/318/318
f 252/252/252 318/318/318 253/253/253
f 253/253/253 318/318/318 319/319/319
f 253/253/253 319/319/319 254/254/254
f 254/254/254 319/319/319 320/320/320
f 254/254/254 320/320/320 255/255/255
f 255/255/255 320/320/320 321/321/321
f 255/255/255 321/321/321 256/256/256
f 256/256/256 321/321/321 322/322/322
f 256/256/256 322/322/322 257/257/257
f 257/257/257 322/322/322 323/323/323
f 257/257/257 323/323/323 258/258/258
f 258/258/258 323/323/323 324/324/324
f 258/258/258 324/324/324 259/259/259
f 259/259/259 324/324/324 325/325/325
f 259/259/259 325/325/325 260/260/260
f 261/261/261 326/326/326 327/327/327
f 261/261/261 327/327/327 262/262/262
f 262/262/262 327/327/327 328/328/328
f 262/262/262 328/328/328 263/263/263
f 263/263/263 328/328/328 329/329/329
f 263/263/263 329/329/329 264/264/264
f 264/264/264 329/329/329 330/330/330
f 264/264/264 330/330/330 265/265/265
f 265/265/265 330/330/330 331/331/331
f 265/265/265 331/331/331 266/266/266
f 266/266/266 331/331/331 332/332/332
f 266/266/266 332/332/332 267/267/267
f 267/267/267 332/332/332 333/333/333
f 267/267/267 333/333/333 268/268/268
f 268/268/268 333/333/333 334/334/334
f 268/268/268 334/334/334 269/269/269
f 269/269/269 334/334/334 335/335/335
f 269/269/269 335/335/335 270/270/270
f 270/270/270 335/335/335 336/336/336
f 270/270/270 336/336/336 271/271/271
f 271/271/271 336/336/336 337/337/337
f 271/271/271 337/337/337 272/272/272
f 272/272/272 337/337/337 338/338/338
f 272/272/272 338/338/338 273/273/273
f 273/273/273 338/338/338 339/339/339
f 273/273/273 339/339/339 274/274/274
f 274/274/274 339/339/339 340/340/340
f 274/274/274 340/340/340 275/275/275
f 275/275/275 340/340/340 341/341/341
f 275/275/275 341/341/341 276/276/276
f 276/276/276 341/341/341 342/342/342
f 276/276/276 342/342/342 277/277/277
f 277/277/277 342/342/342 343/343/343
f 277/277/277 343/343/343 278/278/278
f 278/278/278 343/343/343 344/344/344
f 278/278/278 344/344/344 279/279/279
f 279/279/279 344/344/344 345/345/345
f 279/279/279 345/345/345 280/280/280
f 280/280/280 345/345/345 346/346/346
f 280/280/280 346/346/346 281/281/281
f 281/281/281 346/346/346 347/347/347
f 281/281/281 347/347/347 282/282/282
f 282/282/282 347/347/347 348/348/348
f 282/282/282 348/348/348 283/283/283
f 283/283/283 348/348/348 349/349/349
f 283/283/283 349/349/349 284/284/284
f 284/284/284 349/349/349 350/350/350
f 284/284/284 350/350/350 285/285/285
f 285/285/285 350/350/350 351/351/351
f 285/285/285 351/351/351 286/286/286
f 286/286/286 351/351/351 352/352/352
f 286/286/286 352/352/352 287/287/287
f 287/287/287 352/352/352 353/353/353
f 287/287/287 353/353/353 288/288/288
f 288/288/288 353/353/353 354/354/354
f 288/288/288 354/354/354 289/289/289
f 289/289/289 354/354/354 355/355/355
f 289/289/289 355/355/355 290/290/290
f 290/290/290 355/355/355 356/356/356
f 290/290/290 356/356/356 291/291/291
f 291/291/291 356/356/356 357/357/357
f 291/291/291 357/357/357 292/292/292
f 292/292/292 357/357/357 358/358/358
f 292/292/292 358/358/358 293/293/293
f 293/293/293 358/358/358 359/359/359
f 293/293/293 359/359/359 294/294/294
f 294/294/294 359/359/359 360/360/360
f 294/294/294 360/360/360 295/295/295
f 295/295/295 360/360/360 361/361/361
f 295/295/295 361/361/361 296/296/296
f 296/296/296 361/361/361 362/362/362
f 296/296/296 362/362/362 297/297/297
f 297/297/297 362/362/362 363/363/363
f 297/297/297 363/363/363 298/298/298
f 298/298/298 363/363/363 364/364/364
f 298/298/298 364/364/364 299/299/299
f 299/299/299 364/364/364 365/365/365
f 299/299/299 365/365/365 300/300/300
f 300/300/300 365/365/365 366/366/366
f 300/300/300 366/366/366 301/301/301
f 301/301/301 366/366/366 367/367/367
f 301/301/301 367/367/367 302/302/302
f 302/302/302 367/367/367 368/368/368
f 302/302/302 368/368/368 303/303/303
f 303/303/303 368/368/368 369/369/369
f 303/303/303 369/369/369 304/304/304
f 304/304/304 369/369/369 370/370/370
f 304/304/304 370/370/370 305/305/305
f 305/305/305 370/370/370 371/371/371
f 305/305/305 371/371/371 306/306/306
f 306/306/306 371/371/371 372/372/372
f 306/306/306 372/372/372 307/307/307
f 307/307/307 372/372/372 373/373/373
f 307/307/307 373/373/373 308/308/308
f 308/308/308 373/373/373 374/374/374
f 308/308/308 374/374/374 309/309/309
f 309/309/309 374/374/374 375/375/375
f 309/309/309 375/375/375 310/310/310
f 310/310/310 375/375/375 376/376/376
f 310/310/310 376/376/376 311/311/311
f 311/311/311 376/376/376 377/377/377
f 311/311/311 377/377/377 312/312/312
f 312/312/312 377/377/377 378/378/378
f 312/312/312 378/378/378 313/313/313
f 313/313/313 378/378/378 379/379/379
f 313/313/313 379/379/379 314/314/314
f 314/314/314 379/379/379 380/380/380
f 314/314/314 380/380/380 315/315/315
f 315/315/315 380/380/380 381/381/381
f 315/315/315 381/381/381 316/316/316
f 316/316/316 381/381/381 382/382/382
f 316/316/316 382/382/382 317/317/317
f 317/317/317 382/382/382 383/383/383
f 317/317/317 383/383/383 318/318/318
f 318/318/318 383/383/383 384/384/384
f 318/318/318 384/384/384 319/319/319
f 319/319/319 384/384/384 385/385/385
f 319/319/319 385/385/385 320/320/320
f 320/320/320 385/385/385 386/386/386
f 320/320/320 386/386/386 321/321/321
f 321/321/321 386/386/386 387/387/387
f 321/321/321 387/387/387 322/322/322
f 322/322/322 387/387/387 388/388/388
f 322/322/322 388/388/388 323/323/323
f 323/323/323 388/388/388 389/389/389
f 323/323/323 389/389/389 324/324/324
f 324/324/324 389/389/389 390/390/390
f 324/324/324 390/390/390 325/325/325
f 326/326/326 391/391/391 392/392/392
f 326/326/326 392/392/392 327/327/327
f 327/327/327 392/392/392 393/393/393
f 327/327/327 393/393/393 328/328/328
f 328/328/328 393/393/393 394/394/394
f 328/328/328 394/394/394 329/329/329
f 329/329/329 394/394/394 395/395/395
f 329/329/329 395/395/395 330/330/330
f 330/330/330 395/395/395 396/396/396
f 330/330/330 396/396/396 331/331/331
f 331/331/331 396/396/396 397/397/397
f 331/331/331 397/397/397 332/332/332
f 332/332/332 397/397/397 398/398/398
f 332/332/332 398/398/398 333/333/333
f 333/333/333 398/398/398 399/399/399
f 333/333/333 399/399/399 334/334/334
f 334/334/334 399/399/399 400/400/400
f 334/334/334 400/400/400 335/335/335
f 335/335/335 400/400/400 401/401/401
f 335/335/335 401/401/401 336/336/336
f 336/336/336 401/401/401 402/402/402
f 336/336/336 402/402/402 337/337/337
f 337/337/337 402/402/402 403/403/403
f 337/337/337 403/403/403 338/338/338
f 338/338/338 403/403/403 404/404/404
f 338/338/338 404/404/404 339/339/339
f 339/339/339 404/404/404 405/405/405
f 339/339/339 405/405/405 340/340/340
f 340/340/340 405/405/405 406/406/406
f 340/340/340 406/406/406 341/341/341
f 341/341/341 406/406/406 407/407/407
f 341/341/341 407/407/407 342/342/342
f 342/342/342 407/407/407 408/408/408
f 342/342/342 408/408/408 343/343/343
f 343/343/343 408/408/408 409/409/409
f 343/343/343 409/409/409 344/344/344
f 344/344/344 409/409/409 410/410/410
f 344/344/344 410/410/410 345/345/345
f 345/345/345 410/410/410 411/411/411
f 345/345/345 411/411/411 346/346/346
f 346/346/346 411/411/411 412/412/412
f 346/346/346 412/412/412 347/347/347
f 347/347/347 412/412/412 413/413/413
f 347/347/347 413/413/413 348/348/348
f 348/348/348 413/413/413 414/414/414
f 348/348/348 414/414/414 349/349/349
f 349/349/349 414/414/414 415/415/415
f 349/349/349 415/415/415 350/350/350
f 350/350/350 415/415/415 416/416/416
f 350/350/350 416/416/416 351/351/351
f 351/351/351 416/416/416 417/417/417
f 351/351/351 417/417/417 352/352/352
f 352/352/352 417/417/417 418/418/418
f 352/352/352 418/418/418 353/353/353
f 353/353/353 418/418/418 419/419/419
f 353/353/353 419/419/419 354/354/354
f 354/354/354 419/419/419 420/420/420
f 354/354/354 420/420/420 355/355/355
f 355/355/355 420/420/420 421/421/421
f 355/355/355 421/421/421 356/356/356
f 356/356/356 421/421/421 422/422/422
f 356/356/356 422/422/422 357/357/357
f 357/357/357 422/422/422 423/423/423
f 357/357/357 423/423/423 358/358/358
f 358/358/358 423/423/423 424/424/424
f 358/358/358 424/424/424 359/359/359
f 359/359/359 424/424/424 425/425/425
f 359/359/359 425/425/425 360/360/360
f 360/360/360 425/425/425 426/426/426
f 360/360/360 426/426/426 361/361/361
f 361/361/361 426/426/426 427/427/427
f 361/361/361 427/427/427 362/362/362
f 362/362/362 427/427/427 428/428/428
f 362/362/362 428/428/428 363/363/363
f 363/363/363 428/428/428 429/429/429
f 363/363/363 429/429/429 364/364/364
f 364/364/364 429/429/429 430/430/430
f 364/364/364 430/430/430 365/365/365
f 365/365/365 430/430/430 431/431/431
f 365/365/365 431/431/431 366/366/366
f 366/366/366 431/431/431 432/432/432
f 366/366/366 432/432/432 367/367/367
f 367/367/367 432/432/432 433/433/433
f 367/367/367 433/433/433 368/368/368
f 368/368/368 433/433/433 434/434/434
f 368/368/368 434/434/434 369/369/369
f 369/369/369 434/434/434 435/435/435
f 369/369/369 435/435/435 370/370/370
f 370/370/370 435/435/435 436/436/436
f 370/370/370 436/436/436 371/371/371
f 371/371/371 436/436/436 437/437/437
f 371/371/371 437/437/437 372/372/372
f 372/372/372 437/437/437 438/438/438
f 372/372/372 438/438/438 373/373/373
f 373/373/373 438/438/438 439/439/439
f 373/373/373 439/439/439 374/374/374
f 374/374/374 439/439/439 440/440/440
f 374/374/374 440/440/440 375/375/375
f 375/375/375 440/440/440 441/441/441
f 375/375/375 441/441/441 376/376/376
f 376/376/376 441/441/441 442/442/442
f 376/376/376 442/442/442 377/377/377
f 377/377/377 442/442/442 443/443/443
f 377/377/377 443/443/443 378/378/378
f 378/378/378 443/443/443 444/444/444
f 378/378/378 444/444/444 379/379/379
f 379/379/379 444/444/444 445/445/445
f 379/379/379 445/445/445 380/380/380
f 380/380/380 445/445/445 446/446/446
f 380/380/380 446/446/446 381/381/381
f 381/381/381 446/446/446 447/447/447
f 381/381/381 447/447/447 382/382/382
f 382/382/382 447/447/447 448/448/448
f 382/382/382 448/448/448 383/383/383
f 383/383/383 448/448/448 449/449/449
f 383/383/383 449/449/449 384/384/384
f 384/384/384 449/449/449 450/450/450
f 384/384/384 450/450/450 385/385/385
f 385/385/385 450/450/450 451/451/451
f 385/385/385 451/451/451 386/386/386
f 386/386/386 451/451/451 452/452/452
f 386/386/386 452/452/452 387/387/387
f 387/387/387 452/452/452 453/453/453
f 387/387/387 453/453/453 388/388/388
f 388/388/388 453/453/453 454/454/454
f 388/388/388 454/454/454 389/389/389
f 389/389/389 454/454/454 455/455/455
f 389/389/389 455/455/455 390/390/390
f 391/391/391 456/456/456 457/457/457
f 391/391/391 457/457/457 392/392/392
f 392/392/392 457/457/457 458/458/458
f 392/392/392 458/458/458 393/393/393
f 393/393/393 458/458/458 459/459/459
f 393/393/393 459/459/459 394/394/394
f 394/394/394 459/459/459 460/460/460
f 394/394/394 460/460/460 395/395/395
f 395/395/395 460/460/460 461/461/461
f 395/395/395 461/461/461 396/396/396
f 396/396/396 461/461/461 462/462/462
f 396/396/396 462/462/462 397/397/397
f 397/397/397 462/462/462 463/463/463
f 397/397/397 463/463/463 398/398/398
f 398/398/398 463/463/463 464/464/464
f 398/398/398 464/464/464 399/399/399
f 399/399/399 464/464/464 465/465/465
f 399/399/399 465/465/465 400/400/400
f 400/400/400 465/465/465 466/466/466
f 400/400/400 466/466/466 401/401/401
f 401/401/401 466/466/466 467/467/467
f 401/401/401 467/467/467 402/402/402
f 402/402/402 467/467/467 468/468/468
f 402/402/402 468/468/468 403/403/403
f 403/403/403 468/468/468 469/469/469
f 403/403/403 469/469/469 404/404/404
f 404/404/404 469/469/469 470/470/470
f 404/404/404 470/470/470 405/405/405
f 405/405/405 470/470/470 471/471/471
f 405/405/405 471/471/471 406/406/406
f 406/406/406 471/471/471 472/472/472
f 406/406/406 472/472/472 407/407/407
f 407/407/407 472/472/472 473/473/473
f 407/407/407 473/473/473 408/408/408
f 408/408/408 473/473/473 474/474/474
f 408/408/408 474/474/474 409/409/409
f 409/409/409 474/474/474 475/475/475
f 409/409/409 475/475/475 410/410/410
f 410/410/410 475/475/475 476/476/476
f 410/410/410 476/476/476 411/411/411
f 411/411/411 476/476/476 477/477/477
f 411/411/411 477/477/477 412/412/412
f 412/412/412 477/477/477 478/478/478
f 412/412/412 478/478/478 413/413/413
f 413/413/413 478/478/478 479/479/479
f 413/413/413 479/479/479 414/414/414
f 414/414/414 479/479/479 480/480/480
f 414/414/414 480/480/480 415/415/415
f 415/415/415 480/480/480 481/481/481
f 415/415/415 481/481/481 416/416/416
f 416/416/416 481/481/481 482/482/482
f 416/416/416 482/482/482 417/417/417
f 417/417/417 482/482/482 483/483/483
f 417/417/417 483/483/483 418/418/418
f 418/418/418 483/483/483 484/484/484
f 418/418/418 484/484/484 419/419/419
f 419/419/419 484/484/484 485/485/485
f 419/419/419 485/485/485 420/420/420
f 420/420/420 485/485/485 486/486/486
f 420/420/420 486/486/486 421/421/421
f 421/421/421 486/486/486 487/487/487
f 421/421/421 487/487/487 422/422/422
f 422/422/422 487/487/487 488/488/488
f 422/422/422 488/488/488 423/423/423
f 423/423/423 488/488/488 489/489/489
f 423/423/423 489/489/489 424/424/424
f 424/424/424 489/489/489 490/490/490
f 424/424/424 490/490/490 425/425/425
f 425/425/425 490/490/490 491/491/491
f 425/425/425 491/491/491 426/426/426
f 426/426/426 491/491/491 492/492/492
f 426/426/426 492/492/492 427/427/427
f 427/427/427 492/492/492 493/493/493
f 427/427/427 493/493/493 428/428/428
f 428/428/428 493/493/493 494/494/494
f 428/428/428 494/494/494 429/429/429
f 429/429/429 494/494/494 495/495/495
f 429/429/429 495/495/495 430/430/430
f 430/430/430 495/495/495 496/496/496
f 430/430/430 496/496/496 431/431/431
f 431/431/431 496/496/496 497/497/497
f 431/431/431 497/497/497 432/432/432
f 432/432/432 497/497/497 498/498/498
f 432/432/432 498/498/498 433/433/433
f 433/433/433 498/498/498 499/499/499
f 433/433/433 499/499/499 434/434/434
f 434/434/434 499/499/499 500/500/500
f 434/434/434 500/500/500 435/435/435
f 435/435/435 500/500/500 501/501/501
f 435/435/435 501/501/501 436/436/436
f 436/436/436 501/501/501 502/502/502
f 436/436/436 502/502/502 437/437/437
f 437/437/437 502/502/502 503/503/503
f 437/437/437 503/503/503 438/438/438
f 438/438/438 503/503/503 504/504/504
f 438/438/438 504/504/504 439/439/439
f 439/439/439 504/504/504 505/505/505
f 439/439/439 505/505/505 440/440/440
f 440/440/440 505/505/505 506/506/506
f 440/440/440 506/506/506 441/441/441
f 441/441/441 506/506/506 507/507/507
f 441/441/441 507/507/507 442/442/442
f 442/442/442 507/507/507 508/508/508
f 442/442/442 508/508/508 443/443/443
f 443/443/443 508/508/508 509/509/509
f 443/443/443 509/509/509 444/444/444
f 444/444/444 509/509/509 510/510/510
f 444/444/444 510/510/510 445/445/445
f 445/445/445 510/510/510 511/511/511
f 445/445/445 511/511/511 446/446/446
f 446/446/446 511/511/511 512/512/512
f 446/446/446 512/512/512 447/447/447
f 447/447/447 512/512/512 513/513/513
f 447/447/447 513/513/513 448/448/448
f 448/448/448 513/513/513 514/514/514
f 448/448/448 514/514/514 449/449/449
f 449/449/449 514/514/514 515/515/515
f 449/449/449 515/515/515 450/450/450
f 450/450/450 515/515/515 516/516/516
f 450/450/450 516/516/516 451/451/451
f 451/451/451 516/516/516 517/517/517
f 451/451/451 517/517/517 452/452/452
f 452/452/452 517/517/517 518/518/518
f 452/452/452 518/518/518 453/453/453
f 453/453/453 518/518/518 519/519/519
f 453/453/453 519/519/519 454/454/454
f 454/454/454 519/519/519 520/520/520
f 454/454/454 520/520/520 455/455/455
f 456/456/456 521/521/521 522/522/522
f 456/456/456 522/522/522 457/457/457
f 457/457/457 522/522/522 523/523/523
f 457/457/457 523/523/523 458/458/458
f 458/458/458 523/523/523 524/524/524
f 458/458/458 524/524/524 459/459/459
f 459/459/459 524/524/524 525/525/525
f 459/459/459 525/525/525 460/460/460
f 460/460/460 525/525/525 526/526/526
f 460/460/460 526/526/526 461/461/461
f 461/461/461 526/526/526 527/527/527
f 461/461/461 527/527/527 462/462/462
f 462/462/462 527/527/527 528/528/528
f 462/462/462 528/528/528 463/463/463
f 463/463/463 528/528/528 529/529/529
f 463/463/463 529/529/529 464/464/464
f 464/464/464 529/529/529 530/530/530
f 464/464/464 530/530/530 465/465/465
f 465/465/465 530/530/530 531/531/531
f 465/465/465 531/531/531 466/466/466
f 466/466/466 531/531/531 532/532/532
f 466/466/466 532/532/532 467/467/467
f 467/467/467 532/532/532 533/533/533
f 467/467/467 533/533/533 468/468/468
f 468/468/468 533/533/533 534/534/534
f 468/468/468 534/534/534 469/469/469
f 469/469/469 534/534/534 535/535/535
f 469/469/469 535/535/535 470/470/470
f 470/470/470 535/535/535 536/536/536
f 470/470/470 536/536/536 471/471/471
f 471/471/471 536/536/536 537/537/537
f 471/471/471 537/537/537 472/472/472
f 472/472/472 537/537/537 538/538/538
f 472/472/472 538/538/538 473/473/473
f 473/473/473 538/538/538 539/539/539
f 473/473/473 539/539/539 474/474/474
f 474/474/474 539/539/539 540/540/540
f 474/474/474 540/540/540 475/475/475
f 475/475/475 540/540/540 541/541/541
f 475/475/475 541/541/541 476/476/476
f 476/476/476 541/541/541 542/542/542
f 476/476/476 542/542/542 477/477/477
f 477/477/477 542/542/542 543/543/543
f 477/477/477 543/543/543 478/478/478
f 478/478/478 543/543/543 544/544/544
f 478/478/478 544/544/544 479/479/479
f 479/479/479 544/544/544 545/545/545
f 479/479/479 545/545/545 480/480/480
f 480/480/480 545/545/545 546/546/546
f 480/480/480 546/546/546 481/481/481
f 481/481/481 546/546/546 547/547/547
f 481/481/481 547/547/547 482/482/482
f 482/482/482 547/547/547 548/548/548
f 482/482/482 548/548/548 483/483/483
f 483/483/483 548/548/548 549/549/549
f 483/483/483 549/549/549 484/484/484
f 484/484/484 549/549/549 550/550/550
f 484/484/484 550/550/550 485/485/485
f 485/485/485 550/550/550 551/551/551
f 485/485/485 551/551/551 486/486/486
f 486/486/486 551/551/551 552/552/552
f 486/486/486 552/552/552 487/487/487
f 487/487/487 552/552/552 553/553/553
f 487/487/487 553/553/553 488/488/488
f 488/488/488 553/553/553 554/554/554
f 488/488/488 554/554/554 489/489/489
f 489/489/489 554/554/554 555/555/555
f 489/489/489 555/555/555 490/490/490
f 490/490/490 555/555/555 556/556/556
f 490/490/490 556/556/556 491/491/491
f 491/491/491 556/556/556 557/557/557
f 491/491/491 557/557/557 492/492/492
f 492/492/492 557/557/557 558/558/558
f 492/492/492 558/558/558 493/493/493
f 493/493/493 558/558/558 559/559/559
f 493/493/493 559/559/559 494/494/494
f 494/494/494 559/559/559 560/560/560
f 494/494/494 560/560/560 495/495/495
f 495/495/495 560/560/560 561/561/561
f 495/495/495 561/561/561 496/496/496
f 496/496/496 561/561/561 562/562/562
f 496/496/496 562/562/562 497/497/497
f 497/497/497 562/562/562 563/563/563
f 497/497/497 563/563/563 498/498/498
f 498/498/498 563/563/563 564/564/564
f 498/498/498 564/564/564 499/499/499
f 499/499/499 564/564/564 565/565/565
f 499/499/499 565/565/565 500/500/500
f 500/500/500 565/565/565 566/566/566
f 500/500/500 566/566/566 501/501/501
f 501/501/501 566/566/566 567/567/567
f 501/501/501 567/567/567 502/502/502
f 502/502/502 567/567/567 568/568/568
f 502/502/502 568/568/568 503/503/503
f 503/503/503 568/568/568 569/569/569
f 503/503/503 569/569/569 504/504/504
f 504/504/504 569/569/569 570/570/570
f 504/504/504 570/570/570 505/505/505
f 505/505/505 570/570/570 571/571/571
f 505/505/505 571/571/571 506/506/506
f 506/506/506 571/571/571 572/572/572
f 506/506/506 572/572/572 507/507/507
f 507/507/507 572/572/572 573/573/573
f 507/507/507 573/573/573 508/508/508
f 508/508/508 573/573/573 574/574/574
f 508/508/508 574/574/574 509/509/509
f 509/509/509 574/574/574 575/575/575
f 509/509/509 575/575/575 510/510/510
f 510/510/510 575/575/575 576/576/576
f 510/510/510 576/576/576 511/511/511
f 511/511/511 576/576/576 577/577/577
f 511/511/511 577/577/577 512/512/512
f 512/512/512 577/577/577 578/578/578
f 512/512/512 578/578/578 513/513/513
f 513/513/513 578/578/578 579/579/579
f 513/513/513 579/579/579 514/514/514
f 514/514/514 579/579/579 580/580/580
f 514/514/514 580/580/580 515/515/515
f 515/515/515 580/580/580 581/581/581
f 515/515/515 581/581/581 516/516/516
f 516/516/516 581/581/581 582/582/582
f 516/516/516 582/582/582 517/517/517
f 517/517/517 582/582/582 583/583/583
f 517/517/517 583/583/583 518/518/518
f 518/518/518 583/583/583 584/584/584
f 518/518/518 584/584/584 519/519/519
f 519/519/519 584/584/584 585/585/585
f 519/519/519 585/585/585 520/520/520
f 521/521/521 586/586/586 587/587/587
f 521/521/521 587/587/587 522/522/522
f 522/522/522 587/587/587 588/588/588
f 522/522/522 588/588/588 523/523/523
f 523/523/523 588/588/588 589/589/589
f 523/523/523 589/589/589 524/524/524
f 524/524/524 589/589/589 590/590/590
f 524/524/524 590/590/590 525/525/525
f 525/525/525 590/590/590 591/591/591
f 525/525/525 591/591/591 526/526/526
f 526/526/526 591/591/591 592/592/592
f 526/526/526 592/592/592 527/527/527
f 527/527/527 592/592/592 593/593/593
f 527/527/527 593/593/593 528/528/528
f 528/528/528 593/593/593 594/594/594
f 528/528/528 594/594/594 529/529/529
f 529/529/529 594/594/594 595/595/595
f 529/529/529 595/595/595 530/530/530
f 530/530/530 595/595/595 596/596/596
f 530/530/530 596/596/596 531/531/531
f 531/531/531 596/596/596 597/597/597
f 531/531/531 597/597/597 532/532/532
f 532/532/532 597/597/597 598/598/598
f 532/532/532 598/598/598 533/533/533
f 533/533/533 598/598/598 599/599/599
f 533/533/533 599/599/599 534/534/534
f 534/534/534 599/599/599 600/600/600
f 534/534/534 600/600/600 535/535/535
f 535/535/535 600/600/600 601/601/601
f 535/535/535 601/601/601 536/536/536
f 536/536/536 601/601/601 602/602/602
f 536/536/536 602/602/602 537/537/537
f 537/537/537 602/602/602 603/603/603
f 537/537/537 603/603/603 538/538/538
f 538/538/538 603/603/603 604/604/604
f 538/538/538 604/604/604 539/539/539
f 539/539/539 604/604/604 605/605/605
f 539/539/539 605/605/605 540/540/540
f 540/540/540 605/605/605 606/606/606
f 540/540/540 606/606/606 541/541/541
f 541/541/541 606/606/606 607/607/607
f 541/541/541 607/607/607 542/542/542
f 542/542/542 607/607/607 608/608/608
f 542/542/542 608/608/608 543/543/543
f 543/543/543 608/608/608 609/609/609
f 543/543/543 609/609/609 544/544/544
f 544/544/544 609/609/609 610/610/610
f 544/544/544 610/610/610 545/545/545
f 545/545/545 610/610/610 611/611/611
f 545/545/545 611/611/611 546/546/546
f 546/546/546 611/611/611 612/612/612
f 546/546/546 612/612/612 547/547/547
f 547/547/547 612/612/612 613/613/613
f 547/547/547 613/613/613 548/548/548
f 548/548/548 613/613/613 614/614/614
f 548/548/548 614/614/614 549/549/549
f 549/549/549 614/614/614 615/615/615
f 549/549/549 615/615/615 550/550/550
f 550/550/550 615/615/615 616/616/616
f 550/550/550 616/616/616 551/551/551
f 551/551/551 616/616/616 617/617/617
f 551/551/551 617/617/617 552/552/552
f 552/552/552 617/617/617 618/618/618
f 552/552/552 618/618/618 553/553/553
f 553/553/553 618/618/618 619/619/619
f 553/553/553 619/619/619 554/554/554
f 554/554/554 619/619/619 620/620/620
f 554/554/554 620/620/620 555/555/555
f 555/555/555 620/620/620 621/621/621
f 555/555/555 621/621/621 556/556/556
f 556/556/556 621/621/621 622/622/622
f 556/556/556 622/622/622 557/557/557
f 557/557/557 622/622/622 623/623/623
f 557/557/557 623/623/623 558/558/558
f 558/558/558 623/623/623 624/624/624
f 558/558/558 624/624/624 559/559/559
f 559/559/559 624/624/624 625/625/625
f 559/559/559 625/625/625 560/560/560
f 560/560/560 625/625/625 626/626/626
f 560/560/560 626/626/626 561/561/561
f 561/561/561 626/626/626 627/627/627
f 561/561/561 627/627/627 562/562/562
f 562/562/562 627/627/627 628/628/628
f 562/562/562 628/628/628 563/563/563
f 563/563/563 628/628/628 629/629/629
f 563/563/563 629/629/629 564/564/564
f 564/564/564 629/629/629 630/630/630
f 564/564/564 630/630/630 565/565/565
f 565/565/565 630/630/630 631/631/631
f 565/565/565 631/631/631 566/566/566
f 566/566/566 631/631/631 632/632/632
f 566/566/566 632/632/632 567/567/567
f 567/567/567 632/632/632 633/633/633
f 567/567/567 633/633/633 568/568/568
f 568/568/568 633/633/633 634/634/634
f 568/568/568 634/634/634 569/569/569
f 569/569/569 634/634/634 635/635/635
f 569/569/569 635/635/635 570/570/570
f 570/570/570 635/635/635 636/636/636
f 570/570/570 636/636/636 571/571/571
f 571/571/571 636/636/636 637/637/637
f 571/571/571 637/637/637 572/572/572
f 572/572/572 637/637/637 638/638/638
f 572/572/572 638/638/638 573/573/573
f 573/573/573 638/638/638 639/639/639
f 573/573/573 639/639/639 574/574/574
f 574/574/574 639/639/639 640/640/640
f 574/574/574 640/640/640 575/575/575
f 575/575/575 640/640/640 641/641/641
f 575/575/575 641/641/641 576/576/576
f 576/576/576 641/641/641 642/642/642
f 576/576/576 642/642/642 577/577/577
f 577/577/577 642/642/642 643/643/643
f 577/577/577 643/643/643 578/578/578
f 578/578/578 643/643/643 644/644/644
f 578/578/578 644/644/644 579/579/579
f 579/579/579 644/644/644 645/645/645
f 579/579/579 645/645/645 580/580/580
f 580/580/580 645/645/645 646/646/646
f 580/580/580 646/646/646 581/581/581
f 581/581/581 646/646/646 647/647/647
f 581/581/581 647/647/647 582/582/582
f 582/582/582 647/647/647 648/648/648
f 582/582/582 648/648/648 583/583/583
f 583/583/583 648/648/648 649/649/649
f 583/583/583 649/649/649 584/584/584
f 584/584/584 649/649/649 650/650/650
f 584/584/584 650/650/650 585/585/585
f 586/586/586 651/651/651 652/652/652
f 586/586/586 652/652/652 587/587/587
f 587/587/587 652/652/652 653/653/653
f 587/587/587 653/653/653 588/588/588
f 588/588/588 653/653/653 654/654/654
f 588/588/588 654/654/654 589/589/589
f 589/589/589 654/654/654 655/655/655
f 589/589/589 655/655/655 590/590/590
f 590/590/590 655/655/655 656/656/656
f 590/590/590 656/656/656 591/591/591
f 591/591/591 656/656/656 657/657/657
f 591/591/591 657/657/657 592/592/592
f 592/592/592 657/657/657 658/658/658
f 592/592/592 658/658/658 593/593/593
f 593/593/593 658/658/658 659/659/659
f 593/593/593 659/659/659 594/594/594
f 594/594/594 659/659/659 660/660/660
f 594/594/594 660/660/660 595/595/595
f 595/595/595 660/660/660 661/661/661
f 595/595/595 661/661/661 596/596/596
f 596/596/596 661/661/661 662/662/662
f 596/596/596 662/662/662 597/597/597
f 597/597/597 662/662/662 663/663/663
f 597/597/597 663/663/663 598/598/598
f 598/598/598 663/663/663 664/664/664
f 598/598/598 664/664/664 599/599/599
f 599/599/599 664/664/664 665/665/665
f 599/599/599 665/665/665 600/600/600
f 600/600/600 665/665/665 666/666/666
f 600/600/600 666/666/666 601/601/601
f 601/601/601 666/666/666 667/667/667
f 601/601/601 667/667/667 602/602/602
f 602/602/602 667/667/667 668/668/668
f 602/602/602 668/668/668 603/603/603
f 603/603/603 668/668/668 669/669/669
f 603/603/603 669/669/669 604/604/604
f 604/604/604 669/669/669 670/670/670
f 604/604/604 670/670/670 605/605/605
f 605/605/605 670/670/670 671/671/671
f 605/605/605 671/671/671 606/606/606
f 606/606/606 671/671/671 672/672/672
f 606/606/606 672/672/672 607/607/607
f 607/607/607 672/672/672 673/673/673
f 607/607/607 673/673/673 608/608/608
f 608/608/608 673/673/673 674/674/674
f 608/608/608 674/674/674 609/609/609
f 609/609/609 674/674/674 675/675/675
f 609/609/609 675/675/675 610/610/610
f 610/610/610 675/675/675 676/676/676
f 610/610/610 676/676/676 611/611/611
f 611/611/611 676/676/676 677/677/677
f 611/611/611 677/677/677 612/612/612
f 612/612/612 677/677/677 678/678/678
f 612/612/612 678/678/678 613/613/613
f 613/613/613 678/678/678 679/679/679
f 613/613/613 679/679/679 614/614/614
f 614/614/614 679/679/679 680/680/680
f 614/614/614 680/680/680 615/615/615
f 615/615/615 680/680/680 681/681/681
f 615/615/615 681/681/681 616/616/616
f 616/616/616 681/681/681 682/682/682
f 616/616/616 682/682/682 617/617/617
f 617/617/617 682/682/682 683/683/683
f 617/617/617 683/683/683 618/618/618
f 618/618/618 683/683/683 684/684/684
f 618/618/618 684/684/684 619/619/619
f 619/619/619 684/684/684 685/685/685
f 619/619/619 685/685/685 620/620/620
f 620/620/620 685/685/685 686/686/686
f 620/620/620 686/686/686 621/621/621
f 621/621/621 686/686/686 687/687/687
f 621/621/621 687/687/687 622/622/622
f 622/622/622 687/687/687 688/688/688
f 622/622/622 688/688/688 623/623/623
f 623/623/623 688/688/688 689/689/689
f 623/623/623 689/689/689 624/624/624
f 624/624/624 689/689/689 690/690/690
f 624/624/624 690/690/690 625/625/625
f 625/625/625 690/690/690 691/691/691
f 625/625/625 691/691/691 626/626/626
f 626/626/626 691/691/691 692/692/692
f 626/626/626 692/692/692 627/627/627
f 627/627/627 692/692/692 693/693/693
f 627/627/627 693/693/693 628/628/628
f 628/628/628 693/693/693 694/694/694
f 628/628/628 694/694/694 629/629/629
f 629/629/629 694/694/694 695/695/695
f 629/629/629 695/695/695 630/630/630
f 630/630/630 695/695/695 696/696/696
f 630/630/630 696/696/696 631/631/631
f 631/631/631 696/696/696 697/697/697
f 631/631/631 697/697/697 632/632/632
f 632/632/632 697/697/697 698/698/698
f 632/632/632 698/698/698 633/633/633
f 633/633/633 698/698/698 699/699/699
f 633/633/633 699/699/699 634/634/634
f 634/634/634 699/699/699 700/700/700
f 634/634/634 700/700/700 635/635/635
f 635/635/635 700/700/700 701/701/701
f 635/635/635 701/701/701 636/636/636
f 636/636/636 701/701/701 702/702/702
f 636/636/636 702/702/702 637/637/637
f 637/637/637 702/702/702 703/703/703
f 637/637/637 703/703/703 638/638/638
f 638/638/638 703/703/703 704/704/704
f 638/638/638 704/704/704 639/639/639
f 639/639/639 704/704/704 705/705/705
f 639/639/639 705/705/705 640/640/640
f 640/640/640 705/705/705 706/706/706
f 640/640/640 706/706/706 641/641/641
f 641/641/641 706/706/706 707/707/707
f 641/641/641 707/707/707 642/642/642
f 642/642/642 707/707/707 708/708/708
f 642/642/642 708/708/708 643/643/643
f 643/643/643 708/708/708 709/709/709
f 643/643/643 709/709/709 644/644/644
f 644/644/644 709/709/709 710/710/710
f 644/644/644 710/710/710 645/645/645
f 645/645/645 710/710/710 711/711/711
f 645/645/645 711/711/711 646/646/646
f 646/646/646 711/711/711 712/712/712
f 646/646/646 712/712/712 647/647/647
f 647/647/647 712/712/712 713/713/713
f 647/647/647 713/713/713 648/648/648
f 648/648/648 713/713/713 714/714/714
f 648/648/648 714/714/714 649/649/649
f 649/649/649 714/714/714 715/715/715
f 649/649/649 715/715/715 650/650/650
f 651/651/651 716/716/716 717/717/717
f 651/651/651 717/717/717 652/652/652
f 652/652/652 717/717/717 718/718/718
f 652/652/652 718/718/718 653/653/653
f 653/653/653 718/718/718 719/719/719
f 653/653/653 719/719/719 654/654/654
f 654/654/654 719/719/719 720/720/720
f 654/654/654 720/720/720 655/655/655
f 655/655/655 720/720/720 721/721/721
f 655/655/655 721/721/721 656/656/656
f 656/656/656 721/721/721 722/722/722
f 656/656/656 722/722/722 657/657/657
f 657/657/657 722/722/722 723/723/723
f 657/657/657 723/723/723 658/658/658
f 658/658/658 723/723/723 724/724/724
f 658/658/658 724/724/724 659/659/659
f 659/659/659 724/724/724 725/725/725
f 659/659/659 725/725/725 660/660/660
f 660/660/660 725/725/725 726/726/726
f 660/660/660 726/726/726 661/661/661
f 661/661/661 726/726/726 727/727/727
f 661/661/661 727/727/727 662/662/662
f 662/662/662 727/727/727 728/728/728
f 662/662/662 728/728/728 663/663/663
f 663/663/663 728/728/728 729/729/729
f 663/663/663 729/729/729 664/664/664
f 664/664/664 729/729/729 730/730/730
f 664/664/664 730/730/730 665/665/665
f 665/665/665 730/730/730 731/731/731
f 665/665/665 731/731/731 666/666/666
f 666/666/666 731/731/731 732/732/732
f 666/666/666 732/732/732 667/667/667
f 667/667/667 732/732/732 733/733/733
f 667/667/667 733/733/733 668/668/668
f 668/668/668 733/733/733 734/734/734
f 668/668/668 734/734/734 669/669/669
f 669/669/669 734/734/734 735/735/735
f 669/669/669 735/735/735 670/670/670
f 670/670/670 735/735/735 736/736/736
f 670/670/670 736/736/736 671/671/671
f 671/671/671 736/736/736 737/737/737
f 671/671/671 737/737/737 672/672/672
f 672/672/672 737/737/737 738/738/738
f 672/672/672 738/738/738 673/673/673
f 673/673/673 738/738/738 739/739/739
f 673/673/673 739/739/739 674/674/674
f 674/674/674 739/739/739 740/740/740
f 674/674/674 740/740/740 675/675/675
f 675/675/675 740/740/740 741/741/741
f 675/675/675 741/741/741 676/676/676
f 676/676/676 741/741/741 742/742/742
f 676/676/676 742/742/742 677/677/677
f 677/677/677 742/742/742 743/743/743
f 677/677/677 743/743/743 678/678/678
f 678/678/678 743/743/743 744/744/744
f 678/678/678 744/744/744 679/679/679
f 679/679/679 744/744/744 745/745/745
f 679/679/679 745/745/745 680/680/680
f 680/680/680 745/745/745 746/746/746
f 680/680/680 746/746/746 681/681/681
f 681/681/681 746/746/746 747/747/747
f 681/681/681 747/747/747 682/682/682
f 682/682/682 747/747/747 748/748/748
f 682/682/682 748/748/748 683/683/683
f 683/683/683 748/748/748 749/749/749
f 683/683/683 749/749/749 684/684/684
f 684/684/684 749/749/749 750/750/750
f 684/684/684 750/750/750 685/685/685
f 685/685/685 750/750/750 751/751/751
f 685/685/685 751/751/751 686/686/686
f 686/686/686 751/751/751 752/752/752
f 686/686/686 752/752/752 687/687/687
f 687/687/687 752/752/752 753/753/753
f 687/687/687 753/753/753 688/688/688
f 688/688/688 753/753/753 754/754/754
f 688/688/688 754/754/754 689/689/689
f 689/689/689 754/754/754 755/755/755
f 689/689/689 755/755/755 690/690/690
f 690/690/690 755/755/755 756/756/756
f 690/690/690 756/756/756 691/691/691
f 691/691/691 756/756/756 757/757/757
f 691/691/691 757/757/757 692/692/692
f 692/692/692 757/757/757 758/758/758
f 692/692/692 758/758/758 693/693/693
f 693/693/693 758/758/758 759/759/759
f 693/693/693 759/759/759 694/694/694
f 694/694/694 759/759/759 760/760/760
f 694/694/694 760/760/760 695/695/695
f 695/695/695 760/760/760 761/761/761
f 695/695/695 761/761/761 696/696/696
f 696/696/696 761/761/761 762/762/762
f 696/696/696 762/762/762 697/697/697
f 697/697/697 762/762/762 763/763/763
f 697/697/697 763/763/763 698/698/698
f 698/698/698 763/763/763 764/764/764
f 698/698/698 764/764/764 699/699/699
f 699/699/699 764/764/764 765/765/765
f 699/699/699 765/765/765 700/700/700
f 700/700/700 765/765/765 766/766/766
f 700/700/700 766/766/766 701/701/701
f 701/701/701 766/766/766 767/767/767
f 701/701/701 767/767/767 702/702/702
f 702/702/702 767/767/767 768/768/768
f 702/702/702 768/768/768 703/703/703
f 703/703/703 768/768/768 769/769/769
f 703/703/703 769/769/769 704/704/704
f 704/704/704 769/769/769 770/770/770
f 704/704/704 770/770/770 705/705/705
f 705/705/705 770/770/770 771/771/771
f 705/705/705 771/771/771 706/706/706
f 706/706/706 771/771/771 772/772/772
f 706/706/706 772/772/772 707/707/707
f 707/707/707 772/772/772 773/773/773
f 707/707/707 773/773/773 708/708/708
f 708/708/708 773/773/773 774/774/774
f 708/708/708 774/774/774 709/709/709
f 709/709/709 774/774/774 775/775/775
f 709/709/709 775/775/775 710/710/710
f 710/710/710 775/775/775 776/776/776
f 710/710/710 776/776/776 711/711/711
f 711/711/711 776/776/776 777/777/777
f 711/711/711 777/777/777 712/712/712
f 712/712/712 777/777/777 778/778/778
f 712/712/712 778/778/778 713/713/713
f 713/713/713 778/778/778 779/779/779
f 713/713/713 779/779/779 714/714/714
f 714/714/714 779/779/779 780/780/780
f 714/714/714 780/780/780 715/715/715
f 716/716/716 781/781/781 782/782/782
f 716/716/716 782/782/782 717/717/717
f 717/717/717 782/782/782 783/783/783
f 717/717/717 783/783/783 718/718/718
f 718/718/718 783/783/783 784/784/784
f 718/718/718 784/784/784 719/719/719
f 719/719/719 784/784/784 785/785/785
f 719/719/719 785/785/785 720/720/720
f 720/720/720 785/785/785 786/786/786
f 720/720/720 786/786/786 721/721/721
f 721/721/721 786/786/786 787/787/787
f 721/721/721 787/787/787 722/722/722
f 722/722/722 787/787/787 788/788/788
f 722/722/722 788/788/788 723/723/723
f 723/723/723 788/788/788 789/789/789
f 723/723/723 789/789/789 724/724/724
f 724/724/724 789/789/789 790/790/790
f 724/724/724 790/790/790 725/725/725
f 725/725/725 790/790/790 791/791/791
f 725/725/725 791/791/791 726/726/726
f 726/726/726 791/791/791 792/792/792
f 726/726/726 792/792/792 727/727/727
f 727/727/727 792/792/792 793/793/793
f 727/727/727 793/793/793 728/728/728
f 728/728/728 793/793/793 794/794/794
f 728/728/728 794/794/794 729/729/729
f 729/729/729 794/794/794 795/795/795
f 729/729/729 795/795/795 730/730/730
f 730/730/730 795/795/795 796/796/796
f 730/730/730 796/796/796 731/731/731
f 731/731/731 796/796/796 797/797/797
f 731/731/731 797/797/797 732/732/732
f 732/732/732 797/797/797 798/798/798
f 732/732/732 798/798/798 733/733/733
f 733/733/733 798/798/798 799/799/799
f 733/733/733 799/799/799 734/734/734
f 734/734/734 799/799/799 800/800/800
f 734/734/734 800/800/800 735/735/735
f 735/735/735 800/800/800 801/801/801
f 735/735/735 801/801/801 736/736/736
f 736/736/736 801/801/801 802/802/802
f 736/736/736 802/802/802 737/737/737
f 737/737/737 802/802/802 803/803/803
f 737/737/737 803/803/803 738/738/738
f 738/738/738 803/803/803 804/804/804
f 738/738/738 804/804/804 739/739/739
f 739/739/739 804/804/804 805/805/805
f 739/739/739 805/805/805 740/740/740
f 740/740/740 805/805/805 806/806/806
f 740/740/740 806/806/806 741/741/741
f 741/741/741 806/806/806 807/807/807
f 741/741/741 807/807/807 742/742/742
f 742/742/742 807/807/807 808/808/808
f 742/742/742 808/808/808 743/743/743
f 743/743/743 808/808/808 809/809/809
f 743/743/743 809/809/809 744/744/744
f 744/744/744 809/809/809 810/810/810
f 744/744/744 810/810/810 745/745/745
f 745/745/745 810/810/810 811/811/811
f 745/745/745 811/811/811 746/746/746
f 746/746/746 811/811/811 812/812/812
f 746/746/746 812/812/812 747/747/747
f 747/747/747 812/812/812 813/813/813
f 747/747/747 813/813/813 748/748/748
f 748/748/748 813/813/813 814/814/814
f 748/748/748 814/814/814 749/749/749
f 749/749/749 814/814/814 815/815/815
f 749/749/749 815/815/815 750/750/750
f 750/750/750 815/815/815 816/816/816
f 750/750/750 816/816/816 751/751/751
f 751/751/751 816/816/816 817/817/817
f 751/751/751 817/817/817 752/752/752
f 752/752/752 817/817/817 818/818/818
f 752/752/752 818/818/818 753/753/753
f 753/753/753 818/818/818 819/819/819
f 753/753/753 819/819/819 754/754/754
f 754/754/754 819/819/819 820/820/820
f 754/754/754 820/820/820 755/755/755
f 755/755/755 820/820/820 821/821/821
f 755/755/755 821/821/821 756/756/756
f 756/756/756 821/821/821 822/822/822
f 756/756/756 822/822/822 757/757/757
f 757/757/757 822/822/822 823/823/823
f 757/757/757 823/823/823 758/758/758
f 758/758/758 823/823/823 824/824/824
f 758/758/758 824/824/824 759/759/759
f 759/759/759 824/824/824 825/825/825
f 759/759/759 825/825/825 760/760/760
f 760/760/760 825/825/825 826/826/826
f 760/760/760 826/826/826 761/761/761
f 761/761/761 826/826/826 827/827/827
f 761/761/761 827/827/827 762/762/762
f 762/762/762 827/827/827 828/828/828
f 762/762/762 828/828/828 763/763/763
f 763/763/763 828/828/828 829/829/829
f 763/763/763 829/829/829 764/764/764
f 764/764/764 829/829/829 830/830/830
f 764/764/764 830/830/830 765/765/765
f 765/765/765 830/830/830 831/831/831
f 765/765/765 831/831/831 766/766/766
f 766/766/766 831/831/831 832/832/832
f 766/766/766 832/832/832 767/767/767
f 767/767/767 832/832/832 833/833/833
f 767/767/767 833/833/833 768/768/768
f 768/768/768 833/833/833 834/834/834
f 768/768/768 834/834/834 769/769/769
f 769/769/769 834/834/834 835/835/835
f 769/769/769 835/835/835 770/770/770
f 770/770/770 835/835/835 836/836/836
f 770/770/770 836/836/836 771/771/771
f 771/771/771 836/836/836 837/837/837
f 771/771/771 837/837/837 772/772/772
f 772/772/772 837/837/837 838/838/838
f 772/772/772 838/838/838 773/773/773
f 773/773/773 838/838/838 839/839/839
f 773/773/773 839/839/839 774/774/774
f 774/774/774 839/839/839 840/840/840
f 774/774/774 840/840/840 775/775/775
f 775/775/775 840/840/840 841/841/841
f 775/775/775 841/841/841 776/776/776
f 776/776/776 841/841/841 842/842/842
f 776/776/776 842/842/842 777/777/777
f 777/777/777 842/842/842 843/843/843
f 777/777/777 843/843/843 778/778/778
f 778/778/778 843/843/843 844/844/844
f 778/778/778 844/844/844 779/779/779
f 779/779/779 844/844/844 845/845/845
f 779/779/779 845/845/845 780/780/780
f 781/781/781 846/846/846 847/847/847
f 781/781/781 847/847/847 782/782/782
f 782/782/782 847/847/847 848/848/848
f 782/782/782 848/848/848 783/783/783
f 783/783/783 848/848/848 849/849/849
f 783/783/783 849/849/849 784/784/784
f 784/784/784 849/849/849 850/850/850
f 784/784/784 850/850/850 785/785/785
f 785/785/785 850/850/850 851/851/851
f 785/785/785 851/851/851 786/786/786
f 786/786/786 851/851/851 852/852/852
f 786/786/786 852/852/852 787/787/787
f 787/787/787 852/852/852 853/853/853
f 787/787/787 853/853/853 788/788/788
f 788/788/788 853/853/853 854/854/854
f 788/788/788 854/854/854 789/789/789
f 789/789/789 854/854/854 855/855/855
f 789/789/789 855/855/855 790/790/790
f 790/790/790 855/855/855 856/856/856
f 790/790/790 856/856/856 791/791/791
f 791/791/791 856/856/856 857/857/857
f 791/791/791 857/857/857 792/792/792
f 792/792/792 857/857/857 858/858/858
f 792/792/792 858/858/858 793/793/793
f 793/793/793 858/858/858 859/859/859
f 793/793/793 859/859/859 794/794/794
f 794/794/794 859/859/859 860/860/860
f 794/794/794 860/860/860 795/795/795
f 795/795/795 860/860/860 861/861/861
f 795/795/795 861/861/861 796/796/796
f 796/796/796 861/861/861 862/862/862
f 796/796/796 862/862/862 797/797/797
f 797/797/797 862/862/862 863/863/863
f 797/797/797 863/863/863 798/798/798
f 798/798/798 863/863/863 864/864/864
f 798/798/798 864/864/864 799/799/799
f 799/799/799 864/864/864 865/865/865
f 799/799/799 865/865/865 800/800/800
f 800/800/800 865/865/865 866/866/866
f 800/800/800 866/866/866 801/801/801
f 801/801/801 866/866/866 867/867/867
f 801/801/801 867/867/867 802/802/802
f 802/802/802 867/867/867 868/868/868
f 802/802/802 868/868/868 803/803/803
f 803/803/803 868/868/868 869/869/869
f 803/803/803 869/869/869 804/804/804
f 804/804/804 869/869/869 870/870/870
f 804/804/804 870/870/870 805/805/805
f 805/805/805 870/870/870 871/871/871
f 805/805/805 871/871/871 806/806/806
f 806/806/806 871/871/871 872/872/872
f 806/806/806 872/872/872 807/807/807
f 807/807/807 872/872/872 873/873/873
f 807/807/807 873/873/873 808/808/808
f 808/808/808 873/873/873 874/874/874
f 808/808/808 874/874/874 809/809/809
f 809/809/809 874/874/874 875/875/875
f 809/809/809 875/875/875 810/810/810
f 810/810/810 875/875/875 876/876/876
f 810/810/810 876/876/876 811/811/811
f 811/811/811 876/876/876 877/877/877
f 811/811/811 877/877/877 812/812/812
f 812/812/812 877/877/877 878/878/878
f 812/812/812 878/878/878 813/813/813
f 813/813/813 878/878/878 879/879/879
f 813/813/813 879/879/879 814/814/814
f 814/814/814 879/879/879 880/880/880
f 814/814/814 880/880/880 815/815/815
f 815/815/815 880/880/880 881/881/881
f 815/815/815 881/881/881 816/816/816
f 816/816/816 881/881/881 882/882/882
f 816/816/816 882/882/882 817/817/817
f 817/817/817 882/882/882 883/883/883
f 817/817/817 883/883/883 818/818/818
f 818/818/818 883/883/883 884/884/884
f 818/818/818 884/884/884 819/819/819
f 819/819/819 884/884/884 885/885/885
f 819/819/819 885/885/885 820/820/820
f 820/820/820 885/885/885 886/886/886
f 820/820/820 886/886/886 821/821/821
f 821/821/821 886/886/886 887/887/887
f 821/821/821 887/887/887 822/822/822
f 822/822/822 887/887/887 888/888/888
f 822/822/822 888/888/888 823/823/823
f 823/823/823 888/888/888 889/889/889
f 823/823/823 889/889/889 824/824/824
f 824/824/824 889/889/889 890/890/890
f 824/824/824 890/890/890 825/825/825
f 825/825/825 890/890/890 891/891/891
f 825/825/825 891/891/891 826/826/826
f 826/826/826 891/891/891 892/892/892
f 826/826/826 892/892/892 827/827/827
f 827/827/827 892/892/892 893/893/893
f 827/827/827 893/893/893 828/828/828
f 828/828/828 893/893/893 894/894/894
f 828/828/828 894/894/894 829/829/829
f 829/829/829 894/894/894 895/895/895
f 829/829/829 895/895/895 830/830/830
f 830/830/830 895/895/895 896/896/896
f 830/830/830 896/896/896 831/831/831
f 831/831/831 896/896/896 897/897/897
f 831/831/831 897/897/897 832/832/832
f 832/832/832 897/897/897 898/898/898
f 832/832/832 898/898/898 833/833/833
f 833/833/833 898/898/898 899/899/899
f 833/833/833 899/899/899 834/834/834
f 834/834/834 899/899/899 900/900/900
f 834/834/834 900/900/900 835/835/835
f 835/835/835 900/900/900 901/901/901
f 835/835/835 901/901/901 836/836/836
f 836/836/836 901/901/901 902/902/902
f 836/836/836 902/902/902 837/837/837
f 837/837/837 902/902/902 903/903/903
f 837/837/837 903/903/903 838/838/838
f 838/838/838 903/903/903 904/904/904
f 838/838/838 904/904/904 839/839/839
f 839/839/839 904/904/904 905/905/905
f 839/839/839 905/905/905 840/840/840
f 840/840/840 905/905/905 906/906/906
f 840/840/840 906/906/906 841/841/841
f 841/841/841 906/906/906 907/907/907
f 841/841/841 907/907/907 842/842/842
f 842/842/842 907/907/907 908/908/908
f 842/842/842 908/908/908 843/843/843
f 843/843/843 908/908/908 909/909/909
f 843/843/843 909/909/909 844/844/844
f 844/844/844 909/909/909 910/910/910
f 844/844/844 910/910/910 845/845/845
f 846/846/846 911/911/911 912/912/912
f 846/846/846 912/912/912 847/847/847
f 847/847/847 912/912/912 913/913/913
f 847/847/847 913/913/913 848/848/848
f 848/848/848 913/913/913 914/914/914
f 848/848/848 914/914/914 849/849/849
f 849/849/849 914/914/914 915/915/915
f 849/849/849 915/915/915 850/850/850
f 850/850/850 915/915/915 916/916/916
f 850/850/850 916/916/916 851/851/851
f 851/851/851 916/916/916 917/917/917
f 851/851/851 917/917/917 852/852/852
f 852/852/852 917/917/917 918/918/918
f 852/852/852 918/918/918 853/853/853
f 853/853/853 918/918/918 919/919/919
f 853/853/853 919/919/919 854/854/854
f 854/854/854 919/919/919 920/920/920
f 854/854/854 920/920/920 855/855/855
f 855/855/855 920/920/920 921/921/921
f 855/855/855 921/921/921 856/856/856
f 856/856/856 921/921/921 922/922/922
f 856/856/856 922/922/922 857/857/857
f 857/857/857 922/922/922 923/923/923
f 857/857/857 923/923/923 858/858/858
f 858/858/858 923/923/923 924/924/924
f 858/858/858 924/924/924 859/859/859
f 859/859/859 924/924/924 925/925/925
f 859/859/859 925/925/925 860/860/860
f 860/860/860 925/925/925 926/926/926
f 860/860/860 926/926/926 861/861/861
f 861/861/861 926/926/926 927/927/927
f 861/861/861 927/927/927 862/862/862
f 862/862/862 927/927/927 928/928/928
f 862/862/862 928/928/928 863/863/863
f 863/863/863 928/928/928 929/929/929
f 863/863/863 929/929/929 864/864/864
f 864/864/864 929/929/929 930/930/930
f 864/864/864 930/930/930 865/865/865
f 865/865/865 930/930/930 931/931/931
f 865/865/865 931/931/931 866/866/866
f 866/866/866 931/931/931 932/932/932
f 866/866/866 932/932/932 867/867/867
f 867/867/867 932/932/932 933/933/933
f 867/867/867 933/933/933 868/868/868
f 868/868/868 933/933/933 934/934/934
f 868/868/868 934/934/934 869/869/869
f 869/869/869 934/934/934 935/935/935
f 869/869/869 935/935/935 870/870/870
f 870/870/870 935/935/935 936/936/936
f 870/870/870 936/936/936 871/871/871
f 871/871/871 936/936/936 937/937/937
f 871/871/871 937/937/937 872/872/872
f 872/872/872 937/937/937 938/938/938
f 872/872/872 938/938/938 873/873/873
f 873/873/873 938/938/938 939/939/939
f 873/873/873 939/939/939 874/874/874
f 874/874/874 939/939/939 940/940/940
f 874/874/874 940/940/940 875/875/875
f 875/875/875 940/940/940 941/941/941
f 875/875/875 941/941/941 876/876/876
f 876/876/876 941/941/941 942/942/942
f 876/876/876 942/942/942 877/877/877
f 877/877/877 942/942/942 943/943/943
f 877/877/877 943/943/943 878/878/878
f 878/878/878 943/943/943 944/944/944
f 878/878/878 944/944/944 879/879/879
f 879/879/879 944/944/944 945/945/945
f 879/879/879 945/945/945 880/880/880
f 880/880/880 945/945/945 946/946/946
f 880/880/880 946/946/946 881/881/881
f 881/881/881 946/946/946 947/947/947
f 881/881/881 947/947/947 882/882/882
f 882/882/882 947/947/947 948/948/948
f 882/882/882 948/948/948 883/883/883
f 883/883/883 948/948/948 949/949/949
f 883/883/883 949/949/949 884/884/884
f 884/884/884 949/949/949 950/950/950
f 884/884/884 950/950/950 885/885/885
f 885/885/885 950/950/950 951/951/951
f 885/885/885 951/951/951 886/886/886
f 886/886/886 951/951/951 952/952/952
f 886/886/886 952/952/952 887/887/887
f 887/887/887 952/952/952 953/953/953
f 887/887/887 953/953/953 888/888/888
f 888/888/888 953/953/953 954/954/954
f 888/888/888 954/954/954 889/889/889
f 889/889/889 954/954/954 955/955/955
f 889/889/889 955/955/955 890/890/890
f 890/890/890 955/955/955 956/956/956
f 890/890/890 956/956/956 891/891/891
f 891/891/891 956/956/956 957/957/957
f 891/891/891 957/957/957 892/892/892
f 892/892/892 957/957/957 958/958/958
f 892/892/892 958/958/958 893/893/893
f 893/893/893 958/958/958 959/959/959
f 893/893/893 959/959/959 894/894/894
f 894/894/894 959/959/959 960/960/960
f 894/894/894 960/960/960 895/895/895
f 895/895/895 960/960/960 961/961/961
f 895/895/895 961/961/961 896/896/896
f 896/896/896 961/961/961 962/962/962
f 896/896/896 962/962/962 897/897/897
f 897/897/897 962/962/962 963/963/963
f 897/897/897 963/963/963 898/898/898
f 898/898/898 963/963/963 964/964/964
f 898/898/898 964/964/964 899/899/899
f 899/899/899 964/964/964 965/965/965
f 899/899/899 965/965/965 900/900/900
f 900/900/900 965/965/965 966/966/966
f 900/900/900 966/966/966 901/901/901
f 901/901/901 966/966/966 967/967/967
f 901/901/901 967/967/967 902/902/902
f 902/902/902 967/967/967 968/968/968
f 902/902/902 968/968/968 903/903/903
f 903/903/903 968/968/968 969/969/969
f 903/903/903 969/969/969 904/904/904
f 904/904/904 969/969/969 970/970/970
f 904/904/904 970/970/970 905/905/905
f 905/905/905 970/970/970 971/971/971
f 905/905/905 971/971/971 906/906/906
f 906/906/906 971/971/971 972/972/972
f 906/906/906 972/972/972 907/907/907
f 907/907/907 972/972/972 973/973/973
f 907/907/907 973/973/973 908/908/908
f 908/908/908 973/973/973 974/974/974
f 908/908/908 974/974/974 909/909/909
f 909/909/909 974/974/974 975/975/975
f 909/909/909 975/975/975 910/910/910
