mtllib CLS7S4LAA7EXMZTEBZOIN5Q33.mtl
v -0.829873 0.773572 0.069517
v -0.876282 0.772554 0.070742
v -0.821324 0.779683 0.012556
v -0.877504 0.776628 0.029093
v -0.860405 0.791906 0.003981
v -0.943454 0.779683 -0.014393
v -0.865291 0.838758 -0.038280
v -0.959331 0.808202 -0.032156
v -0.959331 0.856073 -0.039505
v -1.042379 0.765424 -0.037056
v -1.140083 0.711442 -0.037056
v -1.121763 0.639126 -0.040118
v -1.190156 0.505699 -0.037668
v -1.148632 0.515884 -0.039505
v -1.170615 0.393661 -0.040730
v -1.122985 0.377365 -0.040118
v -1.107108 0.289771 -0.044405
v -1.053371 0.294864 -0.038280
v -0.811553 0.083010 -0.048080
v -0.719956 0.034121 -0.049305
v -0.693087 -0.070788 -0.057268
v -0.625916 -0.136992 -0.052980
v -0.627137 -0.213382 -0.065230
v -0.575843 -0.221530 -0.036443
v -0.607597 -0.311160 -0.067067
v -0.562408 -0.308105 -0.027868
v -0.555081 -0.321346 -0.068905
v -0.806668 0.043287 -0.045018
v -0.751710 -0.061621 -0.041955
v -0.667440 -0.211345 -0.065842
v -0.711407 -0.165511 -0.048693
v -0.677211 -0.307086 -0.062780
v -0.711407 -0.303012 -0.035218
v -0.724841 -0.326438 -0.070742
v -0.728505 -0.304031 0.007044
v -0.728505 -0.322364 0.038893
v -0.717513 -0.273475 0.054818
v -0.684538 -0.313197 0.086667
v -0.712628 -0.189955 0.086667
v -0.683317 -0.167548 0.108104
v -0.739497 -0.089121 0.100142
v -0.767587 0.007639 0.114841
v -0.778578 -0.045325 0.091567
v -0.820102 0.016806 0.100754
v -0.850635 0.015787 0.076255
v -1.066805 0.163474 0.098304
v -1.036273 0.123751 0.067680
v -1.133976 0.198104 0.050530
v -1.044822 0.127825 0.027256
v -1.118100 0.203196 -0.003981
v -1.028945 0.143103 -0.016231
v -1.093674 0.226623 -0.035218
v -0.878725 0.061621 -0.029706
v -0.816439 0.007639 -0.029706
v -0.823766 -0.013750 -0.004594
v -0.782242 -0.062640 -0.011331
v -0.805447 -0.047361 0.029093
v -0.745603 -0.146159 -0.015006
v -0.751710 -0.131899 0.062168
v -0.730948 -0.215419 -0.007044
v -0.729726 -0.206252 0.053593
v -0.793234 -0.059584 0.053593
v -0.881168 0.025973 0.041343
v -0.890938 0.041251 0.002756
v 0.479360 0.783757 0.048080
v 0.507450 0.789869 0.048080
v 0.479360 0.819406 0.120354
v 0.502565 0.815332 0.099529
v 0.505007 0.848943 0.123416
v 0.564851 0.792924 0.090342
v 0.599047 0.811258 0.116679
v 0.643014 0.766442 0.109329
v 0.705301 0.758294 0.125254
v 0.713850 0.686997 0.113004
v 0.787128 0.608571 0.124029
v 0.748046 0.578015 0.110554
v 0.765144 0.487366 0.113616
v 0.728505 0.488384 0.081767
v 0.745603 0.419124 0.107492
v 0.715071 0.430328 0.075030
v 0.664998 0.330512 0.060943
v 0.691866 0.398754 0.029706
v 0.652785 0.325420 0.024806
v 0.707743 0.460884 0.032156
v 0.722399 0.535237 0.071355
v 0.690645 0.666627 0.080542
v 0.629580 0.745053 0.080542
v 0.568515 0.771535 0.049918
v 0.640572 0.721627 0.055430
v 0.689424 0.634034 0.039505
v 0.715071 0.535237 0.031543
v -0.944675 0.746072 0.076255
v -0.934905 0.749128 0.043793
v -0.960552 0.747090 0.007044
v -0.995970 0.700238 0.032768
v -1.024060 0.690053 -0.000919
v -1.048485 0.618756 0.028481
v -1.064362 0.604496 0.000306
v -1.081461 0.508755 -0.000919
v -1.098559 0.557644 -0.024193
v -1.114436 0.469032 -0.032156
v -1.016732 0.741998 -0.026643
v -1.069248 0.657460 -0.024193
v -0.551417 -0.202178 0.023581
v -0.589277 -0.102362 -0.008881
v -0.594162 -0.047361 0.036443
v -0.632022 0.008657 0.001531
v -0.660112 0.066714 0.029093
v -0.719956 0.113566 -0.002144
v -0.719956 0.132918 0.038280
v -0.842086 0.211345 0.022356
v -0.636908 -0.047361 -0.033381
v -0.690645 0.045325 -0.031543
v -0.781021 0.116621 -0.034606
v -1.004519 0.293845 -0.019293
v -1.071690 0.359031 -0.027868
v -0.828652 0.825517 -0.041955
v -0.843307 0.882555 -0.048080
v -0.840865 0.928388 -0.040730
v -0.989863 0.871351 -0.033381
v -0.955667 0.933481 -0.002756
v -1.074133 0.834684 -0.019906
v -1.059477 0.882555 0.018068
v -1.141304 0.810239 0.019906
v -1.092452 0.859128 0.059718
v -1.177943 0.758294 0.065842
v -1.127870 0.794961 0.101979
v -1.209697 0.692090 0.082992
v -1.184050 0.678849 0.117904
v -1.235344 0.538292 0.090954
v -1.201148 0.512829 0.126479
v -1.231681 0.443569 0.093404
v -1.184050 0.356994 0.120354
v -1.213361 0.358013 0.083605
v -1.179165 0.271438 0.078092
v -1.232902 0.373291 0.039505
v -1.185271 0.269401 0.045018
v -1.180386 0.274493 0.005206
v -1.191377 0.739961 0.022968
v -1.144968 0.772554 -0.012556
v -1.212140 0.660515 -0.002756
v -1.182829 0.665608 -0.028481
v -1.217025 0.514866 -0.022968
v -1.207254 0.406902 -0.024806
v -1.164509 0.294864 -0.025418
v -1.213361 0.362087 -0.005819
v -1.236566 0.443569 0.002144
v -1.250000 0.528107 0.047468
v -1.236566 0.564774 0.005819
v -1.235344 0.637089 0.047468
v -0.580728 -0.346809 -0.094629
v -0.700415 -0.360050 -0.094017
v -0.738275 -0.358013 -0.061555
v -0.724841 -0.400791 -0.068905
v -0.741939 -0.404865 -0.027256
v -0.694309 -0.427272 -0.065842
v -0.715071 -0.446625 0.034606
v -0.669883 -0.442550 -0.038893
v -0.748046 -0.386531 0.040730
v -0.726062 -0.341716 0.102592
v -0.740718 -0.413013 0.048080
v -0.708964 -0.416069 0.101367
v -0.668661 -0.444587 0.102592
v -0.601490 -0.447643 0.078092
v -0.575843 -0.432365 0.112391
v -0.546531 -0.423198 0.078705
v -0.548974 -0.392643 0.107492
v -0.520884 -0.375328 0.067680
v -0.547753 -0.331531 0.099529
v -0.551417 -0.325420 0.058493
v -0.563630 -0.314216 0.075030
v -0.583170 -0.228660 0.090954
v -0.603933 -0.316253 0.096467
v -0.621031 -0.236808 0.106267
v -0.649121 -0.317272 0.100142
v -0.569736 -0.339679 0.114841
v -0.603933 -0.392643 0.125866
v -0.672325 -0.404865 0.122804
v -0.661334 -0.344772 0.119741
v -0.546531 -0.375328 -0.085442
v -0.614924 -0.404865 -0.095242
v -0.572179 -0.418106 -0.081767
v -0.654006 -0.429310 -0.080542
v -0.612482 -0.443569 -0.041955
v -0.683317 -0.405883 -0.089730
v -0.962995 0.290790 0.018681
v -1.031387 0.349864 0.004594
v -1.063141 0.426254 0.001531
v -1.019174 0.347827 0.039505
v -1.049707 0.414032 0.048693
v -1.066805 0.513847 0.043180
v -1.071690 0.509773 0.073805
v -1.047264 0.615700 0.071967
v -0.992306 0.701257 0.073192
v 0.481803 0.883573 0.146078
v 0.505007 0.897833 0.137503
v 0.483024 0.950796 0.130154
v 0.668662 0.866258 0.122804
v 0.657670 0.915148 0.101367
v 0.737054 0.842832 0.106879
v 0.721177 0.894777 0.052368
v 0.794455 0.758294 0.102592
v 0.785906 0.810239 0.008881
v 0.834758 0.724683 0.022968
v 0.824988 0.727738 -0.016231
v 0.862848 0.637089 -0.018681
v 0.821324 0.674775 -0.042568
v 0.861627 0.470051 -0.044405
v 0.833537 0.442550 -0.057880
v 0.865291 0.398754 -0.033381
v 0.795677 0.283660 -0.050530
v 0.855520 0.329494 -0.016843
v 0.799341 0.237826 -0.022356
v 0.840865 0.275512 0.019906
v 0.774914 0.184863 0.026643
v 0.810332 0.236808 0.068292
v 0.733390 0.152270 0.057268
v 0.749267 0.198104 0.093404
v 0.639350 0.109492 0.086055
v 0.728505 0.222548 0.114229
v 0.522106 0.057547 0.101367
v 0.522106 0.098288 0.110554
v 0.377992 -0.052454 0.106879
v 0.437836 0.074862 0.108104
v 0.327919 -0.052454 0.097692
v 0.379214 0.052454 0.095242
v 0.315706 0.017824 0.062168
v 0.373107 0.098288 0.062780
v 0.330362 0.063658 0.019293
v 0.379214 0.121714 0.016231
v 0.876283 0.358013 0.017456
v 0.883610 0.421161 0.046243
v 0.878725 0.571904 0.030318
v 0.866512 0.649312 0.017456
v 0.828652 0.684960 0.108104
v 0.873840 0.365142 0.064617
v 0.876283 0.455791 0.090954
v 0.853078 0.392643 0.101367
v 0.849414 0.478199 0.117291
v 0.803004 0.333568 0.116066
v 0.807890 0.430328 0.122804
v 0.721177 0.274493 0.118516
v 0.619810 0.220511 0.109941
v 0.439057 0.127825 0.089117
v 0.867733 0.547459 0.103817
v 0.864069 0.589219 0.084217
v 0.851856 0.623848 0.105654
v 0.828652 0.595330 0.122191
v 0.734612 0.789869 0.126479
v 0.606375 0.856073 0.128929
v 0.484245 0.994593 0.093404
v 0.614924 0.954870 0.072580
v 0.533097 0.990519 0.045630
v 0.656449 0.934500 0.040118
v 0.564851 0.963018 0.010106
v 0.651563 0.901907 -0.022356
v 0.487909 0.976259 -0.018068
v 0.498901 0.945703 -0.040730
v 0.715071 0.873388 -0.002144
v 0.768808 0.804128 -0.024193
v 0.732169 0.800054 -0.047468
v 0.781021 0.677831 -0.052980
v 0.804226 0.501625 -0.056043
v 0.760259 0.362087 -0.057880
v 0.752931 0.495514 -0.038280
v 0.728505 0.385513 -0.034606
v 0.712628 0.399772 -0.011943
v 0.673547 0.331531 -0.009494
v 0.691866 0.398754 0.029706
v 0.652785 0.325420 0.024806
v 0.680874 0.315234 -0.033381
v 0.708964 0.276530 -0.061555
v 0.724841 0.235789 -0.062168
v 0.705301 0.184863 -0.054818
v 0.749267 0.176715 -0.015618
v 0.677211 0.111529 0.010718
v 0.592941 0.057547 0.046855
v 0.534318 0.029028 0.070130
v 0.536761 0.015787 0.026643
v 0.464704 -0.046343 0.069517
v 0.485467 -0.037176 0.019906
v 0.448828 -0.091158 0.054205
v 0.425623 -0.141066 0.010718
v 0.417074 -0.155325 0.067067
v 0.413410 -0.224585 -0.016843
v 0.410967 -0.303012 0.043793
v 0.419516 -0.326438 0.032768
v 0.408525 -0.324401 0.094629
v 0.419516 -0.380420 0.068905
v 0.376771 -0.380420 0.107492
v 0.401197 -0.415050 0.065230
v 0.365779 -0.426254 0.081767
v 0.379214 -0.421161 -0.051755
v 0.447606 -0.029028 0.094629
v 0.407303 -0.077917 0.098304
v 0.321812 -0.309123 0.089729
v 0.380435 -0.204215 0.086667
v 0.382877 -0.301994 0.074417
v 0.305936 -0.333568 0.100142
v 0.297387 -0.396717 0.098304
v 0.259526 -0.421161 0.061555
v 0.241207 -0.329494 0.088505
v 0.266854 -0.307086 0.070742
v 0.302272 -0.216437 0.094017
v 0.275403 -0.179770 0.079317
v 0.282731 -0.057547 0.062780
v 0.276624 -0.033102 0.002756
v 0.248535 -0.112547 0.008881
v 0.258305 -0.154307 0.055430
v 0.246092 -0.306068 0.046243
v 0.224108 -0.334587 0.045018
v 0.221666 -0.389587 0.050530
v 0.239985 -0.369216 0.082992
v 0.227772 -0.234771 -0.000919
v 0.232658 -0.314216 -0.009494
v 0.215559 -0.351901 -0.049918
v 0.219223 -0.382457 -0.066455
v 0.228994 -0.414032 0.018068
v 0.252198 -0.416069 -0.071355
v 0.258305 -0.428291 0.016843
v 0.706522 0.308105 0.111166
v 0.603933 0.249030 0.090342
v 0.456155 0.170604 0.064005
v 0.456155 0.190974 0.029093
v 0.606375 0.272456 0.062780
v 0.682096 0.324401 0.090342
v 0.600269 0.280604 0.021131
v -0.535540 -0.348846 -0.063393
v -0.520884 -0.363105 -0.026643
v -0.533097 -0.407920 -0.009494
v -0.569736 -0.436439 -0.020518
v 0.809111 0.269401 0.095854
v 0.479360 0.783757 0.048080
v 0.479360 0.792924 0.004594
v 0.507450 0.789869 0.048080
v 0.518442 0.792924 0.007656
v 0.568515 0.771535 0.049918
v 0.591720 0.760331 0.011331
v 0.639350 0.718572 0.017456
v 0.603933 0.775609 -0.025418
v 0.673547 0.681905 -0.002144
v 0.693087 0.697182 -0.031543
v 0.712628 0.600422 -0.003981
v 0.744382 0.591256 -0.035831
v 0.728505 0.521996 -0.007044
v 0.744382 0.670701 -0.048693
v 0.629580 0.793943 -0.043793
v 0.611260 0.846906 -0.051755
v 0.599047 0.895796 -0.044405
v 0.494016 0.919222 -0.053593
v 0.490352 0.876443 -0.055430
v 0.492794 0.831628 -0.036443
v -1.141304 0.242919 0.106267
v -1.116878 0.280604 0.129541
v -1.148632 0.379402 0.135666
v -1.030166 0.233752 0.129541
v -1.009404 0.256160 0.122804
v -0.848192 0.149214 0.120966
v -0.803004 0.161437 0.101367
v -0.708964 0.059584 0.106879
v -0.740718 0.138011 0.070742
v -0.664997 0.054491 0.072580
v -0.719956 0.132918 0.038280
v -0.660112 0.066714 0.029093
v -1.035051 0.175696 0.124029
v -0.724841 0.013750 0.119129
v -0.645457 -0.059584 0.107492
v -0.632022 -0.021898 0.089729
v -0.557523 -0.188937 0.052368
v -0.544089 -0.259215 0.030931
v -0.550195 -0.315234 -0.005819
v -0.562408 -0.308105 -0.027868
v -0.555081 -0.321346 -0.068905
v -0.535540 -0.348846 -0.063393
v -0.520884 -0.363105 -0.026643
v -0.533097 -0.407920 -0.009494
v -0.569736 -0.436439 -0.020518
v -0.621031 -0.000509 0.062780
v -0.594162 -0.047361 0.036443
v -0.551417 -0.202178 0.023581
v 0.479360 0.783757 0.048080
v 0.442721 0.749128 0.034606
v 0.479360 0.792924 0.004594
v 0.452491 0.815332 -0.069517
v 0.492794 0.831628 -0.036443
v 0.448828 0.834684 -0.086667
v 0.490352 0.876443 -0.055430
v 0.461041 0.947740 -0.079930
v 0.494016 0.919222 -0.053593
v 0.448828 0.980333 -0.064617
v 0.498901 0.945703 -0.040730
v 0.487909 0.976259 -0.018068
v 0.323034 0.780702 -0.020518
v 0.232658 0.823480 -0.079930
v 0.325476 0.848943 -0.086667
v 0.397533 0.958944 -0.084217
v 0.172814 0.913110 -0.085442
v 0.017709 0.957926 -0.079317
v -0.281509 0.940611 -0.082992
v -0.789570 0.948759 -0.076867
v -0.325476 0.825517 -0.085442
v -0.795677 0.823480 -0.081767
v -0.721177 0.808202 -0.074417
v -0.787127 0.793943 -0.057880
v -0.704079 0.740979 0.046243
v -0.787127 0.739961 0.040730
v -0.787127 0.743016 0.065230
v -0.829873 0.773572 0.069517
v -0.432951 0.805146 -0.070130
v -0.037250 0.811258 -0.074417
v 0.266854 0.750146 0.030931
v -0.016487 0.748109 0.052980
v -0.237543 0.741998 0.033381
v -0.513556 0.739961 0.052980
v 0.485467 1.002741 0.030318
v -0.821324 0.779683 0.012556
v -0.828652 0.825517 -0.041955
v -0.843307 0.882555 -0.048080
v -0.840865 0.928388 -0.040730
v -0.826209 0.975241 -0.005819
v -0.789570 0.971167 -0.057268
v -0.801783 1.021074 0.040118
v -0.745603 1.022093 0.030931
v -0.782242 1.020056 0.066455
v -0.540425 1.027186 0.041955
v -0.442721 1.024130 0.062780
v -0.279067 1.024130 0.028481
v -0.125183 1.030241 0.058493
v 0.337689 1.042463 0.042568
v 0.452492 1.036352 0.076867
v 0.435393 1.034315 0.027256
v 0.463483 1.032278 0.039505
v 0.090987 0.970148 -0.069517
v -0.421959 0.963018 -0.070742
v -0.838422 0.984407 0.035218
v -0.834758 0.982370 0.070742
v -0.798119 0.985426 0.122191
v -0.827430 0.963018 0.105654
v -0.794455 0.960981 0.160166
v -0.832316 0.908018 0.139341
v -0.800562 0.893758 0.171803
v -0.828652 0.843851 0.141791
v -0.787127 0.800054 0.166290
v -0.820102 0.803109 0.124029
v -0.829873 0.773572 0.069517
v 0.028701 0.971167 0.160778
v 0.392648 0.985426 0.155878
v 0.448828 0.966074 0.169965
v 0.484245 0.994593 0.093404
v 0.483024 0.950796 0.130154
v -0.762702 0.943666 0.170578
v -0.075110 0.949778 0.169353
v 0.125183 0.849962 0.168740
v 0.452491 0.831628 0.166290
v -0.362115 0.816350 0.168128
v 0.450049 0.816350 0.155878
v -0.159379 0.804128 0.155266
v -0.016487 0.748109 0.052980
v -0.502565 0.805146 0.162615
v -0.513556 0.739961 0.052980
v -0.787127 0.743016 0.065230
v -0.770029 0.816350 0.171803
v 0.485467 1.002741 0.030318
v 0.481803 0.883573 0.146078
v 0.479360 0.819406 0.120354
v 0.442721 0.749128 0.034606
v -1.160845 0.474125 0.135054
v -1.155960 0.650330 0.135054
v -1.114436 0.670701 0.136891
v -1.068026 0.771535 0.137503
v -0.967880 0.824499 0.136278
v -0.932462 0.893758 0.130154
v -0.832316 0.908018 0.139341
v -0.827430 0.963018 0.105654
v -1.075354 0.819406 0.126479
v -1.064362 0.861166 0.098304
v -1.032609 0.903944 0.062168
v -0.988642 0.929407 0.023581
v -0.838422 0.984407 0.035218
v -0.826209 0.975241 -0.005819
v -0.982535 0.914129 0.097079
v -0.834758 0.982370 0.070742
v 0.640572 0.721627 0.055430
v 0.689424 0.634034 0.039505
v 0.715071 0.535237 0.031543
v 0.707743 0.460884 0.032156
v -1.109550 0.447643 0.124641
v -1.077797 0.361068 0.120354
v -1.060698 0.410976 0.087280
v -1.025281 0.340698 0.081767
v -1.019174 0.347827 0.039505
v -0.960552 0.276530 0.075642
v -0.962995 0.290790 0.018681
v -0.842086 0.211345 0.022356
v -0.984978 0.270419 0.104429
v -0.820102 0.200141 0.060943
v -1.049707 0.414032 0.048693
v -1.071690 0.509773 0.073805
v -1.088788 0.530144 0.105654
v -1.058256 0.636071 0.102592
v -1.079018 0.656441 0.125866
v -0.975208 0.741998 0.101979
v -0.982535 0.768480 0.124641
v -0.928798 0.781720 0.116679
v -0.867733 0.849962 0.139341
v -0.828652 0.843851 0.141791
v -1.119321 0.546440 0.128929
v -1.047264 0.615700 0.071967
v -0.992306 0.701257 0.073192
v -0.944675 0.746072 0.076255
v -0.854299 0.801072 0.112391
v -0.820102 0.803109 0.124029
v -0.876282 0.772554 0.070742
v -0.829873 0.773572 0.069517
v 0.744382 -1.025149 -0.414961
v 0.613703 -1.023111 -0.475597
v 0.623473 -0.816350 -0.469472
v 0.541646 -0.762368 -0.499484
v 0.646678 -0.748109 -0.456610
v 0.494016 -0.734868 -0.508671
v 0.586834 -0.700238 -0.442522
v 0.500122 -0.692090 -0.475597
v 0.519663 -0.662553 -0.455997
v 0.470811 -0.701257 -0.486009
v 0.406082 -0.695145 -0.503771
v 0.403639 -0.738942 -0.538683
v 0.301050 -0.698201 -0.533783
v 0.296165 -0.741998 -0.567470
v 0.138618 -0.705331 -0.569307
v 0.127626 -0.733849 -0.592582
v 0.006717 -0.705331 -0.581557
v -0.023815 -0.738942 -0.606669
v -0.116634 -0.708386 -0.588294
v -0.356009 -0.724683 -0.596257
v -0.307157 -0.693108 -0.584007
v -0.349902 -0.690053 -0.582170
v -0.332804 -0.595330 -0.576657
v -0.368222 -0.640145 -0.583395
v -0.506229 -0.599404 -0.576657
v -0.492794 -0.657460 -0.577882
v -0.591720 -0.672738 -0.579107
v -0.450049 -0.690053 -0.582170
v -0.577064 -0.709405 -0.588907
v -0.410967 -0.714497 -0.591969
v -0.832316 -0.722646 -0.592582
v -0.442721 -0.741998 -0.612794
v -0.684538 -0.747090 -0.614019
v -0.320591 -0.756257 -0.618919
v -0.689424 -0.762368 -0.618306
v -0.643014 -0.825517 -0.622594
v -0.877504 -0.818387 -0.619531
v -0.693087 -0.941629 -0.626881
v -0.899487 -0.943666 -0.623819
v -0.867733 -1.026167 -0.625044
v -1.020396 -0.963018 -0.619531
v -1.061920 -1.018019 -0.616469
v -1.066805 -0.910055 -0.613407
v -1.079018 -1.008852 -0.604219
v -1.079018 -0.832647 -0.593807
v -1.085125 -0.985426 -0.556445
v -1.085125 -0.896814 -0.527046
v -1.090010 -0.976259 -0.383724
v -1.085125 -0.815332 -0.412511
v -1.085125 -0.893758 -0.078705
v -1.083903 -0.818387 0.041955
v -1.085125 -0.909036 0.139341
v -1.082682 -0.775609 0.086055
v -1.082682 -0.790887 0.243464
v -1.079018 -0.751164 0.130154
v -1.075354 -0.746072 0.263676
v -1.064362 -0.718572 0.073192
v -1.059477 -0.716534 0.359837
v -1.054592 -0.683942 0.223252
v -1.055813 -0.701257 0.346974
v -1.054592 -0.624867 0.327987
v -1.060699 -0.649312 0.361061
v -1.053371 -0.624867 0.392298
v -1.049707 -0.671719 0.402711
v -1.049707 -0.604496 0.484172
v -1.044822 -0.691071 0.556445
v -1.047264 -0.613663 0.548483
v -1.041158 -0.639126 0.572982
v -1.039936 -0.591255 0.553995
v -1.022838 -0.611626 0.581557
v -1.016732 -0.579033 0.566857
v -0.993527 -0.586163 0.576045
v -0.702858 -0.573940 0.569920
v -0.955667 -0.599404 0.582170
v -0.656448 -0.585144 0.576045
v -1.013068 -0.708386 0.589519
v -0.551417 -0.709405 0.582170
v -1.013068 -0.723664 0.595032
v -0.567294 -0.725701 0.591969
v -0.838422 -0.741998 0.607894
v -0.194797 -0.745053 0.599932
v -0.530655 -0.750146 0.606669
v -0.233879 -0.760331 0.605444
v -0.474475 -0.836721 0.614019
v -0.248534 -0.840795 0.611569
v -0.208232 -0.986444 0.618306
v -0.101978 -0.814313 0.603607
v -0.012824 -1.014963 0.607894
v 0.016488 -0.842832 0.595644
v 0.119077 -0.807184 0.582170
v -0.048241 -0.757276 0.595032
v 0.132511 -0.750146 0.572370
v -0.031143 -0.743016 0.588294
v 0.037250 -0.721627 0.560732
v -0.150830 -0.725701 0.580332
v -0.119077 -0.712460 0.570532
v -0.191133 -0.698201 0.569920
v -0.536761 -0.651349 0.577270
v -0.436614 -0.584126 0.571757
v -0.489130 -0.574959 0.569307
v -0.426844 -0.565792 0.555833
v -0.476917 -0.557644 0.538070
v -0.149609 -0.553570 0.519696
v -0.447606 -0.545422 0.522758
v -0.404861 -0.516903 0.502546
v -0.702858 -0.541348 0.522758
v -0.945896 -0.516903 0.505609
v -0.967880 -0.554588 0.531946
v -0.987421 -0.552552 0.518471
v -1.002076 -0.565792 0.542358
v -0.989863 -0.550514 0.389848
v -1.008183 -0.567829 0.297975
v -0.993527 -0.556626 -0.036443
v -1.009404 -0.569866 -0.099529
v -1.005740 -0.565792 -0.486009
v -1.021617 -0.575978 -0.519083
v -0.989863 -0.558663 -0.503159
v -0.981314 -0.575978 -0.530721
v -0.966658 -0.560700 -0.512346
v -0.768808 -0.569866 -0.536845
v -0.766365 -0.554588 -0.518471
v -0.406082 -0.553570 -0.525821
v -0.729726 -0.526070 -0.499484
v -0.363337 -0.527088 -0.505609
v -0.434172 -0.516903 -0.491521
v -0.039692 -0.524033 -0.500096
v -0.020151 -0.515884 -0.484784
v 0.098315 -0.520977 -0.482947
v 0.009160 -0.501625 -0.448647
v 0.191133 -0.501625 -0.427823
v 0.145945 -0.489403 -0.415573
v 0.275403 -0.482273 -0.383724
v 0.133732 -0.464958 -0.395973
v 0.249756 -0.461902 -0.371474
v 0.137396 -0.411995 -0.375149
v 0.264411 -0.407920 -0.344524
v 0.122741 -0.399772 -0.361674
v 0.364558 -0.398754 -0.300425
v 0.106864 -0.401809 -0.209165
v 0.515999 -0.396717 -0.212839
v 0.496458 -0.388569 -0.202427
v 0.506229 -0.383476 -0.180990
v 0.484245 -0.371254 -0.194465
v 0.490352 -0.332549 -0.170578
v 0.475696 -0.336623 -0.184665
v 0.479360 -0.323383 -0.173028
v 0.402418 -0.332549 -0.180990
v 0.413410 -0.323383 -0.166290
v 0.353566 -0.321346 -0.174253
v 0.407303 -0.321346 -0.123416
v 0.334025 -0.323383 -0.111779
v 0.390205 -0.336623 -0.102592
v 0.337689 -0.364124 -0.095854
v 0.399976 -0.366161 -0.068292
v 0.227772 -0.375328 -0.086667
v 0.312042 -0.381439 0.000919
v 0.239985 -0.383476 0.066455
v 0.408525 -0.368198 0.083605
v 0.382877 -0.363105 0.104429
v 0.396312 -0.327457 0.099529
v 0.310821 -0.330512 0.101367
v 0.279067 -0.321346 0.106879
v 0.266854 -0.332549 0.094017
v 0.214338 -0.322364 0.095242
v 0.233879 -0.336623 0.079317
v 0.209453 -0.322364 0.058493
v 0.226551 -0.336623 0.063392
v 0.221666 -0.322364 0.005819
v 0.220445 -0.332549 -0.023581
v 0.210674 -0.322364 -0.021131
v 0.224108 -0.331531 -0.089117
v 0.207010 -0.321346 -0.106879
v 0.272960 -0.321346 -0.121579
v 0.160601 -0.322364 -0.160166
v 0.160601 -0.333568 -0.176090
v 0.270518 -0.337642 -0.181603
v 0.141060 -0.386531 -0.192015
v -0.261969 -0.569866 0.559508
v -0.083659 -0.586163 0.560732
v -0.077553 -0.694127 0.563795
v 0.021373 -0.698201 0.553995
v 0.105642 -0.704312 0.542970
v 0.252198 -0.726720 0.527658
v 0.291280 -0.713479 0.508059
v 0.414631 -0.720609 0.475597
v 0.320591 -0.699219 0.495196
v 0.413410 -0.691071 0.465797
v 0.336468 -0.583107 0.486009
v 0.475696 -0.581070 0.438847
v 0.331583 -0.567829 0.479272
v 0.520884 -0.565792 0.415573
v 0.385320 -0.547459 0.422923
v 0.512335 -0.546440 0.375761
v 0.345017 -0.514866 0.409448
v 0.484245 -0.514866 0.360449
v 0.347460 -0.491440 0.359224
v 0.505007 -0.496532 0.310225
v 0.500122 -0.481255 0.288788
v 0.657670 -0.482273 0.212227
v 0.500122 -0.462921 0.266738
v 0.628359 -0.456810 0.196915
v 0.475696 -0.442550 0.260001
v 0.578285 -0.436439 0.208552
v 0.570958 -0.407920 0.200590
v 0.666219 -0.434402 0.157716
v 0.691866 -0.400791 0.127704
v 0.768808 -0.435421 0.094017
v 0.867733 -0.432365 0.023581
v 0.857963 -0.457828 0.049305
v 0.917807 -0.445606 -0.010106
v 0.955667 -0.474125 -0.010718
v 0.947118 -0.474125 -0.034606
v 0.993527 -0.495514 -0.034606
v 0.903151 -0.490421 -0.098917
v 1.014289 -0.513847 -0.075030
v 0.807890 -0.491440 -0.162616
v 0.937347 -0.516903 -0.135666
v 0.699194 -0.514866 -0.278376
v 0.735833 -0.525051 -0.272251
v 0.585613 -0.526070 -0.348812
v 0.701637 -0.558663 -0.319412
v 0.537983 -0.561718 -0.400261
v 0.640572 -0.583107 -0.388624
v 0.511114 -0.584126 -0.444360
v 0.495237 -0.598385 -0.459672
v 0.304714 -0.585144 -0.509284
v 0.375550 -0.604496 -0.498871
v 0.231436 -0.600422 -0.533783
v 0.380435 -0.661534 -0.502546
v 0.241207 -0.663571 -0.536233
v 0.170371 -0.676812 -0.551545
v 0.067782 -0.679867 -0.565632
v -0.117855 -0.674775 -0.576657
v 0.854299 -0.555607 -0.228152
v 1.024060 -0.542366 -0.090342
v 1.065584 -0.511810 -0.027868
v 1.005740 -0.498569 -0.013168
v 0.857963 -0.477181 0.075642
v 0.754152 -0.461902 0.125254
v 0.837201 -0.498569 0.126479
v 0.927577 -0.498569 0.057880
v 1.016732 -0.512829 0.034606
v 1.059477 -0.511810 -0.008881
v 1.098559 -0.549496 -0.011331
v 1.107108 -0.553570 -0.034606
v 1.019174 -0.557644 -0.114229
v 0.962995 -0.579033 -0.199365
v 0.844529 -0.580052 -0.274701
v 0.873840 -0.597367 -0.269188
v 0.771251 -0.597367 -0.331050
v 0.826209 -0.656441 -0.305938
v 0.680874 -0.658478 -0.386174
v 0.792013 -0.681905 -0.332275
v 0.678432 -0.682923 -0.394136
v 0.723620 -0.708386 -0.385561
v 0.632022 -0.598385 -0.402711
v 0.158158 -0.322364 0.023581
v 0.167929 -0.321346 0.150978
v 0.149609 -0.329494 0.162615
v 0.276624 -0.328475 0.163840
v 0.145945 -0.389587 0.185278
v 0.492794 -0.382457 0.179153
v 0.497680 -0.391624 0.187115
v 0.511114 -0.385513 0.165065
v 0.531876 -0.395698 0.174865
v 0.520884 -0.397735 -0.079930
v 0.669883 -0.394680 -0.123416
v 0.577064 -0.396717 -0.215289
v 0.651563 -0.402828 -0.187728
v 0.535540 -0.406902 -0.248976
v 0.610039 -0.455791 -0.236726
v 0.459819 -0.453754 -0.300425
v 0.525769 -0.479217 -0.293075
v 0.410967 -0.480236 -0.340849
v 0.505007 -0.499588 -0.332275
v 0.436615 -0.496532 -0.356162
v 0.545310 -0.514866 -0.352487
v 0.417074 -0.517922 -0.409448
v 0.331583 -0.497551 -0.390461
v 0.269297 -0.519959 -0.451710
v 0.261969 -0.558663 -0.482947
v 0.086102 -0.560700 -0.514184
v -0.043356 -0.553570 -0.520308
v -0.069003 -0.569866 -0.537458
v -0.319370 -0.568848 -0.542358
v -0.494016 -0.585144 -0.568082
v -0.771251 -0.584126 -0.561345
v -0.920249 -0.596348 -0.566857
v -0.970322 -0.587181 -0.553383
v -1.036273 -0.590237 -0.553995
v -1.058256 -0.594311 -0.539295
v -1.047264 -0.586163 -0.143016
v -1.035051 -0.579033 -0.100142
v -1.047264 -0.589219 -0.080542
v -1.043600 -0.587181 0.346362
v -1.055813 -0.599404 0.021743
v -1.052150 -0.602459 0.337787
v -0.163043 -0.585144 -0.564407
v 0.005496 -0.587181 -0.557670
v 0.147167 -0.584126 -0.538683
v 0.398754 -0.560700 -0.448647
v -0.111749 -0.598385 -0.572370
v -0.795677 -0.607552 -0.571757
v -0.923913 -0.636071 -0.568695
v -0.711407 -0.682923 -0.576657
v -0.889717 -0.695145 -0.576045
v -1.021617 -0.673756 -0.567470
v -1.035051 -0.697182 -0.571145
v -1.037494 -0.719590 -0.580945
v -1.057035 -0.707368 -0.568695
v -1.061920 -0.749127 -0.598707
v -1.074133 -0.748109 -0.585845
v -1.076575 -0.739961 -0.557058
v -1.061920 -0.693108 -0.541133
v -1.064362 -0.700238 -0.466409
v -1.080239 -0.744035 -0.398423
v -1.063141 -0.709405 -0.237339
v -1.059477 -0.692090 -0.089730
v -1.059477 -0.626904 -0.094629
v -1.079018 -0.754220 -0.010106
v 0.271739 -0.745053 0.542970
v 0.461041 -0.745053 0.489071
v 0.537982 -0.719590 0.430885
v 0.558745 -0.745053 0.452935
v 0.639350 -0.719590 0.387399
v 0.662555 -0.757276 0.419860
v 0.779800 -0.751164 0.354937
v 0.717513 -0.773572 0.399036
v 0.853078 -0.771535 0.323087
v 0.801783 -0.847925 0.357387
v 0.912921 -0.951815 0.293075
v 0.837201 -1.015982 0.339012
v 0.956888 -1.023111 0.263676
v 0.969101 -0.753202 0.235501
v 1.000855 -0.770516 0.222027
v 1.099780 -0.765424 0.143628
v 1.044822 -0.838758 0.195690
v 1.122985 -0.831628 0.130154
v 1.058256 -1.022093 0.190177
v 1.122985 -1.005797 0.133216
v 1.198705 -1.024130 0.058493
v 1.191378 -0.969130 0.069517
v 1.245115 -0.962000 0.012556
v 1.181607 -0.791906 0.072580
v 1.218246 -0.777646 0.027868
v 1.192599 -0.760331 0.052368
v 1.230459 -0.747090 -0.005206
v 1.160845 -0.747090 0.073192
v 1.192599 -0.714498 -0.007656
v 1.090010 -0.719590 0.092792
v 1.120542 -0.693108 0.049918
v 1.049707 -0.695145 0.111166
v 1.079018 -0.610608 0.079317
v 0.959331 -0.694127 0.179765
v 1.004519 -0.579033 0.139341
v 0.932462 -0.588200 0.192627
v 0.873840 -0.565792 0.220802
v 0.859184 -0.574959 0.242239
v 0.721177 -0.564774 0.313288
v 0.684538 -0.580052 0.345749
v 0.590498 -0.582089 0.391073
v 0.583170 -0.695145 0.399648
v 0.509893 -0.694127 0.430273
v 0.789570 -0.602459 0.288788
v 0.712628 -0.694127 0.337174
v 0.856741 -0.691071 0.250201
v 0.867733 -0.720609 0.261838
v 0.955667 -0.719590 0.198752
v 1.057035 -0.753202 0.169353
v 0.756595 -0.719590 0.328600
v 0.542868 -1.028204 -0.501321
v 0.439057 -0.984407 -0.535621
v 0.349902 -0.807184 -0.557670
v 0.329140 -0.977278 -0.566245
v 0.255862 -0.829591 -0.580332
v 0.225330 -0.971167 -0.587070
v 0.150830 -0.828573 -0.598094
v 0.163043 -1.022093 -0.595644
v -0.042135 -1.028204 -0.613407
v 0.188691 -0.752183 -0.590132
v 0.097093 -0.754220 -0.601157
v -0.095872 -0.754220 -0.614632
v -0.270518 -0.820424 -0.623206
v -0.464704 -0.860147 -0.623819
v -0.369443 -1.025149 -0.625044
v -0.611260 -1.024130 -0.626269
v -0.213117 -1.023111 -0.621981
v -0.163043 -0.860147 -0.621369
v 0.010381 -0.816350 -0.610957
v 0.301050 -1.026167 -0.571145
v 0.418295 -1.028204 -0.541133
v 1.248779 -1.014963 0.007044
v 1.250000 -0.835702 -0.014393
v 1.229238 -0.740979 -0.034606
v 1.193820 -0.704312 -0.028481
v 1.179165 -0.678849 -0.021131
v 1.164509 -0.689034 0.006431
v 1.171837 -0.639126 -0.016843
v 1.168173 -0.579033 -0.014393
v 1.176722 -0.612645 -0.028481
v 1.164509 -0.584126 -0.044405
v 1.163288 -0.655423 -0.048080
v 1.068026 -0.656441 -0.135666
v 1.086346 -0.682923 -0.127091
v 0.982535 -0.667645 -0.203652
v 0.981314 -0.700238 -0.218964
v 0.871397 -0.702275 -0.293688
v 0.878725 -0.737924 -0.320025
v 0.778578 -0.737924 -0.380049
v 0.851856 -0.754220 -0.346974
v 0.680874 -0.767461 -0.442522
v 0.909257 -0.663571 -0.253876
v 0.952003 -0.593293 -0.215902
v 1.071690 -0.600422 -0.127091
v 1.159624 -0.570885 -0.036443
v 1.149853 -0.566811 -0.005819
v 1.122985 -0.570885 0.033381
v 1.080239 -0.560700 0.037055
v 1.008183 -0.551533 0.081155
v 1.071690 -0.567829 0.078705
v 0.904372 -0.552552 0.165678
v 0.755374 -0.546440 0.252651
v 0.654006 -0.547459 0.310838
v 1.093674 -0.575978 0.051143
v -0.710186 -0.557644 0.539295
v 0.757816 -1.024130 0.383724
v 0.688202 -0.856073 0.419248
v 0.658891 -1.025149 0.433948
v 0.596605 -1.010889 0.462122
v 0.533097 -1.033297 0.481722
v 0.495237 -1.015982 0.498871
v 0.577064 -0.862184 0.465184
v 0.640572 -0.780702 0.435172
v 0.443942 -0.911073 0.511121
v 0.545310 -0.760331 0.469472
v 0.352345 -0.834684 0.535620
v 0.336468 -0.759313 0.533783
v 0.259526 -0.823480 0.558895
v 0.243649 -0.757276 0.556445
v -0.927577 -0.762368 -0.614632
v -0.999634 -0.759313 -0.609119
v -0.956888 -0.747090 -0.607894
v 0.260747 -0.330512 -0.105042
v 0.215559 -0.379402 -0.034606
v 0.224108 -0.376346 0.055430
v 0.243649 -0.368198 0.084217
v 0.114191 -1.024130 0.593807
v 0.225330 -1.014963 0.575432
v 0.330362 -1.014963 0.550933
v -1.035051 -0.685979 0.579107
v -1.057035 -0.727738 0.571757
v -1.066805 -0.737924 0.418023
v -1.080239 -0.756257 0.316350
v -1.083903 -0.859128 0.306550
v -1.080239 -0.787831 0.400873
v -1.077797 -0.763387 0.477434
v -1.075354 -0.759313 0.547870
v -1.075354 -0.851999 0.583395
v -1.070469 -0.783757 0.598094
v -1.066805 -0.868295 0.604832
v -1.053371 -0.823480 0.612794
v -1.043600 -0.874406 0.617081
v -0.909257 -0.839776 0.619531
v -0.945896 -1.019037 0.626881
v -0.893381 -0.957926 0.625044
v -0.600269 -1.019037 0.623206
v -0.734612 -0.864221 0.619531
v -0.683317 -0.757276 0.610957
v -0.904372 -0.752183 0.611569
v -1.048486 -0.744035 0.602382
v -1.066805 -0.751164 0.590132
v -1.039936 -0.713479 0.585232
v -1.085125 -0.986444 0.122804
v -1.085125 -0.960981 0.337787
v -1.077797 -1.019037 0.438235
v -1.081461 -0.970148 0.524596
v -1.072912 -1.010889 0.596869
v -1.075354 -0.940611 0.602994
v -1.055813 -1.006815 0.617694
v -1.064362 -0.909036 0.613407
v -1.081461 -0.877462 0.507446
v -1.060699 -0.603478 -0.173640
v -1.064362 -0.612645 -0.344524
v -1.061920 -0.677830 -0.350649
v -1.065584 -0.608570 -0.480497
v -1.064362 -0.638108 -0.552770
v -1.052150 -0.674775 -0.559508
v -1.048486 -0.615700 -0.565020
v 0.473254 -0.320327 0.147303
v 0.398754 -0.320327 0.108716
v 0.419516 -0.328475 0.076867
v 0.423180 -0.356994 0.048080
v 0.423180 -0.329494 0.036443
v 0.414631 -0.333568 -0.093404
v 0.432951 -0.322364 0.084217
v 0.434172 -0.322364 -0.104429
v 0.480581 -0.321346 0.076867
v 0.465926 -0.320327 -0.152203
v 0.490352 -0.325420 0.111166
v 0.490352 -0.334587 -0.065842
v 0.500122 -0.371254 -0.007656
v 0.390205 -0.407920 -0.307775
v 0.347460 -0.457828 -0.343299
v 0.435393 -0.328475 0.160778
v 0.497680 -0.346809 0.166903
v 0.123962 -0.398754 -0.203040
v 0.120298 -0.394680 -0.185278
v 0.117855 -0.400791 -0.038280
v 0.088544 -0.403846 -0.106267
v 0.051905 -0.403846 -0.033993
v 0.070225 -0.396717 -0.082380
v 0.038471 -0.400791 -0.043793
v 0.036028 -0.373291 -0.070742
v 0.011602 -0.380420 -0.055430
v -0.020151 -0.375328 -0.061555
v -0.015266 -0.399772 -0.046243
v -0.054348 -0.402828 -0.030318
v -0.048241 -0.402828 0.056655
v 0.039692 -0.402828 0.061555
v -0.059233 -0.376346 0.068905
v 0.025037 -0.378383 0.078705
v -0.072667 -0.369216 0.082992
v -0.000611 -0.379402 0.097079
v -0.084880 -0.374309 0.094017
v 0.001832 -0.400791 0.116066
v -0.108085 -0.398754 0.106879
v -0.000611 -0.404865 0.130154
v -0.125183 -0.401809 0.135054
v -0.060454 -0.377365 0.150978
v -0.111749 -0.370235 0.158328
v -0.104421 -0.373291 0.176703
v -0.126404 -0.397735 0.170578
v -0.100757 -0.400791 0.195077
v -0.210674 -0.400791 0.186503
v -0.276624 -0.399772 0.291850
v -0.261969 -0.401809 0.186503
v -0.309599 -0.402828 0.188340
v -0.299829 -0.402828 0.163228
v -0.326698 -0.378383 0.147916
v -0.309599 -0.379402 0.133216
v -0.345017 -0.372272 0.118516
v -0.313263 -0.372272 0.107492
v -0.338911 -0.378383 0.081767
v -0.316927 -0.379402 0.082992
v -0.324255 -0.399772 0.057880
v -0.265633 -0.374309 0.131991
v -0.250977 -0.403846 0.117291
v -0.227772 -0.372272 0.130154
v -0.227772 -0.400791 0.109329
v -0.213117 -0.375328 0.109329
v -0.226551 -0.380420 0.072580
v -0.205789 -0.372272 0.062168
v -0.247313 -0.401809 0.058493
v -0.210674 -0.402828 0.037668
v -0.318149 -0.405883 0.044405
v -0.187469 -0.402828 -0.019906
v -0.348681 -0.402828 -0.027256
v -0.199682 -0.395698 -0.030931
v -0.345017 -0.377365 -0.043793
v -0.203346 -0.371254 -0.043793
v -0.252198 -0.372272 -0.049918
v -0.244870 -0.375328 -0.067680
v -0.253420 -0.370235 -0.092179
v -0.221666 -0.402828 -0.078705
v -0.180142 -0.389587 -0.133216
v -0.164265 -0.402828 -0.122804
v -0.166707 -0.403846 -0.162616
v -0.130068 -0.401809 -0.081155
v -0.126404 -0.400791 -0.146691
v -0.112970 -0.374309 -0.111166
v -0.108085 -0.377365 -0.144853
v -0.087323 -0.374309 -0.136279
v -0.075110 -0.378383 -0.164453
v -0.044577 -0.401809 -0.157103
v -0.071446 -0.401809 -0.179153
v 0.018930 -0.404865 -0.171190
v -0.051905 -0.399772 -0.248364
v 0.054348 -0.404865 -0.177928
v -0.097093 -0.401809 -0.178540
v -0.193576 -0.402828 -0.241626
v -0.207010 -0.402828 -0.175478
v -0.408525 -0.406902 -0.237951
v -0.371886 -0.404865 -0.169353
v -0.424401 -0.404865 -0.193852
v -0.415852 -0.403846 -0.114229
v -0.435393 -0.385513 -0.178540
v -0.418295 -0.405883 -0.069517
v -0.431729 -0.396717 0.182215
v -0.415852 -0.403846 -0.026031
v -0.420738 -0.403846 0.196915
v -0.364558 -0.404865 0.049918
v -0.369443 -0.403846 0.171803
v -0.351124 -0.377365 0.174865
v -0.335247 -0.376346 0.177928
v -0.351124 -0.403846 0.193240
v -0.395090 -0.400791 0.367186
v -0.203346 -0.399772 0.362899
v 0.059233 -0.401809 0.233052
v 0.042135 -0.399772 0.183440
v 0.073889 -0.401809 0.143628
v 0.047020 -0.374309 0.144853
v 0.050684 -0.377365 0.103204
v 0.027479 -0.377365 0.118516
v -0.453713 -0.402828 0.207940
v -0.443942 -0.392643 0.193240
v -0.806668 -0.399772 0.201202
v -0.518442 -0.332549 0.173640
v -0.701637 -0.330512 0.173640
v -0.465926 -0.325420 0.163840
v -0.782242 -0.325420 0.158941
v -0.708964 -0.327457 0.117291
v -0.733390 -0.327457 0.100142
v -0.724841 -0.336623 0.097079
v -0.746825 -0.327457 0.032768
v -0.739497 -0.336623 0.027868
v -0.730948 -0.336623 -0.065230
v -0.732169 -0.351901 -0.060330
v -0.717513 -0.354957 -0.078092
v -0.712628 -0.358013 -0.049305
v -0.664997 -0.348846 -0.079317
v -0.548974 -0.352920 -0.079317
v -0.625916 -0.330512 -0.100142
v -0.596605 -0.327457 -0.098304
v -0.641793 -0.327457 -0.154653
v -0.556302 -0.328475 -0.114229
v -0.467147 -0.324401 -0.150366
v -0.508671 -0.326438 -0.094017
v -0.503786 -0.325420 0.105042
v -0.569736 -0.326438 0.117291
v -0.539204 -0.335605 0.097079
v -0.570958 -0.335605 0.113616
v -0.572179 -0.374309 0.114229
v -0.684538 -0.341716 0.116679
v -0.702858 -0.373291 0.114229
v -0.728505 -0.362087 0.097079
v -0.741939 -0.366161 0.056043
v -0.628359 -0.366161 0.005206
v -0.536761 -0.351901 0.013168
v -0.530655 -0.331531 -0.048080
v -0.529433 -0.334587 0.046855
v -0.779800 -0.337642 0.173028
v -0.793234 -0.339679 0.163840
v -0.784685 -0.329494 0.018681
v -0.796898 -0.336623 -0.152203
v -0.787128 -0.327457 -0.150978
v -0.788349 -0.335605 -0.161391
v -0.611260 -0.336623 -0.165678
v -0.459819 -0.329494 -0.162003
v -0.464704 -0.345790 -0.170578
v -0.445164 -0.396717 -0.188340
v -0.494016 -0.403846 -0.200590
v -0.522106 -0.402828 -0.278988
v -0.193576 -0.401809 -0.383111
v -0.509893 -0.402828 -0.372086
v -0.600269 -0.407920 -0.385561
v -0.743161 -0.404865 -0.365349
v -0.844529 -0.410976 -0.371474
v -0.860406 -0.406902 -0.337787
v -0.872618 -0.444587 -0.377599
v -0.884831 -0.455791 -0.364124
v -0.898266 -0.474125 -0.394136
v -0.909257 -0.481255 -0.326762
v -0.930020 -0.497551 -0.419860
v -0.938569 -0.501625 -0.318187
v -0.964216 -0.513847 -0.297975
v -0.936126 -0.501625 0.015006
v -0.964216 -0.518940 0.495809
v -0.921471 -0.498569 0.454772
v -0.922692 -0.507736 0.490909
v -0.893381 -0.495514 0.463959
v -0.381656 -0.492458 0.454160
v -0.603933 -0.477180 0.433948
v -0.076331 -0.494495 0.444972
v -0.349902 -0.471069 0.419248
v -0.108085 -0.477180 0.418023
v -0.043356 -0.458847 0.395361
v 0.037250 -0.483292 0.414348
v 0.134954 -0.460884 0.375149
v 0.172814 -0.485329 0.393523
v 0.291280 -0.460884 0.338399
v 0.370664 -0.461902 0.315125
v -0.512335 -0.385513 -0.180990
v -0.639350 -0.389587 -0.181603
v -0.823766 -0.405883 -0.192627
v -0.812775 -0.396717 -0.180990
v -0.821324 -0.400791 -0.169353
v -0.812775 -0.387550 -0.104429
v -0.806668 -0.386531 0.071967
v -0.817660 -0.400791 -0.030931
v -0.816439 -0.399772 0.186503
v -0.832316 -0.403846 0.188952
v -0.807890 -0.403846 0.212227
v -0.733390 -0.402828 0.381886
v -0.244870 -0.402828 0.376374
v -0.202125 -0.414032 0.382499
v -0.097093 -0.400791 0.369636
v -0.042135 -0.410976 0.374536
v 0.064118 -0.406902 0.360449
v -0.037250 -0.441532 0.383724
v 0.130068 -0.438476 0.361061
v 0.253420 -0.440513 0.335337
v 0.375550 -0.438476 0.296138
v -0.296165 -0.447643 0.397198
v -0.509893 -0.469032 0.419860
v -0.690645 -0.448662 0.410061
v -0.864069 -0.456810 0.419248
v -0.774914 -0.413013 0.393523
v -0.832316 -0.404865 0.384949
v -0.733390 -0.408939 0.394136
v -0.575843 -0.410976 0.391073
v -0.536761 -0.446625 0.403936
v -0.397533 -0.414032 0.389848
v -0.246092 -0.372272 0.164453
v -0.196018 -0.373291 0.156491
v -0.164265 -0.401809 0.149141
v -0.182584 -0.376346 0.128929
v -0.161822 -0.400791 0.088505
v -0.119077 -0.402828 0.040118
v -0.089766 -0.401809 0.036443
v -0.183805 -0.398754 -0.041343
v -0.181363 -0.402828 -0.070130
v -0.194797 -0.376346 -0.059718
v -0.128847 -0.400791 0.073192
v -0.105642 -0.372272 0.068905
v -0.092208 -0.381439 0.049918
v -0.086102 -0.404865 -0.032156
v -0.079995 -0.372272 -0.054818
v -0.114191 -0.402828 -0.048693
v -0.109306 -0.377365 -0.075030
v -0.084880 -0.375328 -0.097692
v -0.065339 -0.402828 -0.105042
v -0.022594 -0.401809 -0.117904
v 0.009160 -0.402828 -0.155266
v 0.006717 -0.402828 -0.105654
v 0.020151 -0.398754 -0.113616
v 0.010381 -0.377365 -0.088505
v 0.033586 -0.374309 -0.112391
v 0.059233 -0.376346 -0.104429
v 0.070225 -0.398754 -0.130766
v -0.056790 -0.374309 -0.075030
v -0.051905 -0.398754 -0.094017
v -0.022594 -0.375328 -0.103204
v -0.029922 -0.371254 -0.081155
v -0.077553 -0.511810 0.482334
v 0.067782 -0.514866 0.467022
v 0.009160 -0.526070 0.487846
v 0.181363 -0.515884 0.452935
v 0.026258 -0.551533 0.503771
v 0.237543 -0.547459 0.465184
v 0.175256 -0.571904 0.517858
v 0.232658 -0.584126 0.511734
v 0.213117 -0.694127 0.520921
v 0.145945 -0.500607 0.424148
v -0.453713 -0.331531 0.158941
v -0.442721 -0.370235 0.020518
v -0.452491 -0.337642 -0.027868
v -0.370664 -0.405883 -0.046243
v -0.349902 -0.371254 -0.061555
v -0.359673 -0.402828 -0.071355
v -0.360894 -0.403846 -0.111779
v -0.363337 -0.399772 -0.146078
v -0.353566 -0.375328 -0.141178
v -0.341353 -0.372272 -0.154041
v -0.340132 -0.372272 -0.128929
v -0.297386 -0.372272 -0.124029
v -0.312042 -0.402828 -0.110554
v -0.307157 -0.398754 -0.100142
v -0.315706 -0.377365 -0.083605
v -0.283952 -0.373291 -0.108717
v -0.320591 -0.369216 -0.058493
v -0.272960 -0.368198 -0.129541
v -0.232658 -0.373291 -0.154041
v -0.349902 -0.399772 -0.162616
v -0.181363 -0.396717 -0.162616
v -0.192355 -0.370235 -0.145466
v -0.544089 -0.363105 0.094629
v -0.545310 -0.343753 -0.084217
v -0.414631 -0.505699 0.488459
v -0.170371 -0.519959 0.498871
v -0.012824 -0.569866 0.545420
v -0.003053 -0.584126 0.552770
v 0.121519 -0.588200 0.535620
v -0.973986 -0.525051 0.401486
v -0.991085 -0.548477 -0.479272
v -0.976429 -0.524033 -0.462735
v -0.959331 -0.518940 -0.478047
v -0.911700 -0.497551 -0.431498
v -0.826209 -0.515884 -0.481722
v -0.821324 -0.495514 -0.435785
v -0.491573 -0.503662 -0.455997
v -0.494016 -0.488384 -0.432723
v -0.200904 -0.489403 -0.433335
v -0.280288 -0.471069 -0.417410
v 0.018930 -0.479217 -0.419860
v 0.027479 -0.455791 -0.403323
v -0.001832 -0.420143 -0.394136
v 0.018930 -0.405883 -0.383724
v -0.291280 -0.448662 -0.406386
v -0.207010 -0.422180 -0.400261
v -0.215559 -0.407920 -0.394136
v -0.476917 -0.420143 -0.397811
v -0.812775 -0.422180 -0.385561
v -0.862848 -0.455791 -0.395361
v -0.878725 -0.477180 -0.411286
v -0.632022 -0.448662 -0.400873
v -0.627137 -0.472088 -0.414348
v -0.937347 -0.525051 -0.489684
v -0.855520 -0.405883 -0.128929
v -0.827430 -0.403846 -0.099529
v 0.007939 -0.377365 0.143628
v 0.036028 -0.379402 0.164453
v 0.039692 -0.372272 -0.157716
v 0.048241 -0.396717 -0.164453
v 0.022594 -0.376346 -0.146691
v 1.169394 -0.681905 -0.050530
v 1.188935 -0.707368 -0.047468
v 1.108329 -0.707368 -0.122804
v 1.118100 -0.739961 -0.147916
v 1.000855 -0.738942 -0.239789
v 1.093674 -0.757276 -0.178540
v 0.972765 -0.757276 -0.271026
v 1.036273 -0.849962 -0.228152
v 1.026502 -1.027186 -0.237951
v 1.092452 -1.026167 -0.187115
v 0.893381 -0.839776 -0.325537
v 0.820103 -0.840795 -0.369024
v 0.842086 -1.026167 -0.359837
v 0.941011 -1.024130 -0.297363
v 1.225574 -0.744035 -0.051143
v 1.242672 -0.953852 -0.044405
v 1.246336 -1.012926 -0.033381
v 1.224353 -1.029223 -0.064005
v 1.190156 -0.762368 -0.094017
v 1.126649 -0.923296 -0.157103
v 1.190156 -1.019037 -0.102592
v -0.429287 -0.655423 -0.580945
v 0.049463 -0.598385 -0.560733
v -0.040914 -0.609589 -0.568695
v -0.298608 -0.612645 -0.579720
v -0.275403 -0.670701 -0.579720
v -0.220445 -1.025149 0.618919
v -1.079018 -1.024130 -0.578495
v -1.085125 -1.015982 -0.492746
v -1.083903 -1.024130 -0.201815
v -1.086346 -0.992556 -0.047468
v -1.083903 -0.991537 0.021131
v -1.075354 -1.034315 0.034606
v -1.081461 -1.025149 0.098917
v 0.548974 -0.495514 -0.307775
v 0.689424 -0.496532 -0.241014
v 0.635686 -0.476162 -0.240401
v 0.738276 -0.468014 -0.175478
v 0.721177 -0.448662 -0.171190
v 0.875061 -0.468014 -0.086055
v 0.844529 -0.442551 -0.082992
v 0.914143 -0.446625 -0.030318
v 0.887274 -0.403846 -0.015006
v 0.873840 -0.401809 0.003369
v 0.867733 -0.394680 -0.013168
v 0.752931 -0.393661 0.068905
v 0.715071 -0.395698 -0.133216
v 0.689424 -0.418106 -0.173028
v 0.754152 -0.404865 -0.127091
v 0.873840 -0.398754 -0.032156
v -0.739497 -0.328475 -0.071967
v -0.708964 -0.334587 -0.090342
v -0.716292 -0.328475 -0.110554
v 0.546532 -0.395698 0.198140
v 0.420738 -0.402828 0.266126
v 0.238764 -0.408939 0.327375
v 0.225330 -0.396717 0.314513
v 0.090987 -0.397735 0.338399
v 0.131290 -0.400791 0.200590
v 0.115413 -0.399772 0.160778
v 0.067782 -0.403846 0.079930
v 0.119077 -0.397735 0.057268
v 0.130068 -0.391624 -0.087280
v 0.133732 -0.375328 -0.176090
v 0.145945 -0.332549 -0.168128
v 0.133732 -0.385513 0.134441
v 0.130068 -0.385513 0.173640
v 0.213117 -0.398754 0.201202
v 0.150830 -0.332549 -0.100754
v 0.166707 -0.322364 -0.073805
v -0.877504 -0.481255 0.442522
v -0.887274 -0.472088 0.421085
v -0.906815 -0.483292 0.071355
v -0.886053 -0.460884 0.056655
v -0.890938 -0.469032 -0.178540
v -0.876282 -0.445606 -0.229377
v -0.868955 -0.419124 -0.326762
v -0.866512 -0.413013 0.289400
v -0.854299 -0.405883 0.305325
v -0.872618 -0.449680 0.401486
v -0.876282 -0.448662 0.176090
v -0.864069 -0.429310 0.380661
v -0.850635 -0.410976 0.380661
v -0.911700 -0.487366 -0.132604
v 1.013068 -0.539311 0.059105
v 0.899487 -0.514866 0.130154
v 0.903151 -0.541348 0.149141
v 0.699194 -0.515884 0.260001
v 0.684538 -0.499588 0.226927
v 0.579507 -0.514866 0.321250
v 0.248535 -0.112547 0.008881
v 0.276624 -0.033102 0.002756
v 0.255862 -0.129862 -0.027868
v 0.301050 -0.050417 -0.044405
v 0.288837 -0.168566 -0.070742
v 0.343796 -0.052454 -0.068905
v 0.321812 -0.300975 -0.086055
v 0.381656 -0.060602 -0.069517
v 0.362115 -0.204215 -0.073192
v 0.414631 -0.096251 -0.052368
v 0.395090 -0.195048 -0.052368
v 0.423180 -0.138011 -0.029093
v 0.227772 -0.234771 -0.000919
v 0.248535 -0.225604 -0.048693
v 0.232658 -0.314216 -0.009494
v 0.247313 -0.301994 -0.049305
v 0.231436 -0.329494 -0.093404
v 0.271739 -0.297919 -0.071355
v 0.469590 -0.023935 -0.033993
v 0.519663 0.018843 -0.020518
v 0.462262 0.003565 -0.055430
v 0.550195 0.072825 -0.046855
v 0.512335 0.102362 -0.066455
v 0.484245 0.120696 -0.064617
v 0.584392 0.225604 -0.048080
v 0.595384 0.261253 -0.019293
v 0.409746 0.098288 -0.049918
v 0.515999 0.213382 -0.021131
v 0.600269 0.280604 0.021131
v 0.456155 0.190974 0.029093
v 0.407303 0.130881 -0.017456
v 0.379214 0.121714 0.016231
v 0.336468 0.044306 -0.022968
v 0.330362 0.063658 0.019293
v 0.215559 -0.351901 -0.049918
v 0.219223 -0.382457 -0.066455
v 0.249756 -0.388569 -0.105042
v 0.252198 -0.346809 -0.105654
v 0.388984 -0.363105 -0.103204
v 0.410967 -0.317272 -0.093404
v 0.410967 -0.392643 -0.075030
v 0.419516 -0.367179 -0.064005
v 0.424402 -0.378383 0.008269
v 0.252198 -0.416069 -0.071355
v 0.359673 -0.396717 -0.095854
v 0.409746 -0.410976 -0.000306
v 0.597826 0.066714 -0.003369
v 0.675989 0.130881 -0.029093
v 0.365779 -0.298938 -0.076255
v 0.406082 -0.300975 -0.041343
v -0.012824 -1.014963 0.607894
v -0.220445 -1.025149 0.618919
v -0.111749 -1.033297 0.610957
v -0.842086 -1.032278 0.620756
v -0.260747 -1.037371 0.604219
v -0.905593 -1.036352 0.593194
v -0.533097 -1.038389 0.543583
v -0.821324 -1.035334 0.269188
v -0.584392 -1.037371 0.063392
v -0.778578 -1.036352 0.060943
v -0.529433 -1.039408 -0.353099
v -0.750489 -1.037371 -0.339624
v -0.682096 -1.040426 -0.557058
v -0.952003 -1.038389 -0.459060
v -1.036273 -1.037371 -0.599932
v -0.999634 -1.037371 -0.244689
v -1.066805 -1.035334 -0.560733
v -1.065584 -1.038389 0.002756
v -1.075354 -1.034315 0.034606
v -1.074133 -1.031260 0.360449
v -1.081461 -1.025149 0.098917
v -1.077797 -1.019037 0.438235
v -0.928798 -1.036352 0.090342
v -0.995970 -1.036352 0.530108
v -1.065584 -1.034315 0.460897
v -1.049707 -1.032278 0.604219
v -1.068026 -1.027186 0.563182
v -1.072912 -1.010889 0.596869
v -1.028945 -1.025149 0.617081
v -0.945896 -1.019037 0.626881
v -1.055813 -1.006815 0.617694
v -0.600269 -1.019037 0.623206
v 0.114191 -1.024130 0.593807
v 0.084880 -1.038389 0.585844
v 0.239985 -1.032278 0.568082
v 0.390205 -1.033297 0.528883
v 0.330362 -1.014963 0.550933
v 0.495237 -1.015982 0.498871
v 0.044577 -1.039408 0.547870
v -0.177699 -1.037371 0.248976
v 0.051905 -1.038389 0.073805
v -0.099536 -1.037371 -0.102592
v 0.348681 -1.040426 -0.303488
v -0.037250 -1.040426 -0.435785
v 0.326698 -1.042463 -0.545420
v 0.175256 -1.041445 -0.576657
v 0.297386 -1.037371 -0.565632
v 0.144724 -1.038389 -0.591357
v 0.301050 -1.026167 -0.571145
v 0.163043 -1.022093 -0.595644
v -0.088544 -1.041445 -0.601769
v -0.596605 -1.040426 -0.610957
v -0.680874 -1.037371 -0.617694
v -0.994748 -1.033297 -0.615244
v -1.059477 -1.031260 -0.606669
v -1.061920 -1.018019 -0.616469
v -1.079018 -1.008852 -0.604219
v 0.225330 -1.014963 0.575432
v 0.418295 -1.028204 -0.541133
v 0.497680 -1.038389 -0.510509
v 0.639350 -1.041445 -0.448647
v 0.911700 -1.041445 -0.255714
v 0.901930 -1.039408 -0.313900
v 1.184050 -1.041445 -0.091567
v 1.132755 -1.037371 -0.147303
v 1.224353 -1.029223 -0.064005
v 1.190156 -1.019037 -0.102592
v 0.542868 -1.028204 -0.501321
v 0.691866 -1.037371 -0.436397
v 0.613703 -1.023111 -0.475597
v 0.744382 -1.025149 -0.414961
v 0.842086 -1.026167 -0.359837
v 0.941011 -1.024130 -0.297363
v 1.026502 -1.027186 -0.237951
v 1.092452 -1.026167 -0.187115
v -0.042135 -1.028204 -0.613407
v -0.219223 -1.037371 -0.617081
v -0.213117 -1.023111 -0.621981
v -0.369443 -1.025149 -0.625044
v -0.611260 -1.024130 -0.626269
v -0.867733 -1.026167 -0.625044
v -1.079018 -1.024130 -0.578495
v -1.079018 -1.030241 -0.431498
v -1.083903 -1.024130 -0.201815
v -1.085125 -1.015982 -0.492746
v 0.533097 -1.033297 0.481722
v 0.386541 -1.038389 0.517858
v 0.629580 -1.038389 0.435785
v 0.524548 -1.040426 0.413736
v 0.949560 -1.040426 0.183440
v 0.399976 -1.040426 0.159553
v 0.673547 -1.040426 -0.180990
v 0.658891 -1.025149 0.433948
v 0.757816 -1.024130 0.383724
v 0.840865 -1.034315 0.331050
v 1.082682 -1.039408 0.149753
v 1.035051 -1.034315 0.199365
v 1.148632 -1.034315 0.098917
v 1.058256 -1.022093 0.190177
v 1.198705 -1.024130 0.058493
v 1.163288 -1.042463 -0.027256
v 1.235344 -1.035334 0.003369
v 1.235344 -1.033297 -0.033381
v 1.246336 -1.012926 -0.033381
v 1.248779 -1.014963 0.007044
v 0.837201 -1.015982 0.339012
v 0.956888 -1.023111 0.263676
v 0.297387 -0.365142 0.099529
v 0.526991 -0.505699 -0.321250
v 1.003298 -0.972185 0.231827
v 0.969101 -0.840795 0.251426
v 0.479360 0.783757 0.048080
# num_vertices: 1580

vt 0.109816 0.007544
vt 0.119253 0.015052
vt 0.099900 0.018927
vt 0.113758 0.025466
vt 0.104679 0.029099
vt 0.120089 0.046416
vt 0.093450 0.043146
vt 0.115311 0.056709
vt 0.103604 0.066518
vt 0.135141 0.068697
vt 0.157002 0.083471
vt 0.172771 0.072451
vt 0.207892 0.081655
vt 0.204547 0.072451
vt 0.234173 0.078748
vt 0.239549 0.067729
vt 0.261769 0.069666
vt 0.264158 0.056346
vt 0.347422 0.054650
vt 0.367610 0.040845
vt 0.394967 0.046658
vt 0.415394 0.034548
vt 0.433552 0.043388
vt 0.437972 0.026556
vt 0.458041 0.041935
vt 0.458041 0.024861
vt 0.465090 0.026798
vt 0.358770 0.061553
vt 0.387918 0.063248
vt 0.430327 0.056224
vt 0.415753 0.068455
vt 0.452546 0.062521
vt 0.448843 0.077053
vt 0.457444 0.073057
vt 0.447768 0.091827
vt 0.452546 0.101272
vt 0.440839 0.107448
vt 0.452546 0.120405
vt 0.421128 0.118710
vt 0.419336 0.133726
vt 0.396161 0.125007
vt 0.372867 0.137480
vt 0.382543 0.120042
vt 0.364146 0.125249
vt 0.360204 0.113140
vt 0.295456 0.122464
vt 0.308478 0.112655
vt 0.281241 0.105753
vt 0.306686 0.100061
vt 0.281599 0.090858
vt 0.305849 0.085893
vt 0.278613 0.078506
vt 0.345271 0.074752
vt 0.364982 0.070877
vt 0.369044 0.080565
vt 0.384693 0.077901
vt 0.378959 0.092674
vt 0.407868 0.082502
vt 0.403926 0.107206
vt 0.426026 0.086256
vt 0.423756 0.105511
vt 0.383260 0.104178
vt 0.353275 0.101030
vt 0.348258 0.087952
vt 0.582399 0.011903
vt 0.588014 0.016989
vt 0.569975 0.028736
vt 0.578577 0.028978
vt 0.571409 0.038666
vt 0.595540 0.034306
vt 0.596018 0.047021
vt 0.613817 0.046416
vt 0.622896 0.059736
vt 0.641652 0.051138
vt 0.665902 0.063853
vt 0.672353 0.049927
vt 0.696245 0.053076
vt 0.695886 0.038423
vt 0.714642 0.047748
vt 0.712730 0.033943
vt 0.742117 0.025345
vt 0.721092 0.020017
vt 0.743551 0.015052
vt 0.702457 0.023650
vt 0.682268 0.035275
vt 0.645474 0.038666
vt 0.618118 0.036244
vt 0.602946 0.024376
vt 0.626361 0.029704
vt 0.654314 0.027282
vt 0.682029 0.024255
vt 0.135619 0.021954
vt 0.130602 0.029220
vt 0.132155 0.041693
vt 0.149237 0.038060
vt 0.153538 0.049443
vt 0.174563 0.042541
vt 0.178386 0.051259
vt 0.204428 0.051138
vt 0.192124 0.060584
vt 0.216016 0.063006
vt 0.138844 0.057678
vt 0.165006 0.059978
vt 0.435344 0.007907
vt 0.409541 0.016747
vt 0.396639 0.003305
vt 0.380990 0.014204
vt 0.364743 0.007544
vt 0.348258 0.019775
vt 0.342882 0.008513
vt 0.308358 0.020743
vt 0.393533 0.026435
vt 0.367371 0.028736
vt 0.340254 0.035759
vt 0.267742 0.044599
vt 0.245881 0.055256
vt 0.088552 0.033822
vt 0.079712 0.048959
vt 0.067168 0.064096
vt 0.103843 0.077658
vt 0.085565 0.091706
vt 0.122359 0.088678
vt 0.111727 0.100909
vt 0.136216 0.102362
vt 0.120806 0.112050
vt 0.151388 0.113140
vt 0.138008 0.122464
vt 0.167634 0.117257
vt 0.168470 0.125612
vt 0.202636 0.116651
vt 0.206937 0.129245
vt 0.222227 0.117136
vt 0.242894 0.125855
vt 0.241341 0.114593
vt 0.262605 0.112655
vt 0.236443 0.103936
vt 0.262127 0.104057
vt 0.261052 0.094006
vt 0.154613 0.102483
vt 0.142667 0.092190
vt 0.172413 0.097155
vt 0.169546 0.089647
vt 0.205981 0.087346
vt 0.230590 0.086983
vt 0.257827 0.084440
vt 0.239788 0.092553
vt 0.221750 0.095460
vt 0.202039 0.105874
vt 0.194393 0.096065
vt 0.178983 0.108659
vt 0.469629 0.036122
vt 0.465567 0.065670
vt 0.463656 0.075721
vt 0.474049 0.074268
vt 0.475244 0.083350
vt 0.482770 0.070029
vt 0.490654 0.097760
vt 0.492326 0.070272
vt 0.471182 0.100061
vt 0.461028 0.113866
vt 0.478589 0.100182
vt 0.479425 0.113503
vt 0.487906 0.120042
vt 0.499852 0.135663
vt 0.491012 0.143050
vt 0.493641 0.151890
vt 0.484323 0.150679
vt 0.484801 0.161941
vt 0.471660 0.155886
vt 0.471182 0.165695
vt 0.465687 0.159035
vt 0.444304 0.158914
vt 0.461625 0.145109
vt 0.441437 0.144867
vt 0.457325 0.131546
vt 0.470943 0.150195
vt 0.479664 0.137843
vt 0.478230 0.121980
vt 0.464253 0.127792
vt 0.478708 0.029341
vt 0.481336 0.047990
vt 0.486831 0.038181
vt 0.485039 0.059736
vt 0.497344 0.051623
vt 0.476797 0.064096
vt 0.271087 0.030068
vt 0.249823 0.041451
vt 0.227484 0.046658
vt 0.248509 0.031158
vt 0.228559 0.032853
vt 0.202755 0.038302
vt 0.202875 0.029947
vt 0.175757 0.030431
vt 0.150551 0.027282
vt 0.558507 0.043146
vt 0.560897 0.049806
vt 0.545725 0.059252
vt 0.595898 0.073057
vt 0.584430 0.082987
vt 0.609756 0.083713
vt 0.597332 0.098124
vt 0.635081 0.085651
vt 0.620746 0.110354
vt 0.642966 0.107448
vt 0.640935 0.118710
vt 0.662079 0.120405
vt 0.649775 0.130698
vt 0.699231 0.131667
vt 0.703173 0.143777
vt 0.712133 0.128398
vt 0.742237 0.134210
vt 0.726229 0.121374
vt 0.750360 0.122948
vt 0.739250 0.110597
vt 0.763859 0.107932
vt 0.749882 0.095944
vt 0.774849 0.096186
vt 0.765054 0.083471
vt 0.798622 0.084077
vt 0.762545 0.070150
vt 0.827173 0.071725
vt 0.817855 0.055619
vt 0.868745 0.060221
vt 0.834938 0.040603
vt 0.875554 0.042662
vt 0.847839 0.030189
vt 0.865042 0.021470
vt 0.840433 0.015657
vt 0.855843 0.006696
vt 0.835774 0.002700
vt 0.720017 0.112534
vt 0.708191 0.105147
vt 0.675220 0.107327
vt 0.660048 0.109264
vt 0.653359 0.083955
vt 0.718464 0.099214
vt 0.701023 0.090858
vt 0.715000 0.086620
vt 0.696603 0.078627
vt 0.732441 0.077658
vt 0.709744 0.067244
vt 0.751316 0.056346
vt 0.776283 0.044115
vt 0.823947 0.025950
vt 0.682148 0.086620
vt 0.674025 0.090616
vt 0.666738 0.085166
vt 0.671636 0.074873
vt 0.620029 0.072451
vt 0.587058 0.057920
vt 0.535929 0.079838
vt 0.568661 0.090979
vt 0.545845 0.097881
vt 0.579532 0.101030
vt 0.555879 0.109143
vt 0.581922 0.121011
vt 0.535929 0.118589
vt 0.543575 0.134210
vt 0.598885 0.113382
vt 0.618954 0.120526
vt 0.613459 0.130456
vt 0.645235 0.141839
vt 0.688599 0.153343
vt 0.723601 0.163758
vt 0.688838 0.170055
vt 0.717748 0.177199
vt 0.712969 0.185918
vt 0.734352 0.190641
vt 0.713805 0.198633
vt 0.736981 0.201903
vt 0.739848 0.181680
vt 0.747613 0.165695
vt 0.758244 0.148984
vt 0.771743 0.139417
vt 0.767562 0.121616
vt 0.791454 0.113866
vt 0.815944 0.104905
vt 0.831115 0.093159
vt 0.831951 0.110960
vt 0.855724 0.095944
vt 0.849631 0.114714
vt 0.866595 0.099456
vt 0.879735 0.113987
vt 0.884633 0.094006
vt 0.900402 0.122343
vt 0.920471 0.104057
vt 0.925369 0.108175
vt 0.930028 0.094854
vt 0.940899 0.102241
vt 0.944841 0.090858
vt 0.950456 0.103089
vt 0.957982 0.096549
vt 0.954039 0.133484
vt 0.854529 0.080323
vt 0.869342 0.073904
vt 0.932417 0.074026
vt 0.900641 0.082866
vt 0.923577 0.091463
vt 0.939943 0.071361
vt 0.956429 0.076569
vt 0.968852 0.068213
vt 0.946155 0.057678
vt 0.939346 0.056588
vt 0.914498 0.057314
vt 0.909839 0.044720
vt 0.883677 0.028251
vt 0.884155 0.010692
vt 0.903149 0.018806
vt 0.907569 0.034427
vt 0.944124 0.048111
vt 0.952486 0.049201
vt 0.963596 0.056346
vt 0.955234 0.060947
vt 0.933253 0.028251
vt 0.952248 0.034548
vt 0.967538 0.029099
vt 0.978409 0.030552
vt 0.971958 0.053924
vt 0.989400 0.037818
vt 0.978170 0.059131
vt 0.744745 0.046658
vt 0.771624 0.032005
vt 0.812240 0.016384
vt 0.807820 0.005848
vt 0.764934 0.022681
vt 0.743312 0.035759
vt 0.762426 0.011298
vt 0.474646 0.021833
vt 0.484203 0.013356
vt 0.497822 0.020017
vt 0.501525 0.035759
vt 0.745104 0.086862
vt 0.573559 0.199481
vt 0.570214 0.188461
vt 0.580607 0.196696
vt 0.580249 0.185434
vt 0.596257 0.193305
vt 0.601155 0.182043
vt 0.618357 0.182891
vt 0.600079 0.170055
vt 0.631736 0.177320
vt 0.631139 0.166301
vt 0.656703 0.178652
vt 0.662915 0.166785
vt 0.679281 0.180832
vt 0.643324 0.156129
vt 0.599841 0.157097
vt 0.584669 0.146562
vt 0.572962 0.135421
vt 0.548712 0.149105
vt 0.558388 0.163152
vt 0.567467 0.174051
vt 0.270250 0.120526
vt 0.264755 0.131546
vt 0.239430 0.136027
vt 0.284347 0.143777
vt 0.280643 0.153343
vt 0.329264 0.160004
vt 0.333445 0.171992
vt 0.367969 0.170055
vt 0.347422 0.183860
vt 0.374897 0.183860
vt 0.351125 0.193547
vt 0.373344 0.196454
vt 0.296173 0.133847
vt 0.376689 0.156250
vt 0.400940 0.166059
vt 0.394608 0.176836
vt 0.439525 0.175625
vt 0.457444 0.177442
vt 0.473452 0.183739
vt 0.472377 0.191004
vt 0.478947 0.200450
vt 0.486353 0.196332
vt 0.489937 0.185676
vt 0.502242 0.174656
vt 0.514666 0.164726
vt 0.391861 0.186403
vt 0.405837 0.191610
vt 0.444423 0.182649
vt 0.014606 0.765363
vt 0.028822 0.762093
vt 0.017592 0.777109
vt 0.027747 0.795394
vt 0.013650 0.795152
vt 0.028822 0.802055
vt 0.013770 0.811742
vt 0.024760 0.831360
vt 0.013053 0.826032
vt 0.027149 0.841411
vt 0.011500 0.836083
vt 0.013770 0.850009
vt 0.061793 0.779652
vt 0.086043 0.799633
vt 0.061195 0.806051
vt 0.041246 0.834266
vt 0.101453 0.824215
vt 0.142667 0.837899
vt 0.222705 0.835840
vt 0.357815 0.843348
vt 0.235488 0.805809
vt 0.360682 0.810410
vt 0.341210 0.804961
vt 0.359248 0.800965
vt 0.339657 0.767906
vt 0.361757 0.770933
vt 0.362951 0.764152
vt 0.377645 0.768511
vt 0.264397 0.800238
vt 0.158555 0.798422
vt 0.076845 0.763909
vt 0.153657 0.759308
vt 0.213387 0.766210
vt 0.288050 0.763788
vt 0.533421 0.100182
vt 0.372030 0.784254
vt 0.372986 0.807504
vt 0.375972 0.827364
vt 0.374181 0.842622
vt 0.370238 0.863087
vt 0.357815 0.851099
vt 0.360562 0.879919
vt 0.345152 0.877376
vt 0.354948 0.886701
vt 0.290320 0.879314
vt 0.264158 0.884400
vt 0.220674 0.874228
vt 0.179461 0.881251
vt 0.056059 0.874349
vt 0.025357 0.882826
vt 0.030255 0.869747
vt 0.022251 0.872775
vt 0.122956 0.841411
vt 0.259738 0.844196
vt 0.372986 0.878224
vt 0.371672 0.890939
vt 0.359248 0.904139
vt 0.369999 0.904744
vt 0.357576 0.915885
vt 0.371194 0.927147
vt 0.359487 0.933444
vt 0.369761 0.948702
vt 0.356023 0.958269
vt 0.367610 0.963718
vt 0.371672 0.979824
vt 0.138247 0.912252
vt 0.041126 0.907529
vt 0.026074 0.913584
vt 0.013650 0.892271
vt 0.013292 0.911647
vt 0.348974 0.921092
vt 0.165723 0.918791
vt 0.111966 0.944706
vt 0.024641 0.948702
vt 0.242177 0.954878
vt 0.025118 0.953546
vt 0.187823 0.958874
vt 0.148998 0.989632
vt 0.280046 0.958147
vt 0.283033 0.992539
vt 0.358651 0.988058
vt 0.351244 0.954151
vt 0.013889 0.868173
vt 0.014248 0.934897
vt 0.014725 0.958632
vt 0.024043 0.989996
vt 0.216732 0.138449
vt 0.173368 0.133847
vt 0.166559 0.140386
vt 0.138008 0.137964
vt 0.116147 0.153586
vt 0.093927 0.148742
vt 0.078995 0.170055
vt 0.061315 0.149347
vt 0.127854 0.131546
vt 0.117342 0.123554
vt 0.104320 0.114472
vt 0.092613 0.104178
vt 0.054028 0.105511
vt 0.053669 0.084319
vt 0.095719 0.128155
vt 0.054864 0.126460
vt 0.618596 0.193184
vt 0.644757 0.189430
vt 0.673189 0.191125
vt 0.694572 0.195727
vt 0.224497 0.150679
vt 0.248509 0.152859
vt 0.235726 0.165695
vt 0.257946 0.168359
vt 0.256035 0.180348
vt 0.281480 0.173566
vt 0.276821 0.189067
vt 0.313973 0.193063
vt 0.279807 0.163273
vt 0.321977 0.183254
vt 0.235368 0.176957
vt 0.208251 0.168480
vt 0.202755 0.158066
vt 0.173966 0.160488
vt 0.168709 0.150558
vt 0.139322 0.167754
vt 0.131916 0.159519
vt 0.122478 0.171145
vt 0.098109 0.172477
vt 0.094047 0.182406
vt 0.198694 0.147168
vt 0.178744 0.170176
vt 0.152343 0.173809
vt 0.135738 0.178047
vt 0.108740 0.185918
vt 0.101334 0.191852
vt 0.121762 0.191004
vt 0.114355 0.200571
vt 0.896101 0.328569
vt 0.923338 0.371922
vt 0.874599 0.396141
vt 0.874957 0.427020
vt 0.855724 0.398805
vt 0.874240 0.442884
vt 0.849034 0.419149
vt 0.860024 0.444095
vt 0.849751 0.440946
vt 0.865639 0.451845
vt 0.871254 0.470615
vt 0.886186 0.469041
vt 0.882483 0.500405
vt 0.897296 0.499678
vt 0.896460 0.547027
vt 0.906494 0.549570
vt 0.900163 0.586141
vt 0.911751 0.595102
vt 0.901716 0.622106
vt 0.903508 0.692705
vt 0.894787 0.677447
vt 0.892876 0.689435
vt 0.866356 0.681322
vt 0.877824 0.692463
vt 0.860622 0.728186
vt 0.876510 0.727338
vt 0.874001 0.755554
vt 0.887739 0.717045
vt 0.884514 0.753859
vt 0.896938 0.707479
vt 0.870895 0.826395
vt 0.903866 0.718256
vt 0.889650 0.787644
vt 0.915334 0.683623
vt 0.893354 0.790429
vt 0.913065 0.782437
vt 0.889292 0.850130
vt 0.938271 0.808352
vt 0.912587 0.873744
vt 0.937912 0.874107
vt 0.893354 0.912131
vt 0.893473 0.934534
vt 0.873404 0.915885
vt 0.884872 0.938651
vt 0.856441 0.906076
vt 0.866356 0.945311
vt 0.845689 0.929811
vt 0.806148 0.963355
vt 0.803042 0.924725
vt 0.704129 0.954878
vt 0.666738 0.936108
vt 0.634006 0.959237
vt 0.653956 0.924241
vt 0.606172 0.923756
vt 0.641054 0.916490
vt 0.602827 0.911525
vt 0.658376 0.908256
vt 0.577143 0.900264
vt 0.617879 0.896146
vt 0.581802 0.897357
vt 0.591837 0.879193
vt 0.581683 0.883552
vt 0.575471 0.876044
vt 0.568900 0.885974
vt 0.553609 0.866841
vt 0.523864 0.875318
vt 0.536288 0.864056
vt 0.527328 0.865146
vt 0.537363 0.860544
vt 0.529240 0.858364
vt 0.535810 0.855579
vt 0.532346 0.850493
vt 0.521953 0.773476
vt 0.527448 0.841774
vt 0.516696 0.761488
vt 0.507617 0.866962
vt 0.482053 0.738358
vt 0.504034 0.868415
vt 0.478350 0.744050
vt 0.487309 0.822157
vt 0.454816 0.638212
vt 0.469749 0.734604
vt 0.451949 0.649958
vt 0.442512 0.723100
vt 0.431402 0.654681
vt 0.390785 0.643661
vt 0.436897 0.609391
vt 0.385051 0.575726
vt 0.432716 0.571367
vt 0.447410 0.540366
vt 0.452188 0.593648
vt 0.462939 0.539034
vt 0.456727 0.588684
vt 0.466882 0.567976
vt 0.461147 0.624891
vt 0.464851 0.615567
vt 0.471421 0.635669
vt 0.495671 0.732061
vt 0.509051 0.702393
vt 0.513351 0.716198
vt 0.515024 0.698881
vt 0.521833 0.711959
vt 0.517413 0.623559
vt 0.525895 0.703604
vt 0.533660 0.691494
vt 0.535810 0.771538
vt 0.551340 0.835356
vt 0.542978 0.842137
vt 0.547039 0.847587
vt 0.541186 0.851341
vt 0.580010 0.851220
vt 0.602827 0.858364
vt 0.690869 0.854368
vt 0.707354 0.859696
vt 0.807462 0.857153
vt 0.815824 0.861028
vt 0.812360 0.851946
vt 0.821439 0.851341
vt 0.816780 0.846376
vt 0.834579 0.795516
vt 0.829084 0.793578
vt 0.846286 0.698397
vt 0.822633 0.782437
vt 0.839238 0.686045
vt 0.832310 0.703846
vt 0.845570 0.601156
vt 0.841150 0.595828
vt 0.840911 0.563859
vt 0.831235 0.587715
vt 0.824067 0.539640
vt 0.820244 0.551628
vt 0.809612 0.517963
vt 0.812240 0.555261
vt 0.804117 0.525108
vt 0.797188 0.555745
vt 0.787393 0.524018
vt 0.792649 0.559742
vt 0.774133 0.498951
vt 0.751316 0.564343
vt 0.749524 0.461169
vt 0.746418 0.466255
vt 0.738772 0.463228
vt 0.742237 0.470009
vt 0.731246 0.472916
vt 0.734472 0.475217
vt 0.731008 0.475459
vt 0.733277 0.491201
vt 0.729096 0.489143
vt 0.730649 0.503311
vt 0.718584 0.490354
vt 0.717509 0.507670
vt 0.713208 0.494350
vt 0.708549 0.506580
vt 0.703054 0.494108
vt 0.704726 0.527893
vt 0.687046 0.510940
vt 0.672592 0.524624
vt 0.668649 0.493623
vt 0.664349 0.498104
vt 0.658734 0.492049
vt 0.657779 0.512635
vt 0.655389 0.520022
vt 0.659212 0.523050
vt 0.658854 0.535644
vt 0.663871 0.531163
vt 0.668888 0.537581
vt 0.668530 0.533343
vt 0.683582 0.537702
vt 0.691586 0.537339
vt 0.691227 0.539882
vt 0.709863 0.534433
vt 0.714642 0.538065
vt 0.718942 0.522444
vt 0.727902 0.547390
vt 0.732441 0.547753
vt 0.734352 0.523050
vt 0.745343 0.555867
vt 0.509290 0.654681
vt 0.501047 0.606364
vt 0.470824 0.603336
vt 0.473093 0.573547
vt 0.476558 0.548722
vt 0.480978 0.504643
vt 0.489340 0.493744
vt 0.501644 0.457900
vt 0.496388 0.486600
vt 0.509170 0.460564
vt 0.526612 0.491928
vt 0.543455 0.455720
vt 0.530554 0.494350
vt 0.553251 0.445427
vt 0.548473 0.481514
vt 0.564719 0.449060
vt 0.554804 0.494108
vt 0.571648 0.458626
vt 0.569498 0.494713
vt 0.586342 0.454751
vt 0.593031 0.457052
vt 0.617640 0.419149
vt 0.600557 0.458263
vt 0.622896 0.427868
vt 0.604141 0.465529
vt 0.621104 0.441189
vt 0.627555 0.445064
vt 0.637351 0.422055
vt 0.651089 0.419997
vt 0.657420 0.400258
vt 0.678804 0.380520
vt 0.669605 0.379551
vt 0.690391 0.369742
vt 0.690511 0.359449
vt 0.697798 0.361023
vt 0.697559 0.350124
vt 0.718345 0.368652
vt 0.708669 0.343585
vt 0.739131 0.388149
vt 0.728021 0.358601
vt 0.774849 0.409461
vt 0.772460 0.400258
vt 0.797666 0.436345
vt 0.789543 0.405586
vt 0.816780 0.445548
vt 0.811882 0.418059
vt 0.830876 0.451240
vt 0.837207 0.454388
vt 0.852498 0.506338
vt 0.851423 0.486115
vt 0.862533 0.525593
vt 0.865400 0.480060
vt 0.877824 0.519296
vt 0.886067 0.539155
vt 0.891442 0.568461
vt 0.892518 0.622712
vt 0.759081 0.370711
vt 0.715239 0.338257
vt 0.695647 0.334987
vt 0.691705 0.347703
vt 0.661721 0.377492
vt 0.645952 0.400743
vt 0.646430 0.379551
vt 0.668769 0.361871
vt 0.678565 0.343343
vt 0.691108 0.336198
vt 0.690988 0.324452
vt 0.697439 0.322757
vt 0.722406 0.337652
vt 0.747851 0.344554
vt 0.773177 0.370105
vt 0.772221 0.361629
vt 0.792649 0.385606
vt 0.794321 0.362961
vt 0.823111 0.398926
vt 0.806984 0.367804
vt 0.829443 0.396625
vt 0.828248 0.381852
vt 0.817855 0.419028
vt 0.678923 0.547995
vt 0.644041 0.544847
vt 0.640457 0.548722
vt 0.641890 0.519659
vt 0.625166 0.552355
vt 0.633289 0.465045
vt 0.630542 0.463712
vt 0.638665 0.459232
vt 0.635440 0.454388
vt 0.709744 0.457900
vt 0.721929 0.426536
vt 0.748807 0.447122
vt 0.740206 0.430048
vt 0.759081 0.456931
vt 0.761828 0.435255
vt 0.781539 0.471947
vt 0.781300 0.454146
vt 0.796113 0.482846
vt 0.793605 0.458263
vt 0.800892 0.475701
vt 0.798622 0.447122
vt 0.816780 0.479818
vt 0.811763 0.502826
vt 0.830279 0.518448
vt 0.843778 0.518932
vt 0.854649 0.566281
vt 0.855365 0.602246
vt 0.861338 0.609270
vt 0.855604 0.676115
vt 0.856918 0.723948
vt 0.840672 0.797816
vt 0.835296 0.838020
vt 0.828129 0.849403
vt 0.823350 0.864782
vt 0.820841 0.869990
vt 0.718823 0.869990
vt 0.707116 0.867204
vt 0.701859 0.871201
vt 0.588970 0.868415
vt 0.674622 0.874349
vt 0.590403 0.873138
vt 0.867550 0.634942
vt 0.868745 0.588684
vt 0.862294 0.549206
vt 0.832429 0.482240
vt 0.872807 0.620895
vt 0.845331 0.805566
vt 0.842942 0.842501
vt 0.868506 0.788734
vt 0.858949 0.838868
vt 0.839597 0.870837
vt 0.842105 0.877013
vt 0.846645 0.880283
vt 0.838641 0.883552
vt 0.847839 0.888517
vt 0.844256 0.891424
vt 0.836849 0.893845
vt 0.829682 0.885005
vt 0.809254 0.894209
vt 0.793963 0.908256
vt 0.746657 0.901596
vt 0.704368 0.899658
vt 0.705682 0.882341
vt 0.682268 0.917459
vt 0.475722 0.497740
vt 0.497941 0.443247
vt 0.518847 0.423145
vt 0.511799 0.415153
vt 0.536049 0.395778
vt 0.525656 0.385606
vt 0.551818 0.355816
vt 0.532465 0.369136
vt 0.563764 0.334866
vt 0.536766 0.334261
vt 0.548114 0.284733
vt 0.513710 0.293573
vt 0.550981 0.257486
vt 0.598765 0.309921
vt 0.604141 0.300233
vt 0.636156 0.283158
vt 0.607605 0.277709
vt 0.636754 0.264873
vt 0.590642 0.232540
vt 0.621702 0.225032
vt 0.656942 0.206989
vt 0.656345 0.222489
vt 0.683701 0.219583
vt 0.662318 0.265599
vt 0.679162 0.264873
vt 0.670680 0.270928
vt 0.689555 0.270201
vt 0.662438 0.277588
vt 0.688599 0.280858
vt 0.649894 0.293451
vt 0.666380 0.293936
vt 0.642488 0.305077
vt 0.662438 0.315975
vt 0.616207 0.322030
vt 0.646549 0.335835
vt 0.627316 0.347339
vt 0.619432 0.362597
vt 0.612503 0.364777
vt 0.587775 0.396746
vt 0.575948 0.403528
vt 0.559941 0.426415
vt 0.532943 0.413215
vt 0.521953 0.433317
vt 0.592076 0.376039
vt 0.557193 0.379672
vt 0.590642 0.345402
vt 0.585266 0.338620
vt 0.608681 0.318639
vt 0.625405 0.293209
vt 0.559702 0.365383
vt 0.936479 0.394324
vt 0.942213 0.433438
vt 0.909242 0.478607
vt 0.954039 0.471099
vt 0.923219 0.505733
vt 0.962043 0.506823
vt 0.929908 0.538186
vt 0.979843 0.525956
vt 0.989997 0.595949
vt 0.907808 0.530921
vt 0.913304 0.558167
vt 0.916171 0.616657
vt 0.933492 0.670060
vt 0.934209 0.731092
vt 0.984502 0.709053
vt 0.966822 0.787886
vt 0.988563 0.655286
vt 0.945199 0.637001
vt 0.931342 0.583234
vt 0.969808 0.476428
vt 0.956070 0.435618
vt 0.686210 0.206747
vt 0.693139 0.249494
vt 0.697200 0.272018
vt 0.695647 0.282916
vt 0.693378 0.289455
vt 0.683224 0.288971
vt 0.691825 0.297448
vt 0.693019 0.309315
vt 0.695170 0.302413
vt 0.698753 0.308952
vt 0.702457 0.295510
vt 0.734114 0.311616
vt 0.732441 0.303260
vt 0.759917 0.325421
vt 0.767204 0.320577
vt 0.795038 0.345402
vt 0.804714 0.338620
vt 0.826337 0.364414
vt 0.815585 0.342859
vt 0.853335 0.387059
vt 0.777358 0.342616
vt 0.753944 0.344675
vt 0.725393 0.321909
vt 0.696364 0.311616
vt 0.690033 0.313675
vt 0.679759 0.316702
vt 0.677251 0.325542
vt 0.663035 0.339347
vt 0.666619 0.324815
vt 0.635559 0.358722
vt 0.606172 0.390934
vt 0.586700 0.414548
vt 0.673428 0.320335
vt 0.530315 0.774203
vt 0.490415 0.316096
vt 0.508812 0.364656
vt 0.466643 0.347339
vt 0.457086 0.369379
vt 0.439884 0.385848
vt 0.436658 0.400743
vt 0.486592 0.396141
vt 0.516218 0.388875
vt 0.454099 0.430048
vt 0.504631 0.417575
vt 0.461386 0.466377
vt 0.478589 0.478002
vt 0.453860 0.495561
vt 0.469390 0.505612
vt 0.871373 0.857153
vt 0.860622 0.875802
vt 0.864803 0.863450
vt 0.714761 0.524987
vt 0.693736 0.529952
vt 0.674025 0.527651
vt 0.667694 0.524987
vt 0.390069 0.531405
vt 0.401656 0.494229
vt 0.412527 0.458142
vt 0.517533 0.869747
vt 0.516218 0.881130
vt 0.558627 0.899295
vt 0.586700 0.912252
vt 0.582041 0.936956
vt 0.559224 0.912494
vt 0.539513 0.899537
vt 0.520280 0.890939
vt 0.499614 0.903412
vt 0.504750 0.888638
vt 0.491371 0.901353
vt 0.493879 0.890334
vt 0.484084 0.895541
vt 0.470346 0.853036
vt 0.434747 0.887064
vt 0.442870 0.862845
vt 0.399387 0.771902
vt 0.450635 0.802902
vt 0.475124 0.778683
vt 0.488743 0.841653
vt 0.505945 0.879556
vt 0.510007 0.884037
vt 0.512635 0.874349
vt 0.636754 0.980550
vt 0.564003 0.958753
vt 0.524939 0.964202
vt 0.501405 0.938046
vt 0.470824 0.930780
vt 0.481575 0.915764
vt 0.462939 0.921092
vt 0.483128 0.906803
vt 0.518010 0.920123
vt 0.726946 0.875318
vt 0.771624 0.876287
vt 0.776402 0.891545
vt 0.806506 0.874107
vt 0.826576 0.875802
vt 0.833743 0.878345
vt 0.827292 0.869384
vt 0.648700 0.474248
vt 0.656345 0.491443
vt 0.665663 0.486479
vt 0.675220 0.490232
vt 0.676653 0.485631
vt 0.710580 0.488295
vt 0.663871 0.483209
vt 0.713447 0.484057
vt 0.666141 0.473885
vt 0.725512 0.478123
vt 0.657301 0.471584
vt 0.703293 0.471584
vt 0.688599 0.463955
vt 0.776522 0.492291
vt 0.794799 0.500283
vt 0.644638 0.482482
vt 0.641532 0.466982
vt 0.749404 0.559984
vt 0.743192 0.561921
vt 0.696245 0.566402
vt 0.718225 0.570398
vt 0.695170 0.579359
vt 0.710938 0.575121
vt 0.698156 0.582265
vt 0.708907 0.583961
vt 0.704129 0.588805
vt 0.705682 0.595949
vt 0.698395 0.594617
vt 0.694094 0.603457
vt 0.671278 0.600914
vt 0.667455 0.581539
vt 0.664468 0.603578
vt 0.660048 0.585051
vt 0.660765 0.606485
vt 0.655867 0.590742
vt 0.657898 0.609512
vt 0.649655 0.591227
vt 0.651806 0.615446
vt 0.646549 0.591953
vt 0.643802 0.618958
vt 0.637829 0.603457
vt 0.635320 0.613872
vt 0.631139 0.612418
vt 0.631617 0.619079
vt 0.623494 0.612297
vt 0.627555 0.638212
vt 0.599243 0.654802
vt 0.627316 0.650685
vt 0.626838 0.662310
vt 0.633050 0.659404
vt 0.639740 0.665822
vt 0.643443 0.661704
vt 0.647744 0.669455
vt 0.650492 0.663158
vt 0.657540 0.669091
vt 0.657181 0.664490
vt 0.666141 0.666185
vt 0.644757 0.652380
vt 0.652642 0.649474
vt 0.645713 0.643419
vt 0.653836 0.645356
vt 0.651447 0.640149
vt 0.661840 0.642329
vt 0.663154 0.637970
vt 0.667335 0.648021
vt 0.673069 0.638817
vt 0.670202 0.664974
vt 0.688838 0.633852
vt 0.689316 0.672119
vt 0.691944 0.636880
vt 0.696364 0.669939
vt 0.698395 0.639059
vt 0.699351 0.649958
vt 0.704487 0.648142
vt 0.711177 0.650685
vt 0.708549 0.640755
vt 0.724557 0.634095
vt 0.721570 0.629614
vt 0.734591 0.631188
vt 0.709385 0.621985
vt 0.730052 0.622348
vt 0.719062 0.616415
vt 0.728141 0.616051
vt 0.726468 0.611813
vt 0.733994 0.609875
vt 0.734950 0.601520
vt 0.740445 0.608059
vt 0.739250 0.585898
vt 0.759439 0.603094
vt 0.741281 0.576816
vt 0.739848 0.614477
vt 0.755975 0.637848
vt 0.738175 0.640755
vt 0.752749 0.689557
vt 0.734830 0.679869
vt 0.741281 0.691857
vt 0.716314 0.688467
vt 0.734591 0.694521
vt 0.702935 0.688346
vt 0.629586 0.691494
vt 0.690272 0.687982
vt 0.625286 0.689072
vt 0.668052 0.676357
vt 0.632453 0.678052
vt 0.633528 0.671271
vt 0.632811 0.668244
vt 0.626241 0.672603
vt 0.581563 0.685803
vt 0.579413 0.636638
vt 0.613339 0.573183
vt 0.627197 0.578390
vt 0.639979 0.571730
vt 0.640099 0.579359
vt 0.652522 0.579844
vt 0.648222 0.584445
vt 0.621582 0.698397
vt 0.625763 0.695975
vt 0.628033 0.789824
vt 0.639143 0.717651
vt 0.641652 0.760398
vt 0.641413 0.706147
vt 0.645594 0.778199
vt 0.653717 0.761488
vt 0.658256 0.768148
vt 0.659451 0.765726
vt 0.675339 0.772265
vt 0.676773 0.770085
vt 0.698753 0.767785
vt 0.696603 0.764999
vt 0.700306 0.762335
vt 0.695050 0.760519
vt 0.701979 0.750952
vt 0.702098 0.725885
vt 0.708430 0.742839
vt 0.708549 0.736178
vt 0.719778 0.746956
vt 0.711655 0.726854
vt 0.720854 0.707600
vt 0.706877 0.715834
vt 0.656345 0.714260
vt 0.652283 0.729276
vt 0.658615 0.722010
vt 0.654075 0.729639
vt 0.661004 0.731577
vt 0.655987 0.755554
vt 0.662199 0.756765
vt 0.663990 0.762093
vt 0.671994 0.764757
vt 0.684299 0.742354
vt 0.680715 0.723342
vt 0.695528 0.719952
vt 0.671636 0.719588
vt 0.641890 0.778441
vt 0.643443 0.781711
vt 0.678206 0.779531
vt 0.718464 0.783285
vt 0.717628 0.780257
vt 0.720256 0.781347
vt 0.723362 0.739811
vt 0.723840 0.705904
vt 0.727782 0.705420
vt 0.739967 0.697549
vt 0.742595 0.710506
vt 0.760992 0.719346
vt 0.794082 0.638938
vt 0.784406 0.718256
vt 0.785959 0.741265
vt 0.777955 0.776746
vt 0.777239 0.803145
vt 0.769713 0.805688
vt 0.780703 0.812953
vt 0.777239 0.817676
vt 0.785840 0.821914
vt 0.767084 0.826274
vt 0.791813 0.831844
vt 0.764456 0.834872
vt 0.758842 0.841532
vt 0.677848 0.833782
vt 0.553251 0.840684
vt 0.563883 0.828817
vt 0.554685 0.828575
vt 0.560658 0.820340
vt 0.547039 0.683986
vt 0.559224 0.742112
vt 0.541902 0.604063
vt 0.557193 0.675267
vt 0.551459 0.612418
vt 0.558388 0.595949
vt 0.550981 0.574758
vt 0.564719 0.550538
vt 0.557791 0.539761
vt 0.577024 0.510456
vt 0.584789 0.490475
vt 0.736025 0.715350
vt 0.734352 0.747804
vt 0.734950 0.795758
vt 0.731605 0.792246
vt 0.728141 0.795152
vt 0.708669 0.793699
vt 0.663990 0.791640
vt 0.690272 0.796000
vt 0.633050 0.793457
vt 0.632811 0.797332
vt 0.625286 0.790308
vt 0.583952 0.772992
vt 0.576546 0.647294
vt 0.572843 0.636638
vt 0.576785 0.610360
vt 0.573440 0.596555
vt 0.577621 0.570640
vt 0.564361 0.594617
vt 0.571767 0.552597
vt 0.580010 0.521354
vt 0.593151 0.490717
vt 0.564480 0.660857
vt 0.561016 0.717045
vt 0.570334 0.763667
vt 0.573320 0.810531
vt 0.581205 0.783769
vt 0.585027 0.797332
vt 0.580966 0.773113
vt 0.578338 0.732788
vt 0.568422 0.723221
vt 0.574754 0.686892
vt 0.636754 0.647052
vt 0.639143 0.636638
vt 0.638546 0.626950
vt 0.645952 0.633247
vt 0.658256 0.626829
vt 0.673189 0.617747
vt 0.675339 0.611207
vt 0.695767 0.632884
vt 0.705085 0.632641
vt 0.701143 0.637243
vt 0.662676 0.620047
vt 0.663871 0.613387
vt 0.669127 0.610965
vt 0.694572 0.610844
vt 0.704607 0.608664
vt 0.699709 0.617504
vt 0.709266 0.615204
vt 0.715956 0.610239
vt 0.720734 0.604547
vt 0.724557 0.596555
vt 0.734830 0.589047
vt 0.721929 0.590984
vt 0.722884 0.588441
vt 0.713686 0.589047
vt 0.720256 0.583840
vt 0.717748 0.578875
vt 0.725990 0.574152
vt 0.709863 0.603699
vt 0.718106 0.602246
vt 0.716314 0.595949
vt 0.710938 0.597887
vt 0.531151 0.604426
vt 0.534376 0.566281
vt 0.526970 0.581539
vt 0.539752 0.536491
vt 0.518847 0.576937
vt 0.533660 0.520264
vt 0.516457 0.536249
vt 0.517533 0.520143
vt 0.487906 0.517842
vt 0.547875 0.546421
vt 0.642129 0.703483
vt 0.676773 0.696943
vt 0.689794 0.703240
vt 0.695528 0.677931
vt 0.700426 0.670544
vt 0.704010 0.676599
vt 0.716195 0.677447
vt 0.727543 0.677568
vt 0.724557 0.673209
vt 0.726946 0.670787
vt 0.721929 0.670423
vt 0.719420 0.660857
vt 0.714044 0.667154
vt 0.712252 0.665701
vt 0.706877 0.664247
vt 0.715000 0.657950
vt 0.700665 0.664369
vt 0.720854 0.655407
vt 0.728141 0.647052
vt 0.733038 0.674420
vt 0.734472 0.634942
vt 0.726946 0.638575
vt 0.663274 0.726006
vt 0.703890 0.724553
vt 0.538558 0.693432
vt 0.528165 0.629130
vt 0.505945 0.587109
vt 0.502003 0.584324
vt 0.508095 0.550054
vt 0.577382 0.843954
vt 0.805790 0.852310
vt 0.801489 0.845407
vt 0.805431 0.841169
vt 0.795755 0.827243
vt 0.813316 0.806656
vt 0.801608 0.803387
vt 0.820722 0.717893
vt 0.813554 0.717409
vt 0.821080 0.641845
vt 0.813316 0.661826
vt 0.820841 0.585172
vt 0.812957 0.583113
vt 0.802684 0.590621
vt 0.797666 0.585535
vt 0.806626 0.664247
vt 0.801250 0.642450
vt 0.796830 0.644509
vt 0.793485 0.710627
vt 0.782017 0.795758
vt 0.786795 0.811258
vt 0.791932 0.816949
vt 0.795635 0.751194
vt 0.802445 0.751315
vt 0.809612 0.836446
vt 0.715836 0.803992
vt 0.708071 0.798301
vt 0.640337 0.588199
vt 0.634484 0.581176
vt 0.731844 0.581055
vt 0.736861 0.578511
vt 0.729813 0.584445
vt 0.703532 0.290061
vt 0.701979 0.283279
vt 0.731008 0.295147
vt 0.738056 0.287639
vt 0.773535 0.310526
vt 0.750002 0.288850
vt 0.785959 0.313553
vt 0.779986 0.280252
vt 0.809851 0.245134
vt 0.783809 0.229150
vt 0.821439 0.317186
vt 0.839597 0.336441
vt 0.869940 0.297327
vt 0.838522 0.268264
vt 0.701740 0.271775
vt 0.705921 0.222247
vt 0.702098 0.207594
vt 0.717867 0.205657
vt 0.717748 0.272623
vt 0.756453 0.245497
vt 0.736622 0.212559
vt 0.879138 0.709901
vt 0.871134 0.575968
vt 0.875196 0.601520
vt 0.872329 0.672482
vt 0.889053 0.667638
vt 0.380631 0.648263
vt 0.878780 0.949428
vt 0.847123 0.962749
vt 0.747851 0.986726
vt 0.694692 0.981640
vt 0.671158 0.982367
vt 0.666858 0.994597
vt 0.643443 0.992297
vt 0.785840 0.447486
vt 0.764456 0.413700
vt 0.764337 0.427747
vt 0.742954 0.405344
vt 0.740325 0.410794
vt 0.715000 0.376160
vt 0.713447 0.384879
vt 0.696245 0.370347
vt 0.691944 0.380641
vt 0.687285 0.383184
vt 0.691347 0.385000
vt 0.668530 0.408251
vt 0.723601 0.416606
vt 0.736861 0.420481
vt 0.722048 0.408008
vt 0.696006 0.383426
vt 0.700187 0.769964
vt 0.705085 0.762093
vt 0.709266 0.764031
vt 0.628750 0.451240
vt 0.607844 0.481998
vt 0.587178 0.526682
vt 0.591717 0.530436
vt 0.584311 0.564222
vt 0.621582 0.556351
vt 0.634962 0.562527
vt 0.660885 0.575000
vt 0.667813 0.564707
vt 0.710938 0.563132
vt 0.738653 0.557441
vt 0.730769 0.550538
vt 0.644877 0.559984
vt 0.631258 0.556472
vt 0.621463 0.535159
vt 0.713447 0.551628
vt 0.706040 0.547511
vt 0.566153 0.815496
vt 0.572723 0.818282
vt 0.663274 0.825547
vt 0.667455 0.818524
vt 0.728260 0.821551
vt 0.741520 0.815254
vt 0.766846 0.809199
vt 0.607486 0.805082
vt 0.603424 0.801934
vt 0.578218 0.812106
vt 0.636515 0.814164
vt 0.584550 0.807383
vt 0.585625 0.802176
vt 0.716195 0.827606
vt 0.669725 0.340316
vt 0.647744 0.364414
vt 0.640457 0.360296
vt 0.604858 0.406555
vt 0.613698 0.411641
vt 0.585147 0.435376
vt 0.891681 0.210380
vt 0.871493 0.210743
vt 0.894309 0.199844
vt 0.871851 0.195000
vt 0.899446 0.182406
vt 0.867909 0.179863
vt 0.927041 0.158914
vt 0.865997 0.165332
vt 0.900163 0.152375
vt 0.870417 0.146078
vt 0.894548 0.138812
vt 0.879138 0.130577
vt 0.921905 0.203235
vt 0.916051 0.190157
vt 0.939704 0.197543
vt 0.934448 0.186039
vt 0.944244 0.178410
vt 0.931342 0.175746
vt 0.848437 0.135300
vt 0.833146 0.129851
vt 0.843539 0.148863
vt 0.817974 0.142687
vt 0.816660 0.164000
vt 0.813196 0.179985
vt 0.773535 0.187250
vt 0.761948 0.195848
vt 0.826934 0.194395
vt 0.785481 0.201540
vt 0.755736 0.206141
vt 0.798622 0.218009
vt 0.819527 0.206747
vt 0.825381 0.217282
vt 0.847481 0.205657
vt 0.844495 0.217645
vt 0.951770 0.188461
vt 0.959893 0.181317
vt 0.955353 0.170297
vt 0.945199 0.174051
vt 0.936120 0.141234
vt 0.926683 0.138206
vt 0.942810 0.134452
vt 0.936957 0.132031
vt 0.938390 0.114956
vt 0.965149 0.167148
vt 0.946275 0.145230
vt 0.947589 0.118468
vt 0.812001 0.122101
vt 0.786795 0.128034
vt 0.921905 0.145351
vt 0.919754 0.129366
vt 0.348974 0.489506
vt 0.347899 0.540608
vt 0.345510 0.514088
vt 0.343360 0.692947
vt 0.342643 0.550417
vt 0.336312 0.708084
vt 0.326158 0.616657
vt 0.257707 0.685197
vt 0.208012 0.626223
vt 0.207056 0.673693
vt 0.105873 0.612055
vt 0.109099 0.666548
vt 0.055581 0.650079
vt 0.080548 0.716440
vt 0.046502 0.737511
vt 0.132632 0.727944
vt 0.056059 0.745018
vt 0.192601 0.744171
vt 0.200247 0.746714
vt 0.279449 0.748046
vt 0.216016 0.749620
vt 0.298204 0.750952
vt 0.213985 0.710748
vt 0.320543 0.729155
vt 0.303580 0.745866
vt 0.338462 0.743202
vt 0.328666 0.747683
vt 0.337626 0.751558
vt 0.342165 0.738843
vt 0.346346 0.718498
vt 0.345152 0.746835
vt 0.348019 0.633852
vt 0.344554 0.458021
vt 0.340612 0.465287
vt 0.337148 0.427141
vt 0.327950 0.389844
vt 0.336551 0.404012
vt 0.324246 0.362961
vt 0.330936 0.475096
vt 0.255796 0.527530
vt 0.213746 0.470736
vt 0.169068 0.507065
vt 0.121762 0.396141
vt 0.087118 0.490354
vt 0.061793 0.399653
vt 0.053192 0.437071
vt 0.056417 0.406555
vt 0.049249 0.444458
vt 0.053550 0.405344
vt 0.045546 0.439735
vt 0.046143 0.502705
vt 0.042560 0.629251
vt 0.040648 0.650200
vt 0.042560 0.727581
vt 0.044351 0.743444
vt 0.040051 0.744776
vt 0.043276 0.750347
vt 0.342046 0.430048
vt 0.062629 0.376523
vt 0.071947 0.357632
vt 0.088552 0.323120
vt 0.138008 0.258091
vt 0.123792 0.259666
vt 0.180416 0.192942
vt 0.166440 0.204688
vt 0.186748 0.182164
vt 0.175757 0.188946
vt 0.073261 0.345765
vt 0.091897 0.310163
vt 0.079473 0.328206
vt 0.095958 0.296479
vt 0.110771 0.273107
vt 0.126421 0.248767
vt 0.142548 0.229028
vt 0.155210 0.213165
vt 0.042201 0.491201
vt 0.041843 0.535159
vt 0.038259 0.533827
vt 0.038020 0.572820
vt 0.036826 0.632884
vt 0.038498 0.696459
vt 0.051639 0.749015
vt 0.087357 0.748046
vt 0.143145 0.750104
vt 0.072544 0.751800
vt 0.317079 0.354726
vt 0.324963 0.391055
vt 0.305849 0.330749
vt 0.300115 0.356542
vt 0.245642 0.252037
vt 0.236802 0.386332
vt 0.154255 0.317307
vt 0.307044 0.322757
vt 0.294740 0.298295
vt 0.281241 0.278436
vt 0.237877 0.219341
vt 0.249823 0.230724
vt 0.226050 0.202629
vt 0.249106 0.223700
vt 0.217569 0.189188
vt 0.195707 0.198633
vt 0.203353 0.180953
vt 0.194632 0.180348
vt 0.194632 0.174656
vt 0.205503 0.175504
vt 0.285900 0.277588
vt 0.266308 0.249251
vt 0.664946 0.514452
vt 0.790857 0.452451
vt 0.575471 0.257365
vt 0.583355 0.293573
vt 0.012934 0.980913
# num_vertices: 1580


g Object_TexMap

usemtl TexMap

f 1/1 2/2 3/3
f 2/2 4/4 3/3
f 3/3 4/4 5/5
f 4/4 6/6 5/5
f 5/5 6/6 7/7
f 6/6 8/8 7/7
f 7/7 8/8 9/9
f 8/8 10/10 9/9
f 9/9 10/10 11/11
f 10/10 12/12 11/11
f 11/11 12/12 13/13
f 12/12 14/14 13/13
f 13/13 14/14 15/15
f 14/14 16/16 15/15
f 15/15 16/16 17/17
f 16/16 18/18 17/17
f 17/17 18/18 19/19
f 18/18 20/20 19/19
f 19/19 20/20 21/21
f 20/20 22/22 21/21
f 21/21 22/22 23/23
f 22/22 24/24 23/23
f 23/23 24/24 25/25
f 24/24 26/26 25/25
f 25/25 26/26 27/27
f 17/17 19/19 28/28
f 19/19 21/21 28/28
f 28/28 21/21 29/29
f 21/21 30/30 29/29
f 29/29 30/30 31/31
f 30/30 32/32 31/31
f 31/31 32/32 33/33
f 32/32 34/34 33/33
f 33/33 34/34 35/35
f 34/34 36/36 35/35
f 35/35 36/36 37/37
f 36/36 38/38 37/37
f 37/37 38/38 39/39
f 38/38 40/40 39/39
f 39/39 40/40 41/41
f 40/40 42/42 41/41
f 41/41 42/42 43/43
f 42/42 44/44 43/43
f 43/43 44/44 45/45
f 44/44 46/46 45/45
f 45/45 46/46 47/47
f 46/46 48/48 47/47
f 47/47 48/48 49/49
f 48/48 50/50 49/49
f 49/49 50/50 51/51
f 50/50 52/52 51/51
f 51/51 52/52 53/53
f 52/52 28/28 53/53
f 53/53 28/28 54/54
f 28/28 29/29 54/54
f 54/54 29/29 55/55
f 29/29 56/56 55/55
f 55/55 56/56 57/57
f 56/56 58/58 57/57
f 57/57 58/58 59/59
f 58/58 60/60 59/59
f 59/59 60/60 61/61
f 60/60 35/35 61/61
f 61/61 35/35 37/37
f 39/39 41/41 59/59
f 41/41 43/43 59/59
f 59/59 43/43 62/62
f 43/43 45/45 62/62
f 62/62 45/45 63/63
f 45/45 47/47 63/63
f 63/63 47/47 49/49
f 59/59 62/62 57/57
f 62/62 63/63 57/57
f 57/57 63/63 64/64
f 63/63 49/49 64/64
f 64/64 49/49 51/51
f 51/51 53/53 64/64
f 53/53 55/55 64/64
f 64/64 55/55 57/57
f 65/65 66/66 67/67
f 66/66 68/68 67/67
f 67/67 68/68 69/69
f 68/68 70/70 69/69
f 69/69 70/70 71/71
f 70/70 72/72 71/71
f 71/71 72/72 73/73
f 72/72 74/74 73/73
f 73/73 74/74 75/75
f 74/74 76/76 75/75
f 75/75 76/76 77/77
f 76/76 78/78 77/77
f 77/77 78/78 79/79
f 78/78 80/80 79/79
f 79/79 80/80 81/81
f 80/80 82/82 81/81
f 81/81 82/82 83/83
f 82/82 80/80 84/84
f 80/80 78/78 84/84
f 84/84 78/78 85/85
f 78/78 76/76 85/85
f 85/85 76/76 86/86
f 76/76 74/74 86/86
f 86/86 74/74 87/87
f 74/74 72/72 87/87
f 87/87 72/72 70/70
f 70/70 88/88 87/87
f 88/88 89/89 87/87
f 87/87 89/89 86/86
f 89/89 90/90 86/86
f 86/86 90/90 85/85
f 90/90 91/91 85/85
f 85/85 91/91 84/84
f 70/70 68/68 88/88
f 68/68 66/66 88/88
f 2/2 92/92 4/4
f 92/92 93/93 4/4
f 4/4 93/93 94/94
f 93/93 95/95 94/94
f 94/94 95/95 96/96
f 95/95 97/97 96/96
f 96/96 97/97 98/98
f 97/97 99/99 98/98
f 98/98 99/99 100/100
f 99/99 101/101 100/100
f 100/100 101/101 14/14
f 101/101 16/16 14/14
f 4/4 94/94 6/6
f 94/94 102/102 6/6
f 6/6 102/102 8/8
f 102/102 10/10 8/8
f 94/94 96/96 102/102
f 96/96 103/103 102/102
f 102/102 103/103 12/12
f 103/103 100/100 12/12
f 12/12 100/100 14/14
f 100/100 103/103 98/98
f 103/103 96/96 98/98
f 26/26 24/24 104/104
f 24/24 105/105 104/104
f 104/104 105/105 106/106
f 105/105 107/107 106/106
f 106/106 107/107 108/108
f 107/107 109/109 108/108
f 108/108 109/109 110/110
f 109/109 111/111 110/110
f 24/24 22/22 105/105
f 22/22 112/112 105/105
f 105/105 112/112 107/107
f 112/112 113/113 107/107
f 107/107 113/113 109/109
f 113/113 114/114 109/109
f 109/109 114/114 115/115
f 114/114 18/18 115/115
f 115/115 18/18 116/116
f 18/18 16/16 116/116
f 116/116 16/16 101/101
f 18/18 114/114 20/20
f 114/114 113/113 20/20
f 20/20 113/113 112/112
f 3/3 5/5 117/117
f 5/5 7/7 117/117
f 117/117 7/7 118/118
f 7/7 9/9 118/118
f 118/118 9/9 119/119
f 9/9 120/120 119/119
f 119/119 120/120 121/121
f 120/120 122/122 121/121
f 121/121 122/122 123/123
f 122/122 124/124 123/123
f 123/123 124/124 125/125
f 124/124 126/126 125/125
f 125/125 126/126 127/127
f 126/126 128/128 127/127
f 127/127 128/128 129/129
f 128/128 130/130 129/129
f 129/129 130/130 131/131
f 130/130 132/132 131/131
f 131/131 132/132 133/133
f 132/132 134/134 133/133
f 133/133 134/134 135/135
f 134/134 136/136 135/135
f 135/135 136/136 137/137
f 136/136 138/138 137/137
f 137/137 138/138 48/48
f 138/138 50/50 48/48
f 126/126 124/124 139/139
f 124/124 140/140 139/139
f 139/139 140/140 141/141
f 140/140 142/142 141/141
f 141/141 142/142 143/143
f 142/142 13/13 143/143
f 143/143 13/13 144/144
f 13/13 15/15 144/144
f 144/144 15/15 145/145
f 15/15 17/17 145/145
f 145/145 17/17 52/52
f 17/17 28/28 52/52
f 52/52 50/50 145/145
f 50/50 138/138 145/145
f 145/145 138/138 146/146
f 138/138 136/136 146/146
f 146/146 136/136 147/147
f 136/136 148/148 147/147
f 147/147 148/148 149/149
f 148/148 150/150 149/149
f 149/149 150/150 141/141
f 150/150 139/139 141/141
f 136/136 132/132 148/148
f 132/132 130/130 148/148
f 148/148 130/130 150/150
f 130/130 128/128 150/150
f 150/150 128/128 139/139
f 128/128 126/126 139/139
f 37/37 39/39 61/61
f 39/39 59/59 61/61
f 9/9 11/11 120/120
f 11/11 122/122 120/120
f 11/11 140/140 122/122
f 140/140 124/124 122/122
f 140/140 11/11 142/142
f 11/11 13/13 142/142
f 21/21 23/23 30/30
f 23/23 25/25 30/30
f 30/30 25/25 32/32
f 25/25 151/151 32/32
f 32/32 151/151 34/34
f 151/151 152/152 34/34
f 34/34 152/152 153/153
f 152/152 154/154 153/153
f 153/153 154/154 155/155
f 154/154 156/156 155/155
f 155/155 156/156 157/157
f 156/156 158/158 157/157
f 34/34 153/153 36/36
f 153/153 159/159 36/36
f 36/36 159/159 160/160
f 159/159 161/161 160/160
f 160/160 161/161 162/162
f 161/161 157/157 162/162
f 162/162 157/157 163/163
f 157/157 164/164 163/163
f 163/163 164/164 165/165
f 164/164 166/166 165/165
f 165/165 166/166 167/167
f 166/166 168/168 167/167
f 167/167 168/168 169/169
f 168/168 170/170 169/169
f 169/169 170/170 171/171
f 170/170 172/172 171/171
f 171/171 172/172 173/173
f 172/172 174/174 173/173
f 173/173 174/174 175/175
f 174/174 40/40 175/175
f 175/175 40/40 38/38
f 171/171 173/173 169/169
f 173/173 176/176 169/169
f 169/169 176/176 167/167
f 176/176 177/177 167/167
f 167/167 177/177 165/165
f 177/177 178/178 165/165
f 165/165 178/178 163/163
f 178/178 162/162 163/163
f 162/162 178/178 160/160
f 178/178 179/179 160/160
f 160/160 179/179 38/38
f 179/179 175/175 38/38
f 178/178 177/177 179/179
f 177/177 176/176 179/179
f 179/179 176/176 175/175
f 176/176 173/173 175/175
f 141/141 143/143 149/149
f 143/143 147/147 149/149
f 143/143 144/144 147/147
f 144/144 146/146 147/147
f 25/25 27/27 151/151
f 27/27 180/180 151/151
f 151/151 180/180 181/181
f 180/180 182/182 181/181
f 181/181 182/182 183/183
f 182/182 184/184 183/183
f 183/183 184/184 158/158
f 158/158 156/156 183/183
f 156/156 185/185 183/183
f 183/183 185/185 181/181
f 185/185 152/152 181/181
f 181/181 152/152 151/151
f 152/152 185/185 154/154
f 185/185 156/156 154/154
f 157/157 161/161 155/155
f 161/161 159/159 155/155
f 155/155 159/159 153/153
f 109/109 115/115 111/111
f 115/115 186/186 111/111
f 186/186 115/115 187/187
f 115/115 116/116 187/187
f 187/187 116/116 188/188
f 116/116 101/101 188/188
f 188/188 101/101 99/99
f 186/186 187/187 189/189
f 187/187 188/188 189/189
f 189/189 188/188 190/190
f 188/188 191/191 190/190
f 190/190 191/191 192/192
f 191/191 97/97 192/192
f 192/192 97/97 193/193
f 97/97 194/194 193/193
f 97/97 95/95 194/194
f 95/95 93/93 194/194
f 194/194 93/93 92/92
f 67/67 69/69 195/195
f 69/69 196/196 195/195
f 195/195 196/196 197/197
f 196/196 198/198 197/197
f 197/197 198/198 199/199
f 198/198 200/200 199/199
f 199/199 200/200 201/201
f 200/200 202/202 201/201
f 201/201 202/202 203/203
f 202/202 204/204 203/203
f 203/203 204/204 205/205
f 204/204 206/206 205/205
f 205/205 206/206 207/207
f 206/206 208/208 207/207
f 207/207 208/208 209/209
f 208/208 210/210 209/209
f 209/209 210/210 211/211
f 210/210 212/212 211/211
f 211/211 212/212 213/213
f 212/212 214/214 213/213
f 213/213 214/214 215/215
f 214/214 216/216 215/215
f 215/215 216/216 217/217
f 216/216 218/218 217/217
f 217/217 218/218 219/219
f 218/218 220/220 219/219
f 219/219 220/220 221/221
f 220/220 222/222 221/221
f 221/221 222/222 223/223
f 222/222 224/224 223/223
f 223/223 224/224 225/225
f 224/224 226/226 225/225
f 225/225 226/226 227/227
f 226/226 228/228 227/227
f 227/227 228/228 229/229
f 228/228 230/230 229/229
f 214/214 212/212 231/231
f 212/212 210/210 231/231
f 231/231 210/210 232/232
f 210/210 208/208 232/232
f 232/232 208/208 233/233
f 208/208 206/206 233/233
f 233/233 206/206 234/234
f 206/206 204/204 234/234
f 234/234 204/204 235/235
f 204/204 202/202 235/235
f 235/235 202/202 200/200
f 231/231 232/232 236/236
f 232/232 237/237 236/236
f 236/236 237/237 238/238
f 237/237 239/239 238/238
f 238/238 239/239 240/240
f 239/239 241/241 240/240
f 240/240 241/241 220/220
f 241/241 242/242 220/220
f 220/220 242/242 222/222
f 242/242 243/243 222/222
f 222/222 243/243 224/224
f 243/243 244/244 224/224
f 224/224 244/244 226/226
f 244/244 228/228 226/226
f 239/239 237/237 245/245
f 237/237 233/233 245/245
f 245/245 233/233 246/246
f 233/233 234/234 246/246
f 246/246 234/234 247/247
f 234/234 235/235 247/247
f 247/247 235/235 248/248
f 235/235 249/249 248/248
f 248/248 249/249 73/73
f 249/249 250/250 73/73
f 73/73 250/250 71/71
f 250/250 196/196 71/71
f 71/71 196/196 69/69
f 196/196 250/250 198/198
f 250/250 249/249 198/198
f 198/198 249/249 200/200
f 249/249 235/235 200/200
f 188/188 99/99 191/191
f 99/99 97/97 191/191
f 197/197 199/199 251/251
f 199/199 252/252 251/251
f 251/251 252/252 253/253
f 252/252 254/254 253/253
f 253/253 254/254 255/255
f 254/254 256/256 255/255
f 255/255 256/256 257/257
f 256/256 258/258 257/257
f 252/252 201/201 254/254
f 201/201 259/259 254/254
f 254/254 259/259 256/256
f 259/259 260/260 256/256
f 256/256 260/260 261/261
f 260/260 207/207 261/261
f 261/261 207/207 262/262
f 207/207 209/209 262/262
f 262/262 209/209 263/263
f 209/209 264/264 263/263
f 263/263 264/264 265/265
f 264/264 266/266 265/265
f 265/265 266/266 267/267
f 266/266 268/268 267/267
f 267/267 268/268 269/269
f 268/268 270/270 269/269
f 268/268 266/266 271/271
f 266/266 264/264 271/271
f 271/271 264/264 272/272
f 264/264 209/209 272/272
f 272/272 209/209 273/273
f 209/209 211/211 273/273
f 273/273 211/211 274/274
f 211/211 213/213 274/274
f 274/274 213/213 275/275
f 213/213 215/215 275/275
f 275/275 215/215 276/276
f 215/215 217/217 276/276
f 276/276 217/217 277/277
f 217/217 278/278 277/277
f 277/277 278/278 279/279
f 278/278 280/280 279/279
f 279/279 280/280 281/281
f 280/280 282/282 281/281
f 281/281 282/282 283/283
f 282/282 284/284 283/283
f 283/283 284/284 285/285
f 284/284 286/286 285/285
f 285/285 286/286 287/287
f 286/286 288/288 287/287
f 287/287 288/288 289/289
f 288/288 290/290 289/289
f 289/289 290/290 291/291
f 290/290 292/292 291/291
f 291/291 292/292 293/293
f 217/217 219/219 278/278
f 219/219 221/221 278/278
f 278/278 221/221 294/294
f 221/221 223/223 294/294
f 294/294 223/223 295/295
f 223/223 296/296 295/295
f 295/295 296/296 297/297
f 296/296 298/298 297/297
f 297/297 298/298 284/284
f 298/298 286/286 284/284
f 298/298 296/296 288/288
f 296/296 299/299 288/288
f 288/288 299/299 290/290
f 299/299 300/300 290/290
f 290/290 300/300 292/292
f 300/300 301/301 292/292
f 300/300 299/299 302/302
f 299/299 296/296 302/302
f 302/302 296/296 303/303
f 296/296 304/304 303/303
f 303/303 304/304 305/305
f 304/304 225/225 305/305
f 305/305 225/225 306/306
f 225/225 227/227 306/306
f 306/306 227/227 307/307
f 227/227 229/229 307/307
f 307/307 308/308 306/306
f 308/308 309/309 306/306
f 306/306 309/309 305/305
f 309/309 310/310 305/305
f 305/305 310/310 303/303
f 310/310 311/311 303/303
f 303/303 311/311 302/302
f 311/311 312/312 302/302
f 302/302 312/312 313/313
f 312/312 301/301 313/313
f 313/313 301/301 300/300
f 309/309 314/314 310/310
f 314/314 315/315 310/310
f 310/310 315/315 311/311
f 315/315 316/316 311/311
f 311/311 316/316 312/312
f 316/316 317/317 312/312
f 312/312 317/317 318/318
f 317/317 319/319 318/318
f 318/318 319/319 320/320
f 320/320 301/301 318/318
f 301/301 312/312 318/318
f 278/278 294/294 280/280
f 294/294 282/282 280/280
f 282/282 294/294 284/284
f 294/294 295/295 284/284
f 284/284 295/295 297/297
f 225/225 304/304 223/223
f 304/304 296/296 223/223
f 73/73 75/75 248/248
f 75/75 241/241 248/248
f 248/248 241/241 239/239
f 75/75 77/77 241/241
f 77/77 79/79 241/241
f 241/241 79/79 242/242
f 79/79 321/321 242/242
f 242/242 321/321 243/243
f 321/321 322/322 243/243
f 243/243 322/322 244/244
f 322/322 323/323 244/244
f 244/244 323/323 228/228
f 323/323 324/324 228/228
f 228/228 324/324 230/230
f 324/324 323/323 325/325
f 323/323 322/322 325/325
f 325/325 322/322 326/326
f 322/322 321/321 326/326
f 326/326 321/321 79/79
f 324/324 325/325 327/327
f 325/325 81/81 327/327
f 327/327 81/81 83/83
f 325/325 326/326 81/81
f 326/326 79/79 81/81
f 239/239 245/245 248/248
f 245/245 246/246 248/248
f 248/248 246/246 247/247
f 27/27 328/328 180/180
f 328/328 329/329 180/180
f 180/180 329/329 330/330
f 180/180 330/330 182/182
f 330/330 331/331 182/182
f 182/182 331/331 184/184
f 231/231 236/236 214/214
f 236/236 216/216 214/214
f 216/216 236/236 332/332
f 236/236 238/238 332/332
f 332/332 238/238 240/240
f 240/240 220/220 332/332
f 220/220 218/218 332/332
f 332/332 218/218 216/216
f 207/207 260/260 205/205
f 260/260 203/203 205/205
f 260/260 259/259 203/203
f 259/259 201/201 203/203
f 333/333 334/334 335/335
f 334/334 336/336 335/335
f 335/335 336/336 337/337
f 336/336 338/338 337/337
f 337/337 338/338 339/339
f 338/338 340/340 339/339
f 339/339 340/340 341/341
f 340/340 342/342 341/341
f 341/341 342/342 343/343
f 342/342 344/344 343/343
f 343/343 344/344 345/345
f 344/344 265/265 345/345
f 345/345 265/265 267/267
f 344/344 342/342 346/346
f 342/342 347/347 346/346
f 346/346 347/347 262/262
f 347/347 348/348 262/262
f 262/262 348/348 261/261
f 348/348 349/349 261/261
f 261/261 349/349 256/256
f 349/349 258/258 256/256
f 258/258 349/349 350/350
f 349/349 348/348 350/350
f 350/350 348/348 351/351
f 348/348 347/347 351/351
f 351/351 347/347 340/340
f 347/347 342/342 340/340
f 351/351 340/340 352/352
f 340/340 336/336 352/352
f 352/352 336/336 334/334
f 137/137 48/48 135/135
f 48/48 353/353 135/135
f 135/135 353/353 133/133
f 353/353 354/354 133/133
f 133/133 354/354 355/355
f 354/354 356/356 355/355
f 355/355 356/356 357/357
f 356/356 358/358 357/357
f 357/357 358/358 359/359
f 358/358 360/360 359/359
f 359/359 360/360 361/361
f 360/360 362/362 361/361
f 361/361 362/362 363/363
f 362/362 364/364 363/363
f 48/48 46/46 353/353
f 46/46 365/365 353/353
f 353/353 365/365 354/354
f 365/365 356/356 354/354
f 46/46 44/44 365/365
f 44/44 42/42 365/365
f 365/365 42/42 366/366
f 42/42 40/40 366/366
f 366/366 40/40 174/174
f 365/365 366/366 356/356
f 366/366 358/358 356/356
f 358/358 366/366 360/360
f 366/366 367/367 360/360
f 360/360 367/367 368/368
f 367/367 172/172 368/368
f 368/368 172/172 369/369
f 172/172 170/170 369/369
f 369/369 170/170 370/370
f 170/170 371/371 370/370
f 370/370 371/371 372/372
f 371/371 373/373 372/372
f 373/373 371/371 374/374
f 371/371 170/170 374/374
f 374/374 170/170 375/375
f 170/170 168/168 375/375
f 375/375 168/168 376/376
f 168/168 166/166 376/376
f 376/376 166/166 377/377
f 166/166 164/164 377/377
f 265/265 344/344 263/263
f 344/344 346/346 263/263
f 263/263 346/346 262/262
f 360/360 368/368 362/362
f 368/368 378/378 362/362
f 362/362 378/378 364/364
f 378/378 379/379 364/364
f 368/368 369/369 378/378
f 369/369 379/379 378/378
f 379/379 369/369 380/380
f 369/369 370/370 380/380
f 380/380 370/370 372/372
f 172/172 367/367 174/174
f 367/367 366/366 174/174
f 381/381 382/382 383/383
f 382/382 384/384 383/383
f 383/383 384/384 385/385
f 384/384 386/386 385/385
f 385/385 386/386 387/387
f 386/386 388/388 387/387
f 387/387 388/388 389/389
f 388/388 390/390 389/389
f 389/389 390/390 391/391
f 390/390 392/392 391/391
f 382/382 393/393 384/384
f 393/393 394/394 384/384
f 384/384 394/394 386/386
f 394/394 395/395 386/386
f 386/386 395/395 396/396
f 395/395 397/397 396/396
f 396/396 397/397 398/398
f 397/397 399/399 398/398
f 398/398 399/399 400/400
f 399/399 401/401 400/400
f 400/400 401/401 402/402
f 401/401 403/403 402/402
f 402/402 403/403 404/404
f 403/403 405/405 404/404
f 404/404 405/405 406/406
f 405/405 407/407 406/406
f 406/406 407/407 408/408
f 405/405 403/403 409/409
f 403/403 401/401 409/409
f 409/409 401/401 410/410
f 401/401 394/394 410/410
f 410/410 394/394 411/411
f 394/394 393/393 411/411
f 411/411 393/393 382/382
f 382/382 412/412 411/411
f 412/412 413/413 411/411
f 411/411 413/413 410/410
f 413/413 409/409 410/410
f 409/409 413/413 405/405
f 413/413 414/414 405/405
f 405/405 414/414 407/407
f 399/399 397/397 401/401
f 397/397 395/395 401/401
f 401/401 395/395 394/394
f 251/251 253/253 415/415
f 253/253 257/257 415/415
f 408/408 416/416 406/406
f 416/416 404/404 406/406
f 416/416 417/417 404/404
f 417/417 402/402 404/404
f 417/417 418/418 402/402
f 418/418 400/400 402/402
f 418/418 419/419 400/400
f 419/419 420/420 400/400
f 400/400 420/420 421/421
f 420/420 422/422 421/421
f 421/421 422/422 423/423
f 422/422 424/424 423/423
f 423/423 424/424 425/425
f 424/424 426/426 425/425
f 425/425 426/426 427/427
f 426/426 428/428 427/427
f 427/427 428/428 429/429
f 428/428 430/430 429/429
f 429/429 430/430 431/431
f 430/430 432/432 431/431
f 431/431 432/432 390/390
f 432/432 392/392 390/390
f 431/431 390/390 429/429
f 390/390 433/433 429/429
f 429/429 433/433 427/427
f 433/433 434/434 427/427
f 427/427 434/434 423/423
f 434/434 421/421 423/423
f 390/390 396/396 433/433
f 396/396 398/398 433/433
f 433/433 398/398 434/434
f 398/398 400/400 434/434
f 434/434 400/400 421/421
f 390/390 388/388 396/396
f 388/388 386/386 396/396
f 420/420 435/435 422/422
f 435/435 436/436 422/422
f 422/422 436/436 437/437
f 436/436 438/438 437/437
f 437/437 438/438 439/439
f 438/438 440/440 439/439
f 439/439 440/440 441/441
f 440/440 442/442 441/441
f 441/441 442/442 443/443
f 442/442 444/444 443/443
f 443/443 444/444 445/445
f 422/422 437/437 424/424
f 437/437 439/439 424/424
f 424/424 439/439 426/426
f 439/439 446/446 426/426
f 426/426 446/446 428/428
f 446/446 447/447 428/428
f 428/428 447/447 430/430
f 447/447 448/448 430/430
f 430/430 448/448 449/449
f 448/448 450/450 449/449
f 439/439 451/451 446/446
f 451/451 452/452 446/446
f 446/446 452/452 448/448
f 452/452 453/453 448/448
f 448/448 453/453 454/454
f 453/453 455/455 454/454
f 454/454 455/455 456/456
f 455/455 457/457 456/456
f 456/456 457/457 458/458
f 457/457 459/459 458/458
f 458/458 459/459 460/460
f 459/459 443/443 460/460
f 460/460 443/443 461/461
f 443/443 445/445 461/461
f 453/453 452/452 455/455
f 452/452 451/451 455/455
f 455/455 451/451 462/462
f 451/451 441/441 462/462
f 462/462 441/441 443/443
f 443/443 459/459 462/462
f 459/459 455/455 462/462
f 392/392 432/432 463/463
f 432/432 449/449 463/463
f 450/450 448/448 464/464
f 448/448 454/454 464/464
f 464/464 454/454 465/465
f 454/454 456/456 465/465
f 465/465 456/456 466/466
f 456/456 458/458 466/466
f 133/133 355/355 131/131
f 355/355 467/467 131/131
f 131/131 467/467 468/468
f 467/467 469/469 468/468
f 468/468 469/469 470/470
f 469/469 471/471 470/470
f 470/470 471/471 472/472
f 471/471 473/473 472/472
f 472/472 473/473 474/474
f 131/131 468/468 129/129
f 468/468 475/475 129/129
f 129/129 475/475 127/127
f 475/475 476/476 127/127
f 127/127 476/476 125/125
f 476/476 477/477 125/125
f 125/125 477/477 123/123
f 477/477 478/478 123/123
f 123/123 478/478 121/121
f 478/478 479/479 121/121
f 121/121 479/479 480/480
f 468/468 470/470 475/475
f 470/470 472/472 475/475
f 475/475 472/472 481/481
f 472/472 474/474 481/481
f 481/481 474/474 482/482
f 482/482 478/478 481/481
f 478/478 477/477 481/481
f 481/481 477/477 476/476
f 35/35 60/60 33/33
f 60/60 31/31 33/33
f 60/60 58/58 31/31
f 58/58 56/56 31/31
f 31/31 56/56 29/29
f 337/337 339/339 483/483
f 339/339 484/484 483/483
f 339/339 341/341 484/484
f 341/341 343/343 484/484
f 484/484 343/343 485/485
f 343/343 345/345 485/485
f 485/485 345/345 486/486
f 345/345 267/267 486/486
f 486/486 267/267 269/269
f 467/467 355/355 487/487
f 355/355 488/488 487/487
f 487/487 488/488 489/489
f 488/488 490/490 489/489
f 489/489 490/490 491/491
f 490/490 492/492 491/491
f 491/491 492/492 493/493
f 492/492 494/494 493/493
f 355/355 357/357 488/488
f 357/357 495/495 488/488
f 488/488 495/495 490/490
f 495/495 492/492 490/490
f 357/357 359/359 495/495
f 359/359 496/496 495/495
f 495/495 496/496 492/492
f 496/496 494/494 492/492
f 359/359 361/361 496/496
f 361/361 363/363 496/496
f 496/496 363/363 494/494
f 491/491 497/497 489/489
f 497/497 498/498 489/489
f 489/489 498/498 499/499
f 498/498 500/500 499/499
f 499/499 500/500 501/501
f 500/500 502/502 501/501
f 501/501 502/502 503/503
f 502/502 504/504 503/503
f 503/503 504/504 505/505
f 504/504 506/506 505/505
f 505/505 506/506 473/473
f 489/489 499/499 487/487
f 499/499 507/507 487/487
f 487/487 507/507 467/467
f 507/507 501/501 467/467
f 467/467 501/501 469/469
f 501/501 471/471 469/469
f 501/501 503/503 471/471
f 503/503 505/505 471/471
f 471/471 505/505 473/473
f 498/498 508/508 500/500
f 508/508 509/509 500/500
f 500/500 509/509 502/502
f 509/509 510/510 502/502
f 502/502 510/510 504/504
f 510/510 511/511 504/504
f 504/504 511/511 506/506
f 511/511 512/512 506/506
f 510/510 513/513 511/511
f 513/513 514/514 511/511
f 511/511 514/514 512/512
f 515/515 516/516 517/517
f 516/516 518/518 517/517
f 517/517 518/518 519/519
f 518/518 520/520 519/519
f 519/519 520/520 521/521
f 520/520 522/522 521/521
f 521/521 522/522 523/523
f 522/522 524/524 523/523
f 523/523 524/524 525/525
f 524/524 526/526 525/525
f 525/525 526/526 527/527
f 526/526 528/528 527/527
f 527/527 528/528 529/529
f 528/528 530/530 529/529
f 529/529 530/530 531/531
f 530/530 532/532 531/531
f 531/531 532/532 533/533
f 532/532 534/534 533/533
f 533/533 534/534 535/535
f 534/534 536/536 535/535
f 535/535 536/536 537/537
f 536/536 538/538 537/537
f 537/537 538/538 539/539
f 538/538 540/540 539/539
f 539/539 540/540 541/541
f 540/540 542/542 541/541
f 541/541 542/542 543/543
f 542/542 544/544 543/543
f 543/543 544/544 545/545
f 544/544 546/546 545/545
f 545/545 546/546 547/547
f 546/546 548/548 547/547
f 547/547 548/548 549/549
f 548/548 550/550 549/549
f 549/549 550/550 551/551
f 550/550 552/552 551/551
f 551/551 552/552 553/553
f 552/552 554/554 553/553
f 553/553 554/554 555/555
f 554/554 556/556 555/555
f 555/555 556/556 557/557
f 556/556 558/558 557/557
f 557/557 558/558 559/559
f 558/558 560/560 559/559
f 559/559 560/560 561/561
f 560/560 562/562 561/561
f 561/561 562/562 563/563
f 562/562 564/564 563/563
f 563/563 564/564 565/565
f 564/564 566/566 565/565
f 565/565 566/566 567/567
f 566/566 568/568 567/567
f 567/567 568/568 569/569
f 568/568 570/570 569/569
f 569/569 570/570 571/571
f 570/570 572/572 571/571
f 571/571 572/572 573/573
f 572/572 574/574 573/573
f 573/573 574/574 575/575
f 574/574 576/576 575/575
f 575/575 576/576 577/577
f 576/576 578/578 577/577
f 577/577 578/578 579/579
f 578/578 580/580 579/579
f 579/579 580/580 581/581
f 580/580 582/582 581/581
f 581/581 582/582 583/583
f 582/582 584/584 583/583
f 583/583 584/584 585/585
f 584/584 586/586 585/585
f 585/585 586/586 587/587
f 586/586 588/588 587/587
f 587/587 588/588 589/589
f 588/588 590/590 589/589
f 589/589 590/590 591/591
f 590/590 592/592 591/591
f 591/591 592/592 593/593
f 592/592 594/594 593/593
f 593/593 594/594 595/595
f 594/594 596/596 595/595
f 595/595 596/596 597/597
f 596/596 598/598 597/597
f 597/597 598/598 599/599
f 598/598 600/600 599/599
f 599/599 600/600 601/601
f 600/600 602/602 601/601
f 601/601 602/602 603/603
f 602/602 604/604 603/603
f 603/603 604/604 605/605
f 604/604 606/606 605/605
f 605/605 606/606 607/607
f 606/606 608/608 607/607
f 607/607 608/608 609/609
f 608/608 610/610 609/609
f 609/609 610/610 591/591
f 610/610 611/611 591/591
f 591/591 611/611 612/612
f 611/611 613/613 612/612
f 612/612 613/613 589/589
f 613/613 614/614 589/589
f 589/589 614/614 587/587
f 614/614 615/615 587/587
f 587/587 615/615 616/616
f 615/615 617/617 616/616
f 616/616 617/617 618/618
f 617/617 619/619 618/618
f 618/618 619/619 620/620
f 619/619 621/621 620/620
f 620/620 621/621 622/622
f 621/621 623/623 622/622
f 622/622 623/623 624/624
f 623/623 625/625 624/624
f 624/624 625/625 626/626
f 625/625 627/627 626/626
f 626/626 627/627 628/628
f 627/627 629/629 628/628
f 628/628 629/629 630/630
f 629/629 631/631 630/630
f 630/630 631/631 632/632
f 631/631 633/633 632/632
f 632/632 633/633 634/634
f 633/633 635/635 634/634
f 634/634 635/635 636/636
f 635/635 637/637 636/636
f 636/636 637/637 638/638
f 637/637 639/639 638/638
f 638/638 639/639 640/640
f 639/639 641/641 640/640
f 640/640 641/641 642/642
f 641/641 643/643 642/642
f 642/642 643/643 644/644
f 643/643 645/645 644/644
f 644/644 645/645 646/646
f 645/645 647/647 646/646
f 646/646 647/647 648/648
f 647/647 649/649 648/648
f 648/648 649/649 650/650
f 649/649 651/651 650/650
f 650/650 651/651 652/652
f 651/651 653/653 652/652
f 652/652 653/653 654/654
f 653/653 655/655 654/654
f 654/654 655/655 656/656
f 655/655 657/657 656/656
f 656/656 657/657 658/658
f 657/657 659/659 658/658
f 658/658 659/659 660/660
f 659/659 661/661 660/660
f 660/660 661/661 662/662
f 661/661 663/663 662/662
f 662/662 663/663 664/664
f 663/663 665/665 664/664
f 664/664 665/665 666/666
f 665/665 667/667 666/666
f 666/666 667/667 668/668
f 667/667 669/669 668/668
f 668/668 669/669 670/670
f 669/669 671/671 670/670
f 670/670 671/671 672/672
f 671/671 673/673 672/672
f 672/672 673/673 674/674
f 673/673 675/675 674/674
f 674/674 675/675 676/676
f 675/675 677/677 676/676
f 676/676 677/677 678/678
f 677/677 679/679 678/678
f 678/678 679/679 680/680
f 679/679 681/681 680/680
f 680/680 681/681 682/682
f 681/681 683/683 682/682
f 682/682 683/683 684/684
f 683/683 685/685 684/684
f 684/684 685/685 686/686
f 685/685 687/687 686/686
f 686/686 687/687 688/688
f 687/687 663/663 688/688
f 688/688 663/663 689/689
f 663/663 690/690 689/689
f 689/689 690/690 691/691
f 690/690 661/661 691/691
f 691/691 661/661 657/657
f 661/661 659/659 657/657
f 617/617 615/615 692/692
f 615/615 613/613 692/692
f 692/692 613/613 693/693
f 613/613 611/611 693/693
f 693/693 611/611 694/694
f 611/611 610/610 694/694
f 694/694 610/610 695/695
f 610/610 608/608 695/695
f 695/695 608/608 696/696
f 608/608 697/697 696/696
f 696/696 697/697 698/698
f 697/697 699/699 698/698
f 698/698 699/699 700/700
f 699/699 701/701 700/700
f 700/700 701/701 702/702
f 701/701 703/703 702/702
f 702/702 703/703 704/704
f 703/703 705/705 704/704
f 704/704 705/705 706/706
f 705/705 707/707 706/706
f 706/706 707/707 708/708
f 707/707 709/709 708/708
f 708/708 709/709 710/710
f 709/709 711/711 710/710
f 710/710 711/711 712/712
f 711/711 713/713 712/712
f 712/712 713/713 714/714
f 713/713 715/715 714/714
f 714/714 715/715 716/716
f 715/715 717/717 716/716
f 716/716 717/717 718/718
f 717/717 719/719 718/718
f 718/718 719/719 720/720
f 719/719 721/721 720/720
f 720/720 721/721 722/722
f 721/721 723/723 722/722
f 722/722 723/723 724/724
f 723/723 725/725 724/724
f 724/724 725/725 726/726
f 725/725 727/727 726/726
f 726/726 727/727 728/728
f 727/727 729/729 728/728
f 728/728 729/729 730/730
f 729/729 731/731 730/730
f 730/730 731/731 732/732
f 731/731 733/733 732/732
f 732/732 733/733 734/734
f 733/733 735/735 734/734
f 734/734 735/735 736/736
f 735/735 737/737 736/736
f 736/736 737/737 738/738
f 737/737 739/739 738/738
f 738/738 739/739 740/740
f 739/739 741/741 740/740
f 740/740 741/741 742/742
f 741/741 743/743 742/742
f 742/742 743/743 744/744
f 743/743 527/527 744/744
f 744/744 527/527 745/745
f 527/527 529/529 745/745
f 745/745 529/529 746/746
f 529/529 531/531 746/746
f 746/746 531/531 747/747
f 531/531 533/533 747/747
f 747/747 533/533 535/535
f 735/735 733/733 748/748
f 733/733 731/731 748/748
f 748/748 731/731 749/749
f 731/731 729/729 749/749
f 749/749 729/729 750/750
f 729/729 727/727 750/750
f 750/750 727/727 751/751
f 727/727 725/725 751/751
f 751/751 725/725 752/752
f 725/725 723/723 752/752
f 752/752 723/723 753/753
f 723/723 721/721 753/753
f 753/753 721/721 715/715
f 721/721 719/719 715/715
f 715/715 719/719 717/717
f 715/715 713/713 753/753
f 713/713 754/754 753/753
f 753/753 754/754 752/752
f 754/754 755/755 752/752
f 752/752 755/755 751/751
f 755/755 756/756 751/751
f 751/751 756/756 757/757
f 756/756 758/758 757/757
f 757/757 758/758 750/750
f 758/758 759/759 750/750
f 750/750 759/759 749/749
f 759/759 760/760 749/749
f 749/749 760/760 748/748
f 760/760 761/761 748/748
f 748/748 761/761 762/762
f 761/761 763/763 762/762
f 762/762 763/763 764/764
f 763/763 765/765 764/764
f 764/764 765/765 766/766
f 765/765 767/767 766/766
f 766/766 767/767 768/768
f 767/767 769/769 768/768
f 768/768 769/769 521/521
f 769/769 519/519 521/521
f 768/768 523/523 766/766
f 523/523 770/770 766/766
f 766/766 770/770 764/764
f 770/770 737/737 764/764
f 764/764 737/737 762/762
f 737/737 735/735 762/762
f 762/762 735/735 748/748
f 737/737 770/770 739/739
f 770/770 523/523 739/739
f 739/739 523/523 743/743
f 523/523 525/525 743/743
f 743/743 525/525 527/527
f 682/682 684/684 680/680
f 684/684 771/771 680/680
f 680/680 771/771 772/772
f 771/771 773/773 772/772
f 772/772 773/773 774/774
f 773/773 775/775 774/774
f 774/774 775/775 776/776
f 775/775 777/777 776/776
f 776/776 777/777 778/778
f 777/777 779/779 778/778
f 778/778 779/779 780/780
f 779/779 781/781 780/780
f 780/780 781/781 782/782
f 781/781 783/783 782/782
f 782/782 783/783 784/784
f 783/783 785/785 784/784
f 784/784 785/785 786/786
f 785/785 787/787 786/786
f 786/786 787/787 788/788
f 787/787 789/789 788/788
f 788/788 789/789 790/790
f 789/789 791/791 790/790
f 790/790 791/791 792/792
f 791/791 734/734 792/792
f 792/792 734/734 736/736
f 788/788 790/790 793/793
f 790/790 792/792 793/793
f 793/793 792/792 794/794
f 792/792 795/795 794/794
f 794/794 795/795 642/642
f 795/795 796/796 642/642
f 642/642 796/796 797/797
f 796/796 798/798 797/797
f 797/797 798/798 636/636
f 798/798 799/799 636/636
f 636/636 799/799 634/634
f 799/799 800/800 634/634
f 634/634 800/800 801/801
f 800/800 802/802 801/801
f 801/801 802/802 803/803
f 802/802 804/804 803/803
f 803/803 804/804 630/630
f 804/804 805/805 630/630
f 630/630 805/805 628/628
f 805/805 806/806 628/628
f 628/628 806/806 807/807
f 806/806 808/808 807/807
f 807/807 808/808 809/809
f 808/808 810/810 809/809
f 809/809 810/810 811/811
f 810/810 575/575 811/811
f 811/811 575/575 579/579
f 575/575 577/577 579/579
f 800/800 799/799 812/812
f 799/799 798/798 812/812
f 812/812 798/798 813/813
f 798/798 796/796 813/813
f 813/813 796/796 814/814
f 796/796 795/795 814/814
f 814/814 795/795 740/740
f 795/795 815/815 740/740
f 740/740 815/815 738/738
f 815/815 736/736 738/738
f 813/813 816/816 812/812
f 816/816 537/537 812/812
f 812/812 537/537 800/800
f 537/537 539/539 800/800
f 800/800 539/539 802/802
f 539/539 817/817 802/802
f 802/802 817/817 818/818
f 817/817 819/819 818/818
f 818/818 819/819 820/820
f 819/819 543/543 820/820
f 820/820 543/543 545/545
f 802/802 818/818 821/821
f 818/818 820/820 821/821
f 821/821 820/820 822/822
f 820/820 823/823 822/822
f 822/822 823/823 824/824
f 823/823 825/825 824/824
f 824/824 825/825 826/826
f 825/825 559/559 826/826
f 826/826 559/559 827/827
f 559/559 561/561 827/827
f 827/827 561/561 563/563
f 824/824 826/826 828/828
f 826/826 827/827 828/828
f 828/828 827/827 829/829
f 827/827 830/830 829/829
f 829/829 830/830 831/831
f 830/830 571/571 831/831
f 831/831 571/571 832/832
f 571/571 573/573 832/832
f 832/832 573/573 833/833
f 573/573 575/575 833/833
f 833/833 575/575 810/810
f 827/827 563/563 830/830
f 563/563 834/834 830/830
f 830/830 834/834 571/571
f 834/834 567/567 571/571
f 571/571 567/567 569/569
f 567/567 834/834 565/565
f 834/834 563/563 565/565
f 591/591 593/593 609/609
f 593/593 595/595 609/609
f 609/609 595/595 607/607
f 595/595 605/605 607/607
f 595/595 597/597 605/605
f 597/597 601/601 605/605
f 605/605 601/601 603/603
f 608/608 606/606 697/697
f 606/606 835/835 697/697
f 697/697 835/835 699/699
f 835/835 836/836 699/699
f 699/699 836/836 837/837
f 836/836 838/838 837/837
f 837/837 838/838 839/839
f 838/838 840/840 839/839
f 839/839 840/840 841/841
f 840/840 842/842 841/841
f 841/841 842/842 843/843
f 842/842 844/844 843/843
f 843/843 844/844 845/845
f 844/844 846/846 845/845
f 845/845 846/846 847/847
f 841/841 843/843 848/848
f 843/843 849/849 848/848
f 848/848 849/849 850/850
f 849/849 851/851 850/850
f 850/850 851/851 852/852
f 851/851 853/853 852/852
f 852/852 853/853 854/854
f 853/853 855/855 854/854
f 854/854 855/855 856/856
f 855/855 857/857 856/856
f 856/856 857/857 858/858
f 857/857 859/859 858/858
f 858/858 859/859 860/860
f 859/859 861/861 860/860
f 860/860 861/861 862/862
f 861/861 863/863 862/862
f 862/862 863/863 864/864
f 863/863 865/865 864/864
f 864/864 865/865 866/866
f 865/865 867/867 866/866
f 866/866 867/867 868/868
f 867/867 869/869 868/868
f 868/868 869/869 870/870
f 869/869 871/871 870/870
f 870/870 871/871 872/872
f 871/871 873/873 872/872
f 872/872 873/873 874/874
f 873/873 705/705 874/874
f 874/874 705/705 875/875
f 705/705 703/703 875/875
f 875/875 703/703 876/876
f 703/703 877/877 876/876
f 876/876 877/877 837/837
f 877/877 699/699 837/837
f 872/872 874/874 878/878
f 874/874 879/879 878/878
f 878/878 879/879 880/880
f 879/879 881/881 880/880
f 880/880 881/881 882/882
f 881/881 848/848 882/882
f 882/882 848/848 864/864
f 848/848 883/883 864/864
f 864/864 883/883 862/862
f 883/883 850/850 862/862
f 862/862 850/850 860/860
f 850/850 858/858 860/860
f 848/848 881/881 841/841
f 881/881 884/884 841/841
f 841/841 884/884 839/839
f 884/884 879/879 839/839
f 839/839 879/879 876/876
f 879/879 874/874 876/876
f 876/876 874/874 875/875
f 516/516 885/885 518/518
f 885/885 886/886 518/518
f 518/518 886/886 887/887
f 886/886 888/888 887/887
f 887/887 888/888 889/889
f 888/888 890/890 889/889
f 889/889 890/890 891/891
f 890/890 892/892 891/891
f 891/891 892/892 893/893
f 887/887 889/889 528/528
f 889/889 894/894 528/528
f 528/528 894/894 530/530
f 894/894 895/895 530/530
f 530/530 895/895 532/532
f 895/895 896/896 532/532
f 532/532 896/896 548/548
f 896/896 897/897 548/548
f 548/548 897/897 898/898
f 897/897 899/899 898/898
f 898/898 899/899 552/552
f 899/899 900/900 552/552
f 552/552 900/900 554/554
f 899/899 897/897 901/901
f 897/897 902/902 901/901
f 901/901 902/902 893/893
f 902/902 903/903 893/893
f 893/893 903/903 891/891
f 903/903 895/895 891/891
f 891/891 895/895 894/894
f 895/895 903/903 896/896
f 903/903 902/902 896/896
f 896/896 902/902 897/897
f 872/872 878/878 870/870
f 878/878 880/880 870/870
f 870/870 880/880 868/868
f 880/880 882/882 868/868
f 868/868 882/882 866/866
f 882/882 864/864 866/866
f 892/892 890/890 904/904
f 890/890 888/888 904/904
f 904/904 888/888 905/905
f 888/888 886/886 905/905
f 905/905 886/886 885/885
f 552/552 550/550 898/898
f 550/550 548/548 898/898
f 855/855 906/906 857/857
f 906/906 907/907 857/857
f 857/857 907/907 859/859
f 907/907 861/861 859/859
f 907/907 908/908 861/861
f 908/908 909/909 861/861
f 861/861 909/909 863/863
f 909/909 910/910 863/863
f 863/863 910/910 911/911
f 910/910 912/912 911/911
f 911/911 912/912 913/913
f 912/912 914/914 913/913
f 913/913 914/914 915/915
f 914/914 916/916 915/915
f 915/915 916/916 917/917
f 916/916 918/918 917/917
f 917/917 918/918 919/919
f 918/918 920/920 919/919
f 919/919 920/920 921/921
f 920/920 922/922 921/921
f 921/921 922/922 923/923
f 922/922 924/924 923/923
f 923/923 924/924 519/519
f 924/924 925/925 519/519
f 519/519 925/925 517/517
f 925/925 515/515 517/517
f 921/921 926/926 919/919
f 926/926 927/927 919/919
f 919/919 927/927 928/928
f 927/927 761/761 928/928
f 928/928 761/761 915/915
f 761/761 929/929 915/915
f 915/915 929/929 913/913
f 929/929 930/930 913/913
f 913/913 930/930 931/931
f 930/930 758/758 931/931
f 931/931 758/758 932/932
f 758/758 933/933 932/932
f 932/932 933/933 934/934
f 933/933 935/935 934/934
f 934/934 935/935 871/871
f 935/935 936/936 871/871
f 871/871 936/936 873/873
f 936/936 937/937 873/873
f 873/873 937/937 705/705
f 937/937 707/707 705/705
f 932/932 934/934 938/938
f 934/934 867/867 938/938
f 938/938 867/867 931/931
f 867/867 865/865 931/931
f 931/931 865/865 911/911
f 865/865 863/863 911/911
f 867/867 934/934 869/869
f 934/934 871/871 869/869
f 795/795 792/792 815/815
f 792/792 736/736 815/815
f 854/854 856/856 852/852
f 856/856 858/858 852/852
f 852/852 858/858 850/850
f 807/807 809/809 628/628
f 809/809 626/626 628/628
f 626/626 809/809 624/624
f 809/809 583/583 624/624
f 624/624 583/583 585/585
f 585/585 587/587 624/624
f 587/587 939/939 624/624
f 624/624 939/939 622/622
f 939/939 620/620 622/622
f 587/587 616/616 939/939
f 616/616 618/618 939/939
f 939/939 618/618 620/620
f 846/846 844/844 940/940
f 844/844 941/941 940/940
f 940/940 941/941 942/942
f 941/941 943/943 942/942
f 942/942 943/943 944/944
f 943/943 945/945 944/944
f 945/945 943/943 946/946
f 943/943 941/941 946/946
f 946/946 941/941 947/947
f 941/941 842/842 947/947
f 947/947 842/842 840/840
f 945/945 946/946 948/948
f 946/946 949/949 948/948
f 948/948 949/949 950/950
f 949/949 951/951 950/950
f 950/950 951/951 952/952
f 951/951 953/953 952/952
f 952/952 953/953 604/604
f 953/953 606/606 604/604
f 606/606 953/953 835/835
f 953/953 951/951 835/835
f 835/835 951/951 836/836
f 951/951 949/949 836/836
f 836/836 949/949 838/838
f 949/949 840/840 838/838
f 840/840 949/949 947/947
f 949/949 946/946 947/947
f 553/553 555/555 551/551
f 555/555 954/954 551/551
f 551/551 954/954 549/549
f 954/954 547/547 549/549
f 954/954 555/555 955/955
f 555/555 557/557 955/955
f 955/955 557/557 825/825
f 557/557 559/559 825/825
f 825/825 823/823 955/955
f 823/823 956/956 955/955
f 955/955 956/956 954/954
f 956/956 547/547 954/954
f 547/547 956/956 545/545
f 956/956 823/823 545/545
f 545/545 823/823 820/820
f 761/761 927/927 763/763
f 927/927 765/765 763/763
f 927/927 926/926 765/765
f 926/926 767/767 765/765
f 926/926 921/921 767/767
f 921/921 769/769 767/767
f 921/921 923/923 769/769
f 923/923 519/519 769/769
f 663/663 687/687 665/665
f 687/687 957/957 665/665
f 665/665 957/957 667/667
f 957/957 669/669 667/667
f 957/957 685/685 669/669
f 685/685 958/958 669/669
f 669/669 958/958 671/671
f 958/958 959/959 671/671
f 671/671 959/959 960/960
f 959/959 679/679 960/960
f 960/960 679/679 677/677
f 679/679 959/959 681/681
f 959/959 958/958 681/681
f 681/681 958/958 683/683
f 958/958 685/685 683/683
f 636/636 638/638 797/797
f 638/638 640/640 797/797
f 797/797 640/640 642/642
f 630/630 632/632 803/803
f 632/632 801/801 803/803
f 602/602 961/961 604/604
f 961/961 952/952 604/604
f 961/961 962/962 952/952
f 962/962 963/963 952/952
f 952/952 963/963 950/950
f 963/963 948/948 950/950
f 586/586 584/584 588/588
f 584/584 590/590 588/588
f 590/590 584/584 964/964
f 584/584 582/582 964/964
f 964/964 582/582 580/580
f 964/964 580/580 965/965
f 580/580 574/574 965/965
f 965/965 574/574 966/966
f 574/574 572/572 966/966
f 966/966 572/572 967/967
f 572/572 570/570 967/967
f 967/967 570/570 568/568
f 568/568 968/968 967/967
f 968/968 969/969 967/967
f 967/967 969/969 966/966
f 969/969 970/970 966/966
f 966/966 970/970 971/971
f 970/970 972/972 971/971
f 971/971 972/972 973/973
f 972/972 974/974 973/973
f 973/973 974/974 975/975
f 974/974 976/976 975/975
f 975/975 976/976 977/977
f 976/976 978/978 977/977
f 977/977 978/978 979/979
f 978/978 980/980 979/979
f 979/979 980/980 981/981
f 980/980 598/598 981/981
f 981/981 598/598 982/982
f 598/598 596/596 982/982
f 982/982 596/596 594/594
f 981/981 982/982 977/977
f 982/982 983/983 977/977
f 977/977 983/983 975/975
f 983/983 984/984 975/975
f 975/975 984/984 973/973
f 984/984 985/985 973/973
f 973/973 985/985 971/971
f 985/985 965/965 971/971
f 971/971 965/965 966/966
f 982/982 594/594 983/983
f 594/594 592/592 983/983
f 983/983 592/592 984/984
f 592/592 986/986 984/984
f 984/984 986/986 985/985
f 986/986 965/965 985/985
f 592/592 590/590 986/986
f 590/590 964/964 986/986
f 986/986 964/964 965/965
f 568/568 566/566 968/968
f 566/566 987/987 968/968
f 968/968 987/987 988/988
f 987/987 989/989 988/988
f 988/988 989/989 990/990
f 989/989 991/991 990/990
f 990/990 991/991 992/992
f 991/991 993/993 992/992
f 992/992 993/993 994/994
f 993/993 976/976 994/994
f 994/994 976/976 974/974
f 994/994 974/974 992/992
f 974/974 972/972 992/992
f 992/992 972/972 990/990
f 972/972 995/995 990/990
f 990/990 995/995 988/988
f 995/995 969/969 988/988
f 988/988 969/969 968/968
f 969/969 995/995 970/970
f 995/995 972/972 970/970
f 811/811 579/579 809/809
f 579/579 583/583 809/809
f 699/699 877/877 701/701
f 877/877 703/703 701/701
f 810/810 808/808 833/833
f 808/808 996/996 833/833
f 833/833 996/996 832/832
f 996/996 997/997 832/832
f 832/832 997/997 998/998
f 997/997 829/829 998/998
f 998/998 829/829 831/831
f 808/808 806/806 996/996
f 806/806 805/805 996/996
f 996/996 805/805 997/997
f 805/805 999/999 997/997
f 997/997 999/999 829/829
f 999/999 1000/1000 829/829
f 829/829 1000/1000 828/828
f 1000/1000 1001/1001 828/828
f 828/828 1001/1001 824/824
f 1001/1001 822/822 824/824
f 999/999 805/805 1000/1000
f 805/805 1002/1002 1000/1000
f 1000/1000 1002/1002 1001/1001
f 1002/1002 821/821 1001/1001
f 1001/1001 821/821 822/822
f 805/805 804/804 1002/1002
f 804/804 802/802 1002/1002
f 1002/1002 802/802 821/821
f 930/930 929/929 758/758
f 929/929 759/759 758/758
f 759/759 929/929 760/760
f 929/929 761/761 760/760
f 680/680 772/772 678/678
f 772/772 676/676 678/678
f 772/772 1003/1003 676/676
f 1003/1003 1004/1004 676/676
f 676/676 1004/1004 674/674
f 1004/1004 1005/1005 674/674
f 674/674 1005/1005 672/672
f 1005/1005 1006/1006 672/672
f 672/672 1006/1006 668/668
f 1006/1006 1007/1007 668/668
f 668/668 1007/1007 1008/1008
f 1007/1007 1009/1009 1008/1008
f 1008/1008 1009/1009 1010/1010
f 1009/1009 1011/1011 1010/1010
f 1010/1010 1011/1011 1012/1012
f 1011/1011 660/660 1012/1012
f 1012/1012 660/660 662/662
f 1005/1005 1004/1004 1009/1009
f 1004/1004 1003/1003 1009/1009
f 1009/1009 1003/1003 1011/1011
f 1003/1003 1013/1013 1011/1011
f 1011/1011 1013/1013 660/660
f 1013/1013 1014/1014 660/660
f 660/660 1014/1014 658/658
f 1014/1014 1015/1015 658/658
f 658/658 1015/1015 656/656
f 1015/1015 778/778 656/656
f 656/656 778/778 780/780
f 656/656 780/780 654/654
f 780/780 782/782 654/654
f 654/654 782/782 652/652
f 782/782 1016/1016 652/652
f 652/652 1016/1016 650/650
f 1016/1016 648/648 650/650
f 782/782 784/784 1016/1016
f 784/784 786/786 1016/1016
f 1016/1016 786/786 1017/1017
f 786/786 788/788 1017/1017
f 1017/1017 788/788 646/646
f 788/788 793/793 646/646
f 646/646 793/793 644/644
f 793/793 794/794 644/644
f 644/644 794/794 642/642
f 646/646 648/648 1017/1017
f 648/648 1016/1016 1017/1017
f 772/772 774/774 1003/1003
f 774/774 1018/1018 1003/1003
f 1003/1003 1018/1018 1019/1019
f 1018/1018 776/776 1019/1019
f 1019/1019 776/776 778/778
f 778/778 1015/1015 1019/1019
f 1015/1015 1013/1013 1019/1019
f 1019/1019 1013/1013 1003/1003
f 1009/1009 1007/1007 1005/1005
f 1007/1007 1006/1006 1005/1005
f 668/668 1008/1008 666/666
f 1008/1008 664/664 666/666
f 1008/1008 1010/1010 664/664
f 1010/1010 1012/1012 664/664
f 664/664 1012/1012 662/662
f 657/657 655/655 691/691
f 655/655 1020/1020 691/691
f 691/691 1020/1020 1021/1021
f 1020/1020 653/653 1021/1021
f 1021/1021 653/653 1022/1022
f 653/653 1023/1023 1022/1022
f 1022/1022 1023/1023 1024/1024
f 1023/1023 1025/1025 1024/1024
f 1024/1024 1025/1025 1026/1026
f 1025/1025 1027/1027 1026/1026
f 1026/1026 1027/1027 1028/1028
f 1027/1027 1029/1029 1028/1028
f 1028/1028 1029/1029 1030/1030
f 1029/1029 1031/1031 1030/1030
f 1030/1030 1031/1031 1024/1024
f 1031/1031 1032/1032 1024/1024
f 1024/1024 1032/1032 1033/1033
f 1032/1032 1034/1034 1033/1033
f 1033/1033 1034/1034 1035/1035
f 1034/1034 1036/1036 1035/1035
f 1035/1035 1036/1036 1037/1037
f 1036/1036 1038/1038 1037/1037
f 1037/1037 1038/1038 1039/1039
f 1038/1038 1040/1040 1039/1039
f 1039/1039 1040/1040 1041/1041
f 1040/1040 1042/1042 1041/1041
f 1041/1041 1042/1042 1043/1043
f 1042/1042 1044/1044 1043/1043
f 1043/1043 1044/1044 1045/1045
f 1044/1044 1046/1046 1045/1045
f 1045/1045 1046/1046 1047/1047
f 1046/1046 1048/1048 1047/1047
f 1047/1047 1048/1048 1049/1049
f 1048/1048 1050/1050 1049/1049
f 1049/1049 1050/1050 1051/1051
f 1050/1050 1052/1052 1051/1051
f 1051/1051 1052/1052 1053/1053
f 1052/1052 1054/1054 1053/1053
f 1053/1053 1054/1054 1055/1055
f 1054/1054 1056/1056 1055/1055
f 1055/1055 1056/1056 1057/1057
f 1056/1056 1058/1058 1057/1057
f 1057/1057 1058/1058 1059/1059
f 1058/1058 1060/1060 1059/1059
f 1059/1059 1060/1060 1061/1061
f 1060/1060 1062/1062 1061/1061
f 1061/1061 1062/1062 1063/1063
f 1062/1062 1064/1064 1063/1063
f 1063/1063 1064/1064 1065/1065
f 1064/1064 1066/1066 1065/1065
f 1065/1065 1066/1066 1067/1067
f 1066/1066 1068/1068 1067/1067
f 1067/1067 1068/1068 1069/1069
f 1068/1068 1070/1070 1069/1069
f 1069/1069 1070/1070 1071/1071
f 1070/1070 1072/1072 1071/1071
f 1071/1071 1072/1072 1073/1073
f 1072/1072 1074/1074 1073/1073
f 1073/1073 1074/1074 1075/1075
f 1074/1074 1076/1076 1075/1075
f 1075/1075 1076/1076 1077/1077
f 1076/1076 1078/1078 1077/1077
f 1077/1077 1078/1078 1079/1079
f 1078/1078 1080/1080 1079/1079
f 1079/1079 1080/1080 1081/1081
f 1080/1080 1082/1082 1081/1081
f 1081/1081 1082/1082 1083/1083
f 1082/1082 1084/1084 1083/1083
f 1083/1083 1084/1084 1085/1085
f 1084/1084 1086/1086 1085/1085
f 1085/1085 1086/1086 1087/1087
f 1086/1086 1088/1088 1087/1087
f 1087/1087 1088/1088 1089/1089
f 1088/1088 1090/1090 1089/1089
f 1089/1089 1090/1090 1091/1091
f 1090/1090 1092/1092 1091/1091
f 1091/1091 1092/1092 653/653
f 1092/1092 1023/1023 653/653
f 1087/1087 1089/1089 1093/1093
f 1089/1089 1091/1091 1093/1093
f 1093/1093 1091/1091 1081/1081
f 1091/1091 1094/1094 1081/1081
f 1081/1081 1094/1094 1095/1095
f 1094/1094 1096/1096 1095/1095
f 1095/1095 1096/1096 1097/1097
f 1096/1096 1098/1098 1097/1097
f 1097/1097 1098/1098 1099/1099
f 1098/1098 1100/1100 1099/1099
f 1099/1099 1100/1100 1101/1101
f 1100/1100 1102/1102 1101/1101
f 1101/1101 1102/1102 1103/1103
f 1102/1102 1104/1104 1103/1103
f 1103/1103 1104/1104 1105/1105
f 1104/1104 1106/1106 1105/1105
f 1105/1105 1106/1106 1055/1055
f 1106/1106 1107/1107 1055/1055
f 1055/1055 1107/1107 1108/1108
f 1107/1107 1109/1109 1108/1108
f 1108/1108 1109/1109 1051/1051
f 1109/1109 1110/1110 1051/1051
f 1051/1051 1110/1110 1049/1049
f 1110/1110 1111/1111 1049/1049
f 1049/1049 1111/1111 1047/1047
f 1111/1111 1112/1112 1047/1047
f 1047/1047 1112/1112 1113/1113
f 1112/1112 1114/1114 1113/1113
f 1113/1113 1114/1114 1115/1115
f 1114/1114 1116/1116 1115/1115
f 1115/1115 1116/1116 1117/1117
f 1116/1116 1035/1035 1117/1117
f 1117/1117 1035/1035 1037/1037
f 1104/1104 1102/1102 1118/1118
f 1102/1102 1119/1119 1118/1118
f 1118/1118 1119/1119 1120/1120
f 1119/1119 1121/1121 1120/1120
f 1120/1120 1121/1121 1122/1122
f 1121/1121 1123/1123 1122/1122
f 1122/1122 1123/1123 1124/1124
f 1123/1123 1125/1125 1124/1124
f 1124/1124 1125/1125 1126/1126
f 1125/1125 1127/1127 1126/1126
f 1126/1126 1127/1127 1128/1128
f 1127/1127 1129/1129 1128/1128
f 1128/1128 1129/1129 1130/1130
f 1129/1129 1131/1131 1130/1130
f 1130/1130 1131/1131 1132/1132
f 1131/1131 1133/1133 1132/1132
f 1132/1132 1133/1133 1134/1134
f 1133/1133 1135/1135 1134/1134
f 1134/1134 1135/1135 1136/1136
f 1135/1135 1137/1137 1136/1136
f 1136/1136 1137/1137 1138/1138
f 1137/1137 1139/1139 1138/1138
f 1138/1138 1139/1139 1140/1140
f 1139/1139 1141/1141 1140/1140
f 1140/1140 1141/1141 1123/1123
f 1141/1141 1142/1142 1123/1123
f 1123/1123 1142/1142 1143/1143
f 1142/1142 1144/1144 1143/1143
f 1143/1143 1144/1144 1145/1145
f 1144/1144 1146/1146 1145/1145
f 1145/1145 1146/1146 1147/1147
f 1146/1146 1148/1148 1147/1147
f 1147/1147 1148/1148 1127/1127
f 1148/1148 1149/1149 1127/1127
f 1127/1127 1149/1149 1150/1150
f 1149/1149 1148/1148 1150/1150
f 1150/1150 1148/1148 1133/1133
f 1148/1148 1151/1151 1133/1133
f 1133/1133 1151/1151 1135/1135
f 1151/1151 1152/1152 1135/1135
f 1135/1135 1152/1152 1153/1153
f 1152/1152 1154/1154 1153/1153
f 1153/1153 1154/1154 1142/1142
f 1154/1154 1144/1144 1142/1142
f 1120/1120 1122/1122 1155/1155
f 1122/1122 1124/1124 1155/1155
f 1155/1155 1124/1124 1156/1156
f 1124/1124 1157/1157 1156/1156
f 1156/1156 1157/1157 1158/1158
f 1157/1157 1159/1159 1158/1158
f 1158/1158 1159/1159 1160/1160
f 1159/1159 1138/1138 1160/1160
f 1160/1160 1138/1138 1161/1161
f 1138/1138 1162/1162 1161/1161
f 1161/1161 1162/1162 1163/1163
f 1162/1162 1100/1100 1163/1163
f 1163/1163 1100/1100 1164/1164
f 1100/1100 1098/1098 1164/1164
f 1164/1164 1098/1098 1165/1165
f 1098/1098 1096/1096 1165/1165
f 1165/1165 1096/1096 1166/1166
f 1096/1096 1167/1167 1166/1166
f 1166/1166 1167/1167 1168/1168
f 1167/1167 1169/1169 1168/1168
f 1168/1168 1169/1169 1170/1170
f 1169/1169 1171/1171 1170/1170
f 1170/1170 1171/1171 1172/1172
f 1171/1171 1173/1173 1172/1172
f 1172/1172 1173/1173 1174/1174
f 1173/1173 1175/1175 1174/1174
f 1174/1174 1175/1175 1176/1176
f 1175/1175 1177/1177 1176/1176
f 1176/1176 1177/1177 1178/1178
f 1177/1177 1179/1179 1178/1178
f 1178/1178 1179/1179 1180/1180
f 1179/1179 1181/1181 1180/1180
f 1180/1180 1181/1181 1182/1182
f 1181/1181 1183/1183 1182/1182
f 1182/1182 1183/1183 1184/1184
f 1183/1183 1185/1185 1184/1184
f 1184/1184 1185/1185 1186/1186
f 1185/1185 1187/1187 1186/1186
f 1186/1186 1187/1187 1188/1188
f 1187/1187 1189/1189 1188/1188
f 1188/1188 1189/1189 1190/1190
f 1189/1189 1191/1191 1190/1190
f 1190/1190 1191/1191 1192/1192
f 1191/1191 1193/1193 1192/1192
f 1192/1192 1193/1193 1194/1194
f 1193/1193 710/710 1194/1194
f 1194/1194 710/710 1195/1195
f 710/710 712/712 1195/1195
f 1195/1195 712/712 714/714
f 1161/1161 1163/1163 1196/1196
f 1163/1163 1164/1164 1196/1196
f 1196/1196 1164/1164 1197/1197
f 1164/1164 1198/1198 1197/1197
f 1197/1197 1198/1198 1199/1199
f 1198/1198 1200/1200 1199/1199
f 1199/1199 1200/1200 1158/1158
f 1200/1200 1201/1201 1158/1158
f 1158/1158 1201/1201 1202/1202
f 1201/1201 1203/1203 1202/1202
f 1202/1202 1203/1203 1204/1204
f 1203/1203 1205/1205 1204/1204
f 1204/1204 1205/1205 1120/1120
f 1205/1205 1206/1206 1120/1120
f 1120/1120 1206/1206 1118/1118
f 1206/1206 1110/1110 1118/1118
f 1118/1118 1110/1110 1104/1104
f 1110/1110 1109/1109 1104/1104
f 1104/1104 1109/1109 1106/1106
f 1109/1109 1107/1107 1106/1106
f 1206/1206 1207/1207 1110/1110
f 1207/1207 1208/1208 1110/1110
f 1110/1110 1208/1208 1111/1111
f 1208/1208 1209/1209 1111/1111
f 1111/1111 1209/1209 1210/1210
f 1209/1209 1211/1211 1210/1210
f 1210/1210 1211/1211 1212/1212
f 1211/1211 1213/1213 1212/1212
f 1212/1212 1213/1213 1214/1214
f 1213/1213 1192/1192 1214/1214
f 1214/1214 1192/1192 1215/1215
f 1192/1192 1194/1194 1215/1215
f 1215/1215 1194/1194 1216/1216
f 1194/1194 1195/1195 1216/1216
f 1216/1216 1195/1195 716/716
f 1195/1195 714/714 716/716
f 1192/1192 1213/1213 1190/1190
f 1213/1213 1217/1217 1190/1190
f 1190/1190 1217/1217 1188/1188
f 1217/1217 1218/1218 1188/1188
f 1188/1188 1218/1218 1186/1186
f 1218/1218 1219/1219 1186/1186
f 1186/1186 1219/1219 1220/1220
f 1219/1219 1221/1221 1220/1220
f 1220/1220 1221/1221 1222/1222
f 1221/1221 1207/1207 1222/1222
f 1222/1222 1207/1207 1206/1206
f 1207/1207 1221/1221 1223/1223
f 1221/1221 1219/1219 1223/1223
f 1223/1223 1219/1219 1224/1224
f 1219/1219 1225/1225 1224/1224
f 1224/1224 1225/1225 1226/1226
f 1225/1225 1217/1217 1226/1226
f 1226/1226 1217/1217 1209/1209
f 1217/1217 1213/1213 1209/1209
f 1209/1209 1213/1213 1211/1211
f 1226/1226 1208/1208 1224/1224
f 1208/1208 1207/1207 1224/1224
f 1224/1224 1207/1207 1223/1223
f 1058/1058 1056/1056 1060/1060
f 1056/1056 1054/1054 1060/1060
f 1060/1060 1054/1054 1227/1227
f 1054/1054 1052/1052 1227/1227
f 1227/1227 1052/1052 1050/1050
f 1050/1050 1048/1048 1227/1227
f 1048/1048 1228/1228 1227/1227
f 1227/1227 1228/1228 1062/1062
f 1228/1228 1064/1064 1062/1062
f 1048/1048 1229/1229 1228/1228
f 1229/1229 1230/1230 1228/1228
f 1228/1228 1230/1230 1066/1066
f 1230/1230 1231/1231 1066/1066
f 1066/1066 1231/1231 1068/1068
f 1231/1231 1232/1232 1068/1068
f 1068/1068 1232/1232 1070/1070
f 1232/1232 1233/1233 1070/1070
f 1070/1070 1233/1233 1234/1234
f 1233/1233 1235/1235 1234/1234
f 1234/1234 1235/1235 1236/1236
f 1235/1235 1076/1076 1236/1236
f 1236/1236 1076/1076 1074/1074
f 1048/1048 1046/1046 1229/1229
f 1046/1046 1042/1042 1229/1229
f 1229/1229 1042/1042 1231/1231
f 1042/1042 1237/1237 1231/1231
f 1231/1231 1237/1237 1232/1232
f 1237/1237 1238/1238 1232/1232
f 1232/1232 1238/1238 1239/1239
f 1238/1238 1034/1034 1239/1239
f 1239/1239 1034/1034 1032/1032
f 1239/1239 1032/1032 1233/1233
f 1032/1032 1031/1031 1233/1233
f 1233/1233 1031/1031 1240/1240
f 1031/1031 1241/1241 1240/1240
f 1240/1240 1241/1241 1242/1242
f 1241/1241 1243/1243 1242/1242
f 1242/1242 1243/1243 1082/1082
f 1243/1243 1084/1084 1082/1082
f 1243/1243 1241/1241 1084/1084
f 1241/1241 1244/1244 1084/1084
f 1084/1084 1244/1244 1086/1086
f 1244/1244 1245/1245 1086/1086
f 1086/1086 1245/1245 1088/1088
f 1245/1245 1246/1246 1088/1088
f 1088/1088 1246/1246 1247/1247
f 1246/1246 1248/1248 1247/1247
f 1247/1247 1248/1248 1249/1249
f 1248/1248 1250/1250 1249/1249
f 1249/1249 1250/1250 1251/1251
f 1250/1250 1027/1027 1251/1251
f 1251/1251 1027/1027 1252/1252
f 1027/1027 1025/1025 1252/1252
f 1252/1252 1025/1025 1253/1253
f 1025/1025 1023/1023 1253/1253
f 1253/1253 1023/1023 1092/1092
f 1244/1244 1254/1254 1245/1245
f 1254/1254 1255/1255 1245/1245
f 1245/1245 1255/1255 1246/1246
f 1255/1255 1256/1256 1246/1246
f 1246/1246 1256/1256 1250/1250
f 1256/1256 1257/1257 1250/1250
f 1250/1250 1257/1257 1027/1027
f 1257/1257 1029/1029 1027/1027
f 1244/1244 1241/1241 1254/1254
f 1241/1241 1029/1029 1254/1254
f 1254/1254 1029/1029 1257/1257
f 1257/1257 1256/1256 1254/1254
f 1256/1256 1255/1255 1254/1254
f 1189/1189 1187/1187 1191/1191
f 1187/1187 1258/1258 1191/1191
f 1191/1191 1258/1258 1259/1259
f 1258/1258 1260/1260 1259/1259
f 1259/1259 1260/1260 1261/1261
f 1260/1260 1262/1262 1261/1261
f 1261/1261 1262/1262 1263/1263
f 1262/1262 1264/1264 1263/1263
f 1263/1263 1264/1264 704/704
f 1264/1264 1265/1265 704/704
f 704/704 1265/1265 702/702
f 1265/1265 1266/1266 702/702
f 702/702 1266/1266 700/700
f 1266/1266 698/698 700/700
f 704/704 706/706 1263/1263
f 706/706 708/708 1263/1263
f 1263/1263 708/708 1261/1261
f 708/708 710/710 1261/1261
f 1261/1261 710/710 1267/1267
f 710/710 1193/1193 1267/1267
f 1267/1267 1193/1193 1191/1191
f 1191/1191 1259/1259 1267/1267
f 1259/1259 1261/1261 1267/1267
f 1034/1034 1238/1238 1036/1036
f 1238/1238 1038/1038 1036/1036
f 1038/1038 1238/1238 1040/1040
f 1238/1238 1237/1237 1040/1040
f 1040/1040 1237/1237 1042/1042
f 1138/1138 1140/1140 1162/1162
f 1140/1140 1123/1123 1162/1162
f 1162/1162 1123/1123 1268/1268
f 1123/1123 1119/1119 1268/1268
f 1268/1268 1119/1119 1102/1102
f 1268/1268 1102/1102 1269/1269
f 1102/1102 1100/1100 1269/1269
f 1269/1269 1100/1100 1270/1270
f 1100/1100 1162/1162 1270/1270
f 1270/1270 1162/1162 1268/1268
f 1055/1055 1108/1108 1053/1053
f 1108/1108 1051/1051 1053/1053
f 1127/1127 1150/1150 1129/1129
f 1150/1150 1131/1131 1129/1129
f 1055/1055 1057/1057 1105/1105
f 1057/1057 1059/1059 1105/1105
f 1105/1105 1059/1059 1069/1069
f 1059/1059 1061/1061 1069/1069
f 1069/1069 1061/1061 1067/1067
f 1061/1061 1063/1063 1067/1067
f 1067/1067 1063/1063 1065/1065
f 1105/1105 1069/1069 1271/1271
f 1069/1069 1071/1071 1271/1271
f 1271/1271 1071/1071 1073/1073
f 1073/1073 1272/1272 1271/1271
f 1272/1272 1273/1273 1271/1271
f 1271/1271 1273/1273 1101/1101
f 1273/1273 1274/1274 1101/1101
f 1101/1101 1274/1274 1099/1099
f 1274/1274 1097/1097 1099/1099
f 1097/1097 1274/1274 1275/1275
f 1274/1274 1276/1276 1275/1275
f 1275/1275 1276/1276 1277/1277
f 1276/1276 1278/1278 1277/1277
f 1277/1277 1278/1278 1279/1279
f 1278/1278 1274/1274 1279/1279
f 1279/1279 1274/1274 1280/1280
f 1274/1274 1273/1273 1280/1280
f 1280/1280 1273/1273 1281/1281
f 1273/1273 1282/1282 1281/1281
f 1281/1281 1282/1282 1283/1283
f 1282/1282 1284/1284 1283/1283
f 1283/1283 1284/1284 1077/1077
f 1284/1284 1075/1075 1077/1077
f 1280/1280 1283/1283 1279/1279
f 1283/1283 1285/1285 1279/1279
f 1279/1279 1285/1285 1277/1277
f 1285/1285 1286/1286 1277/1277
f 1277/1277 1286/1286 1287/1287
f 1286/1286 1288/1288 1287/1287
f 1287/1287 1288/1288 1095/1095
f 1288/1288 1081/1081 1095/1095
f 1081/1081 1288/1288 1079/1079
f 1288/1288 1289/1289 1079/1079
f 1079/1079 1289/1289 1077/1077
f 1289/1289 1285/1285 1077/1077
f 1077/1077 1285/1285 1283/1283
f 1285/1285 1289/1289 1286/1286
f 1289/1289 1288/1288 1286/1286
f 1105/1105 1271/1271 1103/1103
f 1271/1271 1101/1101 1103/1103
f 1273/1273 1272/1272 1282/1282
f 1272/1272 1284/1284 1282/1282
f 1272/1272 1073/1073 1284/1284
f 1073/1073 1075/1075 1284/1284
f 1095/1095 1097/1097 1287/1287
f 1097/1097 1275/1275 1287/1287
f 1287/1287 1275/1275 1277/1277
f 1217/1217 1225/1225 1218/1218
f 1225/1225 1219/1219 1218/1218
f 1148/1148 1146/1146 1151/1151
f 1146/1146 1152/1152 1151/1151
f 1152/1152 1146/1146 1290/1290
f 1146/1146 1144/1144 1290/1290
f 1290/1290 1144/1144 1154/1154
f 1142/1142 1141/1141 1153/1153
f 1141/1141 1291/1291 1153/1153
f 1153/1153 1291/1291 1135/1135
f 1291/1291 1137/1137 1135/1135
f 1137/1137 1291/1291 1139/1139
f 1291/1291 1141/1141 1139/1139
f 1236/1236 1074/1074 1234/1234
f 1074/1074 1072/1072 1234/1234
f 1234/1234 1072/1072 1070/1070
f 1028/1028 1030/1030 1026/1026
f 1030/1030 1024/1024 1026/1026
f 1187/1187 1185/1185 1258/1258
f 1185/1185 1292/1292 1258/1258
f 1258/1258 1292/1292 1293/1293
f 1292/1292 619/619 1293/1293
f 1293/1293 619/619 617/617
f 1258/1258 1293/1293 1260/1260
f 1293/1293 617/617 1260/1260
f 1260/1260 617/617 1262/1262
f 617/617 1294/1294 1262/1262
f 1262/1262 1294/1294 1264/1264
f 1294/1294 1295/1295 1264/1264
f 1264/1264 1295/1295 1296/1296
f 1295/1295 695/695 1296/1296
f 1296/1296 695/695 696/696
f 696/696 1266/1266 1296/1296
f 1266/1266 1265/1265 1296/1296
f 1296/1296 1265/1265 1264/1264
f 1185/1185 1183/1183 1292/1292
f 1183/1183 621/621 1292/1292
f 1292/1292 621/621 619/619
f 1183/1183 1181/1181 621/621
f 1181/1181 623/623 621/621
f 623/623 1181/1181 625/625
f 1181/1181 1297/1297 625/625
f 625/625 1297/1297 627/627
f 1297/1297 1298/1298 627/627
f 627/627 1298/1298 629/629
f 1298/1298 631/631 629/629
f 1181/1181 1179/1179 1297/1297
f 1179/1179 1299/1299 1297/1297
f 1297/1297 1299/1299 1298/1298
f 1299/1299 1300/1300 1298/1298
f 1298/1298 1300/1300 631/631
f 1300/1300 633/633 631/631
f 1299/1299 1177/1177 1300/1300
f 1177/1177 1301/1301 1300/1300
f 1300/1300 1301/1301 1302/1302
f 1301/1301 1303/1303 1302/1302
f 1302/1302 1303/1303 1304/1304
f 1303/1303 1305/1305 1304/1304
f 1304/1304 1305/1305 1306/1306
f 1305/1305 1307/1307 1306/1306
f 1306/1306 1307/1307 1308/1308
f 1307/1307 1309/1309 1308/1308
f 1308/1308 1309/1309 647/647
f 1309/1309 1310/1310 647/647
f 647/647 1310/1310 649/649
f 1310/1310 1311/1311 649/649
f 649/649 1311/1311 651/651
f 1311/1311 1167/1167 651/651
f 651/651 1167/1167 1091/1091
f 1167/1167 1094/1094 1091/1091
f 1309/1309 1312/1312 1310/1310
f 1312/1312 1313/1313 1310/1310
f 1310/1310 1313/1313 1314/1314
f 1313/1313 1315/1315 1314/1314
f 1314/1314 1315/1315 1169/1169
f 1315/1315 1316/1316 1169/1169
f 1169/1169 1316/1316 1171/1171
f 1316/1316 1317/1317 1171/1171
f 1171/1171 1317/1317 1173/1173
f 1317/1317 1318/1318 1173/1173
f 1173/1173 1318/1318 1175/1175
f 1318/1318 1301/1301 1175/1175
f 1175/1175 1301/1301 1177/1177
f 1313/1313 1312/1312 1315/1315
f 1312/1312 1319/1319 1315/1315
f 1315/1315 1319/1319 1316/1316
f 1319/1319 1317/1317 1316/1316
f 1312/1312 1307/1307 1319/1319
f 1307/1307 1320/1320 1319/1319
f 1319/1319 1320/1320 1317/1317
f 1320/1320 1318/1318 1317/1317
f 1320/1320 1305/1305 1318/1318
f 1305/1305 1303/1303 1318/1318
f 1318/1318 1303/1303 1301/1301
f 1310/1310 1314/1314 1311/1311
f 1314/1314 1167/1167 1311/1311
f 647/647 645/645 1308/1308
f 645/645 643/643 1308/1308
f 1308/1308 643/643 1306/1306
f 643/643 1304/1304 1306/1306
f 643/643 641/641 1304/1304
f 641/641 639/639 1304/1304
f 1304/1304 639/639 1302/1302
f 639/639 637/637 1302/1302
f 1302/1302 637/637 1321/1321
f 637/637 635/635 1321/1321
f 1321/1321 635/635 633/633
f 633/633 1300/1300 1321/1321
f 1300/1300 1302/1302 1321/1321
f 617/617 692/692 1294/1294
f 692/692 693/693 1294/1294
f 1294/1294 693/693 1295/1295
f 693/693 694/694 1295/1295
f 1295/1295 694/694 695/695
f 1081/1081 1083/1083 1093/1093
f 1083/1083 1085/1085 1093/1093
f 1093/1093 1085/1085 1087/1087
f 1168/1168 1170/1170 1166/1166
f 1170/1170 1172/1172 1166/1166
f 1166/1166 1172/1172 1198/1198
f 1172/1172 1322/1322 1198/1198
f 1198/1198 1322/1322 1323/1323
f 1322/1322 1205/1205 1323/1323
f 1323/1323 1205/1205 1203/1203
f 1203/1203 1201/1201 1323/1323
f 1201/1201 1200/1200 1323/1323
f 1323/1323 1200/1200 1198/1198
f 1155/1155 1156/1156 1120/1120
f 1156/1156 1204/1204 1120/1120
f 1204/1204 1156/1156 1202/1202
f 1156/1156 1158/1158 1202/1202
f 1166/1166 1198/1198 1165/1165
f 1198/1198 1164/1164 1165/1165
f 543/543 819/819 541/541
f 819/819 539/539 541/541
f 1240/1240 1242/1242 1233/1233
f 1242/1242 1235/1235 1233/1233
f 1242/1242 1082/1082 1235/1235
f 1082/1082 1080/1080 1235/1235
f 1235/1235 1080/1080 1078/1078
f 576/576 574/574 578/578
f 574/574 580/580 578/578
f 1037/1037 1039/1039 1117/1117
f 1039/1039 1041/1041 1117/1117
f 1117/1117 1041/1041 1324/1324
f 1041/1041 1043/1043 1324/1324
f 1324/1324 1043/1043 1115/1115
f 1043/1043 1045/1045 1115/1115
f 1115/1115 1045/1045 1325/1325
f 1045/1045 1047/1047 1325/1325
f 1325/1325 1047/1047 1113/1113
f 919/919 928/928 917/917
f 928/928 915/915 917/917
f 1123/1123 1143/1143 1125/1125
f 1143/1143 1145/1145 1125/1125
f 1125/1125 1145/1145 1147/1147
f 1088/1088 1247/1247 1090/1090
f 1247/1247 1326/1326 1090/1090
f 1090/1090 1326/1326 1327/1327
f 1326/1326 1253/1253 1327/1327
f 1327/1327 1253/1253 1092/1092
f 1326/1326 1247/1247 1328/1328
f 1247/1247 1249/1249 1328/1328
f 1328/1328 1249/1249 1251/1251
f 1328/1328 1251/1251 1326/1326
f 1251/1251 1252/1252 1326/1326
f 1326/1326 1252/1252 1253/1253
f 914/914 912/912 916/916
f 912/912 910/910 916/916
f 916/916 910/910 1329/1329
f 910/910 1330/1330 1329/1329
f 1329/1329 1330/1330 1331/1331
f 1330/1330 1332/1332 1331/1331
f 1331/1331 1332/1332 1333/1333
f 1332/1332 1334/1334 1333/1333
f 1333/1333 1334/1334 1335/1335
f 1334/1334 1336/1336 1335/1335
f 1335/1335 1336/1336 1337/1337
f 1336/1336 1338/1338 1337/1337
f 916/916 1329/1329 918/918
f 1329/1329 1331/1331 918/918
f 918/918 1331/1331 920/920
f 1331/1331 1333/1333 920/920
f 920/920 1333/1333 922/922
f 1333/1333 1335/1335 922/922
f 922/922 1335/1335 924/924
f 1335/1335 1339/1339 924/924
f 924/924 1339/1339 1340/1340
f 1339/1339 1341/1341 1340/1340
f 1340/1340 1341/1341 515/515
f 1341/1341 1339/1339 1342/1342
f 1339/1339 1335/1335 1342/1342
f 1342/1342 1335/1335 1337/1337
f 910/910 909/909 1330/1330
f 909/909 908/908 1330/1330
f 1330/1330 908/908 1343/1343
f 908/908 907/907 1343/1343
f 1343/1343 907/907 1344/1344
f 907/907 1345/1345 1344/1344
f 1344/1344 1345/1345 1346/1346
f 1330/1330 1343/1343 1332/1332
f 1343/1343 1347/1347 1332/1332
f 1332/1332 1347/1347 1334/1334
f 1347/1347 1348/1348 1334/1334
f 1334/1334 1348/1348 1336/1336
f 1348/1348 1338/1338 1336/1336
f 1338/1338 1348/1348 1349/1349
f 1348/1348 1347/1347 1349/1349
f 1349/1349 1347/1347 1344/1344
f 1347/1347 1343/1343 1344/1344
f 532/532 548/548 534/534
f 548/548 546/546 534/534
f 534/534 546/546 544/544
f 534/534 544/544 536/536
f 544/544 1350/1350 536/536
f 536/536 1350/1350 538/538
f 1350/1350 540/540 538/538
f 540/540 1350/1350 542/542
f 1350/1350 544/544 542/542
f 1158/1158 1160/1160 1199/1199
f 1160/1160 1197/1197 1199/1199
f 1160/1160 1161/1161 1197/1197
f 1161/1161 1196/1196 1197/1197
f 522/522 520/520 524/524
f 520/520 526/526 524/524
f 520/520 518/518 526/526
f 518/518 887/887 526/526
f 526/526 887/887 528/528
f 515/515 925/925 1340/1340
f 925/925 924/924 1340/1340
f 744/744 745/745 742/742
f 745/745 1351/1351 742/742
f 742/742 1351/1351 814/814
f 1351/1351 813/813 814/814
f 745/745 746/746 1351/1351
f 746/746 747/747 1351/1351
f 1351/1351 747/747 1352/1352
f 747/747 816/816 1352/1352
f 1352/1352 816/816 813/813
f 816/816 747/747 1353/1353
f 747/747 1354/1354 1353/1353
f 1353/1353 1354/1354 535/535
f 1354/1354 747/747 535/535
f 535/535 537/537 1353/1353
f 537/537 816/816 1353/1353
f 598/598 980/980 600/600
f 980/980 1355/1355 600/600
f 600/600 1355/1355 602/602
f 558/558 1356/1356 560/560
f 1356/1356 1357/1357 560/560
f 560/560 1357/1357 562/562
f 1357/1357 1358/1358 562/562
f 562/562 1358/1358 564/564
f 1358/1358 1359/1359 564/564
f 564/564 1359/1359 1360/1360
f 1359/1359 1361/1361 1360/1360
f 1360/1360 1361/1361 1362/1362
f 1362/1362 987/987 1360/1360
f 987/987 566/566 1360/1360
f 1360/1360 566/566 564/564
f 734/734 791/791 732/732
f 791/791 1363/1363 732/732
f 732/732 1363/1363 1364/1364
f 1363/1363 787/787 1364/1364
f 1364/1364 787/787 1365/1365
f 787/787 785/785 1365/1365
f 1365/1365 785/785 1366/1366
f 785/785 1367/1367 1366/1366
f 1366/1366 1367/1367 1368/1368
f 1367/1367 1369/1369 1368/1368
f 1368/1368 1369/1369 726/726
f 1369/1369 1370/1370 726/726
f 726/726 1370/1370 724/724
f 1370/1370 1371/1371 724/724
f 724/724 1371/1371 1372/1372
f 1371/1371 1373/1373 1372/1372
f 1372/1372 1373/1373 1374/1374
f 1373/1373 1375/1375 1374/1374
f 1374/1374 1375/1375 781/781
f 1375/1375 1376/1376 781/781
f 781/781 1376/1376 783/783
f 1376/1376 785/785 783/783
f 785/785 1376/1376 1367/1367
f 1376/1376 1377/1377 1367/1367
f 1367/1367 1377/1377 1369/1369
f 1377/1377 1378/1378 1369/1369
f 1369/1369 1378/1378 1370/1370
f 1378/1378 1371/1371 1370/1370
f 1377/1377 1375/1375 1378/1378
f 1375/1375 1373/1373 1378/1378
f 1378/1378 1373/1373 1371/1371
f 1124/1124 1126/1126 1157/1157
f 1126/1126 1128/1128 1157/1157
f 1157/1157 1128/1128 1379/1379
f 1128/1128 1130/1130 1379/1379
f 1379/1379 1130/1130 1380/1380
f 1130/1130 1132/1132 1380/1380
f 1380/1380 1132/1132 1134/1134
f 1134/1134 1136/1136 1380/1380
f 1136/1136 1381/1381 1380/1380
f 1380/1380 1381/1381 1379/1379
f 1381/1381 1159/1159 1379/1379
f 1379/1379 1159/1159 1157/1157
f 1159/1159 1381/1381 1138/1138
f 1381/1381 1136/1136 1138/1138
f 724/724 1372/1372 722/722
f 1372/1372 720/720 722/722
f 1372/1372 1374/1374 720/720
f 1374/1374 1382/1382 720/720
f 720/720 1382/1382 718/718
f 1382/1382 1383/1383 718/718
f 718/718 1383/1383 716/716
f 1383/1383 1216/1216 716/716
f 1216/1216 1383/1383 1384/1384
f 1383/1383 1385/1385 1384/1384
f 1384/1384 1385/1385 1212/1212
f 1385/1385 1386/1386 1212/1212
f 1212/1212 1386/1386 1210/1210
f 1386/1386 1111/1111 1210/1210
f 1111/1111 1386/1386 1112/1112
f 1386/1386 1387/1387 1112/1112
f 1112/1112 1387/1387 1114/1114
f 1387/1387 1388/1388 1114/1114
f 1114/1114 1388/1388 1389/1389
f 1388/1388 1390/1390 1389/1389
f 1389/1389 1390/1390 1022/1022
f 1390/1390 1391/1391 1022/1022
f 1022/1022 1391/1391 1021/1021
f 1391/1391 1392/1392 1021/1021
f 1021/1021 1392/1392 691/691
f 1392/1392 1393/1393 691/691
f 691/691 1393/1393 689/689
f 1393/1393 688/688 689/689
f 1391/1391 1390/1390 1394/1394
f 1390/1390 1388/1388 1394/1394
f 1394/1394 1388/1388 1395/1395
f 1388/1388 1387/1387 1395/1395
f 1395/1395 1387/1387 775/775
f 1387/1387 1396/1396 775/775
f 775/775 1396/1396 777/777
f 1396/1396 1382/1382 777/777
f 777/777 1382/1382 779/779
f 1382/1382 1374/1374 779/779
f 779/779 1374/1374 781/781
f 1387/1387 1386/1386 1396/1396
f 1386/1386 1385/1385 1396/1396
f 1396/1396 1385/1385 1382/1382
f 1385/1385 1383/1383 1382/1382
f 1216/1216 1384/1384 1215/1215
f 1384/1384 1214/1214 1215/1215
f 775/775 773/773 1395/1395
f 773/773 1394/1394 1395/1395
f 773/773 1397/1397 1394/1394
f 1397/1397 1391/1391 1394/1394
f 1391/1391 1397/1397 1392/1392
f 1397/1397 1393/1393 1392/1392
f 1393/1393 1397/1397 688/688
f 1397/1397 1398/1398 688/688
f 688/688 1398/1398 686/686
f 1398/1398 684/684 686/686
f 684/684 1398/1398 771/771
f 1398/1398 1397/1397 771/771
f 771/771 1397/1397 773/773
f 732/732 1364/1364 730/730
f 1364/1364 1365/1365 730/730
f 730/730 1365/1365 1366/1366
f 1366/1366 1368/1368 730/730
f 1368/1368 728/728 730/730
f 1114/1114 1389/1389 1116/1116
f 1389/1389 1035/1035 1116/1116
f 1035/1035 1389/1389 1033/1033
f 1389/1389 1024/1024 1033/1033
f 1184/1184 1399/1399 1182/1182
f 1399/1399 1400/1400 1182/1182
f 1182/1182 1400/1400 1401/1401
f 1400/1400 1402/1402 1401/1401
f 1401/1401 1402/1402 1403/1403
f 1402/1402 1404/1404 1403/1403
f 1403/1403 1404/1404 1174/1174
f 1404/1404 1405/1405 1174/1174
f 1174/1174 1405/1405 1172/1172
f 1405/1405 1406/1406 1172/1172
f 1172/1172 1406/1406 1322/1322
f 1406/1406 1407/1407 1322/1322
f 1322/1322 1407/1407 1205/1205
f 1407/1407 1206/1206 1205/1205
f 1184/1184 1186/1186 1399/1399
f 1186/1186 1220/1220 1399/1399
f 1399/1399 1220/1220 1400/1400
f 1220/1220 1408/1408 1400/1400
f 1400/1400 1408/1408 1409/1409
f 1408/1408 1410/1410 1409/1409
f 1409/1409 1410/1410 1406/1406
f 1410/1410 1411/1411 1406/1406
f 1406/1406 1411/1411 1407/1407
f 1411/1411 1222/1222 1407/1407
f 1407/1407 1222/1222 1206/1206
f 1410/1410 1408/1408 1411/1411
f 1408/1408 1220/1220 1411/1411
f 1411/1411 1220/1220 1222/1222
f 1406/1406 1405/1405 1409/1409
f 1405/1405 1404/1404 1409/1409
f 1409/1409 1404/1404 1402/1402
f 1174/1174 1176/1176 1403/1403
f 1176/1176 1412/1412 1403/1403
f 1403/1403 1412/1412 1401/1401
f 1412/1412 1180/1180 1401/1401
f 1401/1401 1180/1180 1182/1182
f 1180/1180 1412/1412 1178/1178
f 1412/1412 1176/1176 1178/1178
f 933/933 758/758 1413/1413
f 758/758 756/756 1413/1413
f 1413/1413 756/756 1414/1414
f 756/756 755/755 1414/1414
f 1414/1414 755/755 754/754
f 933/933 1413/1413 935/935
f 1413/1413 1415/1415 935/935
f 935/935 1415/1415 936/936
f 1415/1415 1414/1414 936/936
f 936/936 1414/1414 1416/1416
f 1414/1414 1417/1417 1416/1416
f 1416/1416 1417/1417 711/711
f 1417/1417 713/713 711/711
f 713/713 1417/1417 754/754
f 1417/1417 1414/1414 754/754
f 936/936 1416/1416 937/937
f 1416/1416 1418/1418 937/937
f 937/937 1418/1418 707/707
f 1418/1418 709/709 707/707
f 709/709 1418/1418 711/711
f 1418/1418 1416/1416 711/711
f 1419/1419 1420/1420 1421/1421
f 1420/1420 1422/1422 1421/1421
f 1421/1421 1422/1422 1423/1423
f 1422/1422 1424/1424 1423/1423
f 1423/1423 1424/1424 1425/1425
f 1424/1424 1426/1426 1425/1425
f 1425/1425 1426/1426 1427/1427
f 1426/1426 1428/1428 1427/1427
f 1427/1427 1428/1428 1429/1429
f 1428/1428 1430/1430 1429/1429
f 1429/1429 1430/1430 285/285
f 1430/1430 283/283 285/285
f 1419/1419 1421/1421 1431/1431
f 1421/1421 1432/1432 1431/1431
f 1431/1431 1432/1432 1433/1433
f 1432/1432 1434/1434 1433/1433
f 1433/1433 1434/1434 1435/1435
f 1434/1434 1436/1436 1435/1435
f 1435/1435 1436/1436 1425/1425
f 1436/1436 1423/1423 1425/1425
f 1421/1421 1423/1423 1432/1432
f 1423/1423 1436/1436 1432/1432
f 1432/1432 1436/1436 1434/1434
f 283/283 1430/1430 281/281
f 1430/1430 1437/1437 281/281
f 281/281 1437/1437 1438/1438
f 1437/1437 1439/1439 1438/1438
f 1438/1438 1439/1439 1440/1440
f 1439/1439 1441/1441 1440/1440
f 1440/1440 1441/1441 274/274
f 1441/1441 273/273 274/274
f 1437/1437 1428/1428 1439/1439
f 1428/1428 1426/1426 1439/1439
f 1439/1439 1426/1426 1441/1441
f 1426/1426 1442/1442 1441/1441
f 1441/1441 1442/1442 272/272
f 1442/1442 1443/1443 272/272
f 272/272 1443/1443 271/271
f 1443/1443 1444/1444 271/271
f 271/271 1444/1444 268/268
f 1444/1444 270/270 268/268
f 1426/1426 1424/1424 1442/1442
f 1424/1424 1445/1445 1442/1442
f 1442/1442 1445/1445 1443/1443
f 1445/1445 1446/1446 1443/1443
f 1443/1443 1446/1446 1444/1444
f 1446/1446 1447/1447 1444/1444
f 1444/1444 1447/1447 270/270
f 1447/1447 1446/1446 1448/1448
f 1446/1446 1449/1449 1448/1448
f 1448/1448 1449/1449 1450/1450
f 1449/1449 1451/1451 1450/1450
f 1450/1450 1451/1451 1452/1452
f 1451/1451 1420/1420 1452/1452
f 1420/1420 1451/1451 1422/1422
f 1451/1451 1445/1445 1422/1422
f 1422/1422 1445/1445 1424/1424
f 1451/1451 1449/1449 1445/1445
f 1449/1449 1446/1446 1445/1445
f 1433/1433 1435/1435 1453/1453
f 1435/1435 1454/1454 1453/1453
f 1454/1454 1435/1435 1455/1455
f 1435/1435 1456/1456 1455/1455
f 1455/1455 1456/1456 1457/1457
f 1456/1456 1458/1458 1457/1457
f 1457/1457 1458/1458 1459/1459
f 1458/1458 1460/1460 1459/1459
f 1459/1459 1460/1460 1461/1461
f 1460/1460 287/287 1461/1461
f 1461/1461 287/287 289/289
f 1454/1454 1455/1455 1462/1462
f 1455/1455 1463/1463 1462/1462
f 1462/1462 1463/1463 293/293
f 1463/1463 1459/1459 293/293
f 293/293 1459/1459 1464/1464
f 1459/1459 1461/1461 1464/1464
f 1464/1464 1461/1461 289/289
f 1459/1459 1463/1463 1457/1457
f 1463/1463 1455/1455 1457/1457
f 281/281 1438/1438 279/279
f 1438/1438 1465/1465 279/279
f 279/279 1465/1465 277/277
f 1465/1465 276/276 277/277
f 1438/1438 1440/1440 1465/1465
f 1440/1440 1466/1466 1465/1465
f 1465/1465 1466/1466 276/276
f 1466/1466 275/275 276/276
f 275/275 1466/1466 274/274
f 1466/1466 1440/1440 274/274
f 293/293 1464/1464 291/291
f 1464/1464 289/289 291/291
f 1435/1435 1425/1425 1456/1456
f 1425/1425 1458/1458 1456/1456
f 1425/1425 1467/1467 1458/1458
f 1467/1467 1468/1468 1458/1458
f 1458/1458 1468/1468 287/287
f 1468/1468 285/285 287/287
f 285/285 1468/1468 1429/1429
f 1468/1468 1467/1467 1429/1429
f 1429/1429 1467/1467 1427/1427
f 1467/1467 1425/1425 1427/1427
f 1469/1469 1470/1470 1471/1471
f 1470/1470 1472/1472 1471/1471
f 1471/1471 1472/1472 1473/1473
f 1472/1472 1474/1474 1473/1473
f 1473/1473 1474/1474 1475/1475
f 1474/1474 1476/1476 1475/1475
f 1475/1475 1476/1476 1477/1477
f 1476/1476 1478/1478 1477/1477
f 1477/1477 1478/1478 1479/1479
f 1478/1478 1480/1480 1479/1479
f 1479/1479 1480/1480 1481/1481
f 1480/1480 1482/1482 1481/1481
f 1481/1481 1482/1482 1483/1483
f 1482/1482 1484/1484 1483/1483
f 1483/1483 1484/1484 1485/1485
f 1484/1484 1486/1486 1485/1485
f 1485/1485 1486/1486 1487/1487
f 1486/1486 1488/1488 1487/1487
f 1487/1487 1488/1488 1489/1489
f 1488/1488 1490/1490 1489/1489
f 1482/1482 1480/1480 1484/1484
f 1480/1480 1491/1491 1484/1484
f 1484/1484 1491/1491 1486/1486
f 1491/1491 1492/1492 1486/1486
f 1486/1486 1492/1492 1493/1493
f 1492/1492 1494/1494 1493/1493
f 1493/1493 1494/1494 1495/1495
f 1494/1494 1496/1496 1495/1495
f 1495/1495 1496/1496 1490/1490
f 1480/1480 1478/1478 1491/1491
f 1478/1478 1476/1476 1491/1491
f 1491/1491 1476/1476 1492/1492
f 1476/1476 1474/1474 1492/1492
f 1492/1492 1474/1474 1494/1494
f 1474/1474 1472/1472 1494/1494
f 1494/1494 1472/1472 1497/1497
f 1472/1472 1498/1498 1497/1497
f 1497/1497 1498/1498 1499/1499
f 1497/1497 1499/1499 1494/1494
f 1499/1499 1496/1496 1494/1494
f 1470/1470 1500/1500 1472/1472
f 1500/1500 1498/1498 1472/1472
f 1490/1490 1488/1488 1495/1495
f 1488/1488 1493/1493 1495/1495
f 1469/1469 1471/1471 1501/1501
f 1471/1471 1502/1502 1501/1501
f 1501/1501 1502/1502 1503/1503
f 1502/1502 1504/1504 1503/1503
f 1503/1503 1504/1504 1505/1505
f 1504/1504 1506/1506 1505/1505
f 1471/1471 1473/1473 1502/1502
f 1473/1473 1475/1475 1502/1502
f 1502/1502 1475/1475 1507/1507
f 1475/1475 1508/1508 1507/1507
f 1507/1507 1508/1508 1509/1509
f 1508/1508 1510/1510 1509/1509
f 1509/1509 1510/1510 1511/1511
f 1510/1510 1512/1512 1511/1511
f 1511/1511 1512/1512 1513/1513
f 1512/1512 1514/1514 1513/1513
f 1513/1513 1514/1514 1515/1515
f 1514/1514 1516/1516 1515/1515
f 1515/1515 1516/1516 1517/1517
f 1516/1516 1518/1518 1517/1517
f 1514/1514 1512/1512 1519/1519
f 1512/1512 1479/1479 1519/1519
f 1519/1519 1479/1479 1520/1520
f 1479/1479 1481/1481 1520/1520
f 1520/1520 1481/1481 1521/1521
f 1481/1481 1483/1483 1521/1521
f 1521/1521 1483/1483 1522/1522
f 1483/1483 1523/1523 1522/1522
f 1522/1522 1523/1523 1524/1524
f 1523/1523 1525/1525 1524/1524
f 1479/1479 1512/1512 1477/1477
f 1512/1512 1510/1510 1477/1477
f 1477/1477 1510/1510 1508/1508
f 1505/1505 1526/1526 1503/1503
f 1526/1526 1501/1501 1503/1503
f 1517/1517 1527/1527 1515/1515
f 1527/1527 1528/1528 1515/1515
f 1515/1515 1528/1528 1513/1513
f 1528/1528 1529/1529 1513/1513
f 1513/1513 1529/1529 1530/1530
f 1529/1529 1531/1531 1530/1530
f 1530/1530 1531/1531 1532/1532
f 1531/1531 1533/1533 1532/1532
f 1532/1532 1533/1533 1534/1534
f 1533/1533 1535/1535 1534/1534
f 1527/1527 1536/1536 1528/1528
f 1536/1536 1537/1537 1528/1528
f 1528/1528 1537/1537 1529/1529
f 1537/1537 1531/1531 1529/1529
f 1536/1536 1538/1538 1537/1537
f 1538/1538 1539/1539 1537/1537
f 1537/1537 1539/1539 1540/1540
f 1537/1537 1540/1540 1531/1531
f 1540/1540 1541/1541 1531/1531
f 1531/1531 1541/1541 1542/1542
f 1531/1531 1542/1542 1533/1533
f 1542/1542 1543/1543 1533/1533
f 1533/1533 1543/1543 1535/1535
f 1518/1518 1516/1516 1544/1544
f 1516/1516 1545/1545 1544/1544
f 1544/1544 1545/1545 1546/1546
f 1545/1545 1547/1547 1546/1546
f 1516/1516 1519/1519 1545/1545
f 1519/1519 1520/1520 1545/1545
f 1545/1545 1520/1520 1521/1521
f 1545/1545 1521/1521 1547/1547
f 1521/1521 1548/1548 1547/1547
f 1548/1548 1521/1521 1549/1549
f 1521/1521 1522/1522 1549/1549
f 1549/1549 1522/1522 1524/1524
f 1525/1525 1523/1523 1550/1550
f 1523/1523 1485/1485 1550/1550
f 1550/1550 1485/1485 1551/1551
f 1485/1485 1487/1487 1551/1551
f 1551/1551 1487/1487 1552/1552
f 1552/1552 1553/1553 1551/1551
f 1553/1553 1550/1550 1551/1551
f 1506/1506 1504/1504 1554/1554
f 1504/1504 1555/1555 1554/1554
f 1554/1554 1555/1555 1556/1556
f 1555/1555 1557/1557 1556/1556
f 1556/1556 1557/1557 1558/1558
f 1557/1557 1559/1559 1558/1558
f 1558/1558 1559/1559 1560/1560
f 1559/1559 1511/1511 1560/1560
f 1560/1560 1511/1511 1513/1513
f 1555/1555 1502/1502 1557/1557
f 1502/1502 1507/1507 1557/1557
f 1557/1557 1507/1507 1559/1559
f 1507/1507 1509/1509 1559/1559
f 1559/1559 1509/1509 1511/1511
f 1554/1554 1556/1556 1561/1561
f 1556/1556 1562/1562 1561/1561
f 1562/1562 1556/1556 1563/1563
f 1556/1556 1564/1564 1563/1563
f 1563/1563 1564/1564 1565/1565
f 1564/1564 1566/1566 1565/1565
f 1565/1565 1566/1566 1567/1567
f 1566/1566 1568/1568 1567/1567
f 1556/1556 1558/1558 1564/1564
f 1558/1558 1569/1569 1564/1564
f 1564/1564 1569/1569 1570/1570
f 1569/1569 1532/1532 1570/1570
f 1570/1570 1532/1532 1571/1571
f 1532/1532 1534/1534 1571/1571
f 1571/1571 1534/1534 1572/1572
f 1532/1532 1569/1569 1530/1530
f 1569/1569 1560/1560 1530/1530
f 1530/1530 1560/1560 1513/1513
f 1571/1571 1572/1572 1570/1570
f 1572/1572 1573/1573 1570/1570
f 1570/1570 1573/1573 1568/1568
f 1568/1568 1566/1566 1570/1570
f 1566/1566 1564/1564 1570/1570
f 1562/1562 1563/1563 1574/1574
f 1563/1563 1575/1575 1574/1574
f 1563/1563 1565/1565 1575/1575
f 1565/1565 1567/1567 1575/1575
f 960/960 677/677 1576/1576
f 677/677 675/675 1576/1576
f 1576/1576 675/675 673/673
f 673/673 671/671 1576/1576
f 671/671 960/960 1576/1576
f 789/789 787/787 1577/1577
f 787/787 1363/1363 1577/1577
f 1577/1577 1363/1363 791/791
f 853/853 851/851 1578/1578
f 851/851 1579/1579 1578/1578
f 1578/1578 1579/1579 845/845
f 1579/1579 843/843 845/845
f 843/843 1579/1579 849/849
f 1579/1579 851/851 849/849
f 845/845 847/847 1578/1578
f 847/847 853/853 1578/1578
f 817/817 539/539 819/819
f 911/911 913/913 931/931
f 1167/1167 1314/1314 1169/1169
f 1015/1015 1014/1014 1013/1013
f 1022/1022 1024/1024 1389/1389
f 907/907 906/906 1345/1345
f 741/741 739/739 743/743
f 1094/1094 1167/1167 1096/1096
f 1152/1152 1290/1290 1154/1154
f 1042/1042 1046/1046 1044/1044
f 653/653 651/651 1091/1091
f 976/976 993/993 978/978
f 1029/1029 1241/1241 1031/1031
f 1384/1384 1212/1212 1214/1214
f 1305/1305 1320/1320 1307/1307
f 634/634 801/801 632/632
f 672/672 668/668 670/670
f 987/987 1362/1362 989/989
f 1228/1228 1066/1066 1064/1064
f 1227/1227 1062/1062 1060/1060
f 1117/1117 1324/1324 1115/1115
f 963/963 945/945 948/948
f 1229/1229 1231/1231 1230/1230
f 1121/1121 1119/1119 1123/1123
f 597/597 599/599 601/601
f 523/523 768/768 521/521
f 844/844 842/842 941/941
f 881/881 879/879 884/884
f 1246/1246 1250/1250 1248/1248
f 957/957 687/687 685/685
f 1125/1125 1147/1147 1127/1127
f 1076/1076 1235/1235 1078/1078
f 742/742 814/814 740/740
f 1413/1413 1414/1414 1415/1415
f 1299/1299 1179/1179 1177/1177
f 1359/1359 1358/1358 1361/1361
f 757/757 750/750 751/751
f 1375/1375 1377/1377 1376/1376
f 813/813 1351/1351 1352/1352
f 1349/1349 1344/1344 1346/1346
f 1307/1307 1312/1312 1309/1309
f 1113/1113 1115/1115 1325/1325
f 1133/1133 1131/1131 1150/1150
f 1368/1368 726/726 728/728
f 661/661 690/690 663/663
f 1577/1577 791/791 789/789
f 774/774 776/776 1018/1018
f 1400/1400 1409/1409 1402/1402
f 1270/1270 1268/1268 1269/1269
f 698/698 1266/1266 696/696
f 1239/1239 1233/1233 1232/1232
f 831/831 832/832 998/998
f 894/894 889/889 891/891
f 612/612 589/589 591/591
f 850/850 883/883 848/848
f 938/938 931/931 932/932
f 1226/1226 1209/1209 1208/1208
f 614/614 613/613 615/615
f 977/977 979/979 981/981
f 1092/1092 1090/1090 1327/1327
f 839/839 876/876 837/837
f 1280/1280 1281/1281 1283/1283
f 581/581 583/583 579/579
f 655/655 653/653 1020/1020
f 1276/1276 1274/1274 1278/1278
f 1477/1477 1508/1508 1475/1475
f 1516/1516 1514/1514 1519/1519
f 1555/1555 1504/1504 1502/1502
f 1486/1486 1493/1493 1488/1488
f 1569/1569 1558/1558 1560/1560
f 1483/1483 1485/1485 1523/1523
f 102/102 12/12 10/10
f 480/480 119/119 121/121
f 272/272 273/273 1441/1441
f 20/20 112/112 22/22
f 36/36 160/160 38/38
f 1460/1460 1458/1458 287/287
f 298/298 288/288 286/286
f 309/309 308/308 314/314
f 233/233 237/237 232/232
f 501/501 507/507 499/499
f 300/300 302/302 313/313
f 255/255 257/257 253/253
f 199/199 201/201 252/252
f 336/336 340/340 338/338
f 476/476 475/475 481/481
f 1437/1437 1430/1430 1428/1428
f 478/478 482/482 479/479
f 132/132 136/136 134/134
f 146/146 144/144 145/145
f 53/53 54/54 55/55
f 1580/1580 465/465 466/466
f 432/432 430/430 449/449
f 413/413 412/412 414/414
f 446/446 448/448 447/447
f 457/457 455/455 459/459
f 439/439 441/441 451/451
f 425/425 427/427 423/423
# num_faces: 2918
